Country,Segment,Fuel Type,Drive Train,Year,Registrations
AT,,DIESEL,Diesel,2010,5633
AT,,DIESEL,Diesel,2011,5885
AT,,DIESEL,Diesel,2012,7131
AT,,DIESEL,Diesel,2013,6591
AT,,DIESEL,Diesel,2014,4123
AT,,DIESEL,Diesel,2015,3264
AT,,DIESEL,Diesel,2016,1742
AT,,DIESEL,Diesel,2017,2422
AT,,DIESEL,Diesel,2018,2000
AT,,DIESEL,Diesel,2019,1527
AT,,DIESEL,Diesel,2020,830
AT,,DIESEL,Diesel,2021,479
AT,,DIESEL,Diesel,2022,455
AT,,DIESEL,Diesel,2023,371
AT,,DIESEL,HEV,2019,16
AT,,DIESEL,HEV,2020,20
AT,,DIESEL,HEV,2021,10
AT,,DIESEL,HEV,2022,9
AT,,DIESEL,HEV,2023,13
AT,,DIESEL/ELECTRIC,PHEV,2022,1
AT,,E85,Other,2010,4
AT,,E85,Other,2011,2
AT,,E85,Other,2012,2
AT,,ELECTRIC,BEV,2014,2
AT,,ELECTRIC,BEV,2015,122
AT,,ELECTRIC,BEV,2016,55
AT,,ELECTRIC,BEV,2017,41
AT,,ELECTRIC,BEV,2018,35
AT,,ELECTRIC,BEV,2019,41
AT,,ELECTRIC,BEV,2020,94
AT,,ELECTRIC,BEV,2021,99
AT,,ELECTRIC,BEV,2022,282
AT,,ELECTRIC,BEV,2023,1432
AT,,ELECTRIC,Other,2010,95
AT,,ELECTRIC,Other,2011,503
AT,,ELECTRIC,Other,2012,309
AT,,ELECTRIC,Other,2013,113
AT,,ELECTRIC,Other,2014,91
AT,,HYDROGEN,Other,2018,5
AT,,HYDROGEN,Other,2019,19
AT,,HYDROGEN,Other,2020,14
AT,,HYDROGEN,Other,2021,7
AT,,HYDROGEN,Other,2022,14
AT,,HYDROGEN,Other,2023,6
AT,,LPG,Other,2018,1
AT,,NG-BIOMETHANE,Other,2010,8
AT,,NG-BIOMETHANE,Other,2012,25
AT,,NG-BIOMETHANE,Other,2013,35
AT,,NG-BIOMETHANE,Other,2020,1
AT,,PETROL,HEV,2019,13
AT,,PETROL,HEV,2020,27
AT,,PETROL,HEV,2021,111
AT,,PETROL,HEV,2022,736
AT,,PETROL,HEV,2023,486
AT,,PETROL,Petrol,2010,5296
AT,,PETROL,Petrol,2011,5978
AT,,PETROL,Petrol,2012,5215
AT,,PETROL,Petrol,2013,5126
AT,,PETROL,Petrol,2014,3136
AT,,PETROL,Petrol,2015,2678
AT,,PETROL,Petrol,2016,1628
AT,,PETROL,Petrol,2017,1346
AT,,PETROL,Petrol,2018,1629
AT,,PETROL,Petrol,2019,1944
AT,,PETROL,Petrol,2020,1105
AT,,PETROL,Petrol,2021,552
AT,,PETROL,Petrol,2022,412
AT,,PETROL,Petrol,2023,218
AT,,PETROL-ELECTRIC,Other,2014,29
AT,,PETROL-ELECTRIC,Other,2015,4
AT,,PETROL-ELECTRIC,Other,2016,22
AT,,PETROL/ELECTRIC,PHEV,2019,57
AT,,PETROL/ELECTRIC,PHEV,2020,35
AT,,PETROL/ELECTRIC,PHEV,2021,126
AT,,PETROL/ELECTRIC,PHEV,2022,219
AT,,PETROL/ELECTRIC,PHEV,2023,412
AT,A,DIESEL,Diesel,2010,1537
AT,A,DIESEL,Diesel,2011,915
AT,A,DIESEL,Diesel,2012,1089
AT,A,DIESEL,Diesel,2013,2033
AT,A,DIESEL,Diesel,2014,1976
AT,A,DIESEL,Diesel,2015,3721
AT,A,DIESEL,Diesel,2016,3975
AT,A,DIESEL,Diesel,2017,3284
AT,A,DIESEL,Diesel,2018,2039
AT,A,DIESEL,Diesel,2019,810
AT,A,DIESEL,Diesel,2020,514
AT,A,DIESEL,Diesel,2021,202
AT,A,DIESEL,Diesel,2022,54
AT,A,DIESEL,Diesel,2023,468
AT,A,ELECTRIC,BEV,2014,387
AT,A,ELECTRIC,BEV,2015,337
AT,A,ELECTRIC,BEV,2016,904
AT,A,ELECTRIC,BEV,2017,1502
AT,A,ELECTRIC,BEV,2018,1397
AT,A,ELECTRIC,BEV,2019,1172
AT,A,ELECTRIC,BEV,2020,3704
AT,A,ELECTRIC,BEV,2021,5732
AT,A,ELECTRIC,BEV,2022,2217
AT,A,ELECTRIC,BEV,2023,2065
AT,A,ELECTRIC,Other,2010,15
AT,A,ELECTRIC,Other,2011,31
AT,A,ELECTRIC,Other,2012,12
AT,A,ELECTRIC,Other,2013,378
AT,A,ELECTRIC,Other,2014,219
AT,A,LPG,Other,2016,1
AT,A,NG,Other,2018,159
AT,A,NG,Other,2019,70
AT,A,NG,Other,2020,8
AT,A,NG,Other,2021,8
AT,A,NG,Other,2022,13
AT,A,NG-BIOMETHANE,Other,2010,51
AT,A,NG-BIOMETHANE,Other,2011,1
AT,A,NG-BIOMETHANE,Other,2012,5
AT,A,NG-BIOMETHANE,Other,2013,305
AT,A,NG-BIOMETHANE,Other,2014,235
AT,A,NG-BIOMETHANE,Other,2015,166
AT,A,NG-BIOMETHANE,Other,2016,141
AT,A,NG-BIOMETHANE,Other,2017,92
AT,A,NG-BIOMETHANE,Other,2020,20
AT,A,NG-BIOMETHANE,Other,2021,14
AT,A,PETROL,HEV,2020,1087
AT,A,PETROL,HEV,2021,3679
AT,A,PETROL,HEV,2022,2648
AT,A,PETROL,HEV,2023,2300
AT,A,PETROL,Petrol,2010,23561
AT,A,PETROL,Petrol,2011,22737
AT,A,PETROL,Petrol,2012,24178
AT,A,PETROL,Petrol,2013,18735
AT,A,PETROL,Petrol,2014,15730
AT,A,PETROL,Petrol,2015,18261
AT,A,PETROL,Petrol,2016,19225
AT,A,PETROL,Petrol,2017,18910
AT,A,PETROL,Petrol,2018,19398
AT,A,PETROL,Petrol,2019,21018
AT,A,PETROL,Petrol,2020,10793
AT,A,PETROL,Petrol,2021,7088
AT,A,PETROL,Petrol,2022,4383
AT,A,PETROL,Petrol,2023,6084
AT,A,PETROL-ELECTRIC,Other,2014,1
AT,A,PETROL-ELECTRIC,Other,2015,12
AT,A,PETROL-ELECTRIC,Other,2016,10
AT,A,PETROL/ELECTRIC,Other,2017,1
AT,A,PETROL/ELECTRIC,PHEV,2020,38
AT,A,PETROL/ELECTRIC,PHEV,2021,65
AT,A,PETROL/ELECTRIC,PHEV,2022,57
AT,A,PETROL/ELECTRIC,PHEV,2023,174
AT,B,DIESEL,Diesel,2010,21040
AT,B,DIESEL,Diesel,2011,21966
AT,B,DIESEL,Diesel,2012,19392
AT,B,DIESEL,Diesel,2013,16588
AT,B,DIESEL,Diesel,2014,15193
AT,B,DIESEL,Diesel,2015,16657
AT,B,DIESEL,Diesel,2016,12638
AT,B,DIESEL,Diesel,2017,10464
AT,B,DIESEL,Diesel,2018,7070
AT,B,DIESEL,Diesel,2019,4673
AT,B,DIESEL,Diesel,2020,3179
AT,B,DIESEL,Diesel,2021,1666
AT,B,DIESEL,Diesel,2022,1534
AT,B,DIESEL,Diesel,2023,918
AT,B,DIESEL,HEV,2019,4
AT,B,DIESEL,HEV,2020,667
AT,B,DIESEL,HEV,2021,568
AT,B,DIESEL,HEV,2022,1186
AT,B,DIESEL,HEV,2023,752
AT,B,E85,Other,2010,769
AT,B,E85,Other,2011,175
AT,B,E85,Other,2012,29
AT,B,ELECTRIC,BEV,2015,198
AT,B,ELECTRIC,BEV,2016,311
AT,B,ELECTRIC,BEV,2017,253
AT,B,ELECTRIC,BEV,2018,132
AT,B,ELECTRIC,BEV,2019,210
AT,B,ELECTRIC,BEV,2020,1235
AT,B,ELECTRIC,BEV,2021,1914
AT,B,ELECTRIC,BEV,2022,1180
AT,B,ELECTRIC,BEV,2023,1545
AT,B,ELECTRIC,Other,2010,1
AT,B,ELECTRIC,Other,2011,2
AT,B,ELECTRIC,Other,2012,5
AT,B,ELECTRIC,Other,2014,14
AT,B,LPG,Other,2011,1
AT,B,LPG,Other,2013,1
AT,B,LPG,Other,2016,1
AT,B,LPG,Other,2021,2
AT,B,LPG,Other,2022,1
AT,B,NG,Other,2018,84
AT,B,NG,Other,2019,88
AT,B,NG,Other,2020,50
AT,B,NG,Other,2021,4
AT,B,NG,Other,2022,30
AT,B,NG,Other,2023,2
AT,B,NG-BIOMETHANE,Other,2010,20
AT,B,NG-BIOMETHANE,Other,2011,46
AT,B,NG-BIOMETHANE,Other,2012,65
AT,B,NG-BIOMETHANE,Other,2013,23
AT,B,NG-BIOMETHANE,Other,2014,42
AT,B,NG-BIOMETHANE,Other,2015,65
AT,B,NG-BIOMETHANE,Other,2016,42
AT,B,NG-BIOMETHANE,Other,2017,34
AT,B,PETROL,HEV,2019,1457
AT,B,PETROL,HEV,2020,3637
AT,B,PETROL,HEV,2021,3887
AT,B,PETROL,HEV,2022,3086
AT,B,PETROL,HEV,2023,3726
AT,B,PETROL,Other,2012,2
AT,B,PETROL,Petrol,2010,64066
AT,B,PETROL,Petrol,2011,67100
AT,B,PETROL,Petrol,2012,60121
AT,B,PETROL,Petrol,2013,58116
AT,B,PETROL,Petrol,2014,54430
AT,B,PETROL,Petrol,2015,51654
AT,B,PETROL,Petrol,2016,53329
AT,B,PETROL,Petrol,2017,59823
AT,B,PETROL,Petrol,2018,55669
AT,B,PETROL,Petrol,2019,50437
AT,B,PETROL,Petrol,2020,32823
AT,B,PETROL,Petrol,2021,28174
AT,B,PETROL,Petrol,2022,24914
AT,B,PETROL,Petrol,2023,24985
AT,B,PETROL-ELECTRIC,Other,2016,155
AT,B,PETROL/ELECTRIC,Other,2017,249
AT,B,PETROL/ELECTRIC,Other,2018,323
AT,B,PETROL/ELECTRIC,PHEV,2019,271
AT,B,PETROL/ELECTRIC,PHEV,2020,28
AT,B,PETROL/ELECTRIC,PHEV,2021,51
AT,B,PETROL/ELECTRIC,PHEV,2022,182
AT,B,PETROL/ELECTRIC,PHEV,2023,544
AT,B,UNKNOWN,Other,2019,45
AT,C,CNG,Other,2012,1
AT,C,CNG,Other,2020,4
AT,C,DIESEL,Diesel,2010,66738
AT,C,DIESEL,Diesel,2011,74795
AT,C,DIESEL,Diesel,2012,61672
AT,C,DIESEL,Diesel,2013,53974
AT,C,DIESEL,Diesel,2014,54747
AT,C,DIESEL,Diesel,2015,52892
AT,C,DIESEL,Diesel,2016,53688
AT,C,DIESEL,Diesel,2017,48428
AT,C,DIESEL,Diesel,2018,33548
AT,C,DIESEL,Diesel,2019,32569
AT,C,DIESEL,Diesel,2020,23056
AT,C,DIESEL,Diesel,2021,15271
AT,C,DIESEL,Diesel,2022,12662
AT,C,DIESEL,Diesel,2023,13472
AT,C,DIESEL,HEV,2020,1312
AT,C,DIESEL,HEV,2021,2084
AT,C,DIESEL,HEV,2022,1837
AT,C,DIESEL,HEV,2023,1900
AT,C,DIESEL/ELECTRIC,Other,2017,10
AT,C,DIESEL/ELECTRIC,PHEV,2019,42
AT,C,DIESEL/ELECTRIC,PHEV,2020,188
AT,C,DIESEL/ELECTRIC,PHEV,2021,161
AT,C,DIESEL/ELECTRIC,PHEV,2022,92
AT,C,DIESEL/ELECTRIC,PHEV,2023,77
AT,C,E85,Other,2010,1024
AT,C,E85,Other,2011,971
AT,C,E85,Other,2012,454
AT,C,E85,Other,2013,15
AT,C,ELECTRIC,BEV,2015,290
AT,C,ELECTRIC,BEV,2016,1779
AT,C,ELECTRIC,BEV,2017,2245
AT,C,ELECTRIC,BEV,2018,3805
AT,C,ELECTRIC,BEV,2019,2917
AT,C,ELECTRIC,BEV,2020,3350
AT,C,ELECTRIC,BEV,2021,5101
AT,C,ELECTRIC,BEV,2022,6888
AT,C,ELECTRIC,BEV,2023,8329
AT,C,ELECTRIC,Other,2011,18
AT,C,ELECTRIC,Other,2012,64
AT,C,ELECTRIC,Other,2013,106
AT,C,ELECTRIC,Other,2014,432
AT,C,ELECTRIC,Other,2015,228
AT,C,HYBRID/PETROL/E,Petrol,2015,1
AT,C,LPG,Other,2012,32
AT,C,LPG,Other,2014,1
AT,C,LPG,Other,2022,2
AT,C,LPG,Other,2023,4
AT,C,NG,Other,2018,266
AT,C,NG,Other,2019,223
AT,C,NG,Other,2020,152
AT,C,NG,Other,2021,29
AT,C,NG,Other,2022,11
AT,C,NG,Other,2023,4
AT,C,NG-BIOMETHANE,Other,2010,58
AT,C,NG-BIOMETHANE,Other,2011,35
AT,C,NG-BIOMETHANE,Other,2012,64
AT,C,NG-BIOMETHANE,Other,2013,51
AT,C,NG-BIOMETHANE,Other,2014,317
AT,C,NG-BIOMETHANE,Other,2015,290
AT,C,NG-BIOMETHANE,Other,2016,182
AT,C,NG-BIOMETHANE,Other,2017,166
AT,C,PETROL,HEV,2019,2897
AT,C,PETROL,HEV,2020,4133
AT,C,PETROL,HEV,2021,6907
AT,C,PETROL,HEV,2022,5701
AT,C,PETROL,HEV,2023,8282
AT,C,PETROL,Petrol,2010,44994
AT,C,PETROL,Petrol,2011,42375
AT,C,PETROL,Petrol,2012,32081
AT,C,PETROL,Petrol,2013,31908
AT,C,PETROL,Petrol,2014,34306
AT,C,PETROL,Petrol,2015,30722
AT,C,PETROL,Petrol,2016,32638
AT,C,PETROL,Petrol,2017,42966
AT,C,PETROL,Petrol,2018,43500
AT,C,PETROL,Petrol,2019,37845
AT,C,PETROL,Petrol,2020,20837
AT,C,PETROL,Petrol,2021,16468
AT,C,PETROL,Petrol,2022,14556
AT,C,PETROL,Petrol,2023,13828
AT,C,PETROL-ELECTRIC,Other,2013,6
AT,C,PETROL-ELECTRIC,Other,2014,163
AT,C,PETROL-ELECTRIC,Other,2015,621
AT,C,PETROL-ELECTRIC,Other,2016,218
AT,C,PETROL/ELECTRIC,Other,2017,288
AT,C,PETROL/ELECTRIC,Other,2018,222
AT,C,PETROL/ELECTRIC,Other,2020,1
AT,C,PETROL/ELECTRIC,PHEV,2019,266
AT,C,PETROL/ELECTRIC,PHEV,2020,1366
AT,C,PETROL/ELECTRIC,PHEV,2021,3144
AT,C,PETROL/ELECTRIC,PHEV,2022,3095
AT,C,PETROL/ELECTRIC,PHEV,2023,2621
AT,D,CNG,Other,2020,15
AT,D,DIESEL,Diesel,2010,13871
AT,D,DIESEL,Diesel,2011,19203
AT,D,DIESEL,Diesel,2012,22089
AT,D,DIESEL,Diesel,2013,17670
AT,D,DIESEL,Diesel,2014,15500
AT,D,DIESEL,Diesel,2015,17248
AT,D,DIESEL,Diesel,2016,18522
AT,D,DIESEL,Diesel,2017,15892
AT,D,DIESEL,Diesel,2018,12317
AT,D,DIESEL,Diesel,2019,12410
AT,D,DIESEL,Diesel,2020,8897
AT,D,DIESEL,Diesel,2021,5700
AT,D,DIESEL,Diesel,2022,4441
AT,D,DIESEL,Diesel,2023,4561
AT,D,DIESEL,HEV,2019,410
AT,D,DIESEL,HEV,2020,1421
AT,D,DIESEL,HEV,2021,2026
AT,D,DIESEL,HEV,2022,2443
AT,D,DIESEL,HEV,2023,2445
AT,D,DIESEL-ELECTRIC,Other,2014,101
AT,D,DIESEL-ELECTRIC,Other,2015,167
AT,D,DIESEL-ELECTRIC,Other,2016,7
AT,D,DIESEL/ELECTRIC,Other,2017,6
AT,D,DIESEL/ELECTRIC,Other,2018,1
AT,D,DIESEL/ELECTRIC,PHEV,2020,3
AT,D,E85,Other,2010,47
AT,D,E85,Other,2011,38
AT,D,E85,Other,2012,28
AT,D,E85,Other,2013,8
AT,D,E85,Other,2014,4
AT,D,ELECTRIC,BEV,2019,2353
AT,D,ELECTRIC,BEV,2020,3131
AT,D,ELECTRIC,BEV,2021,3940
AT,D,ELECTRIC,BEV,2022,1480
AT,D,ELECTRIC,BEV,2023,2508
AT,D,LPG,Other,2011,10
AT,D,NG,Other,2018,17
AT,D,NG,Other,2019,3
AT,D,NG,Other,2021,6
AT,D,NG,Other,2022,1
AT,D,NG-BIOMETHANE,Other,2010,43
AT,D,NG-BIOMETHANE,Other,2011,92
AT,D,NG-BIOMETHANE,Other,2012,82
AT,D,NG-BIOMETHANE,Other,2013,51
AT,D,NG-BIOMETHANE,Other,2014,32
AT,D,NG-BIOMETHANE,Other,2017,12
AT,D,PETROL,HEV,2019,541
AT,D,PETROL,HEV,2020,661
AT,D,PETROL,HEV,2021,842
AT,D,PETROL,HEV,2022,823
AT,D,PETROL,HEV,2023,894
AT,D,PETROL,Petrol,2010,3445
AT,D,PETROL,Petrol,2011,3604
AT,D,PETROL,Petrol,2012,3706
AT,D,PETROL,Petrol,2013,2936
AT,D,PETROL,Petrol,2014,2487
AT,D,PETROL,Petrol,2015,1881
AT,D,PETROL,Petrol,2016,2297
AT,D,PETROL,Petrol,2017,4004
AT,D,PETROL,Petrol,2018,4077
AT,D,PETROL,Petrol,2019,2793
AT,D,PETROL,Petrol,2020,1055
AT,D,PETROL,Petrol,2021,1753
AT,D,PETROL,Petrol,2022,2764
AT,D,PETROL,Petrol,2023,2252
AT,D,PETROL-ELECTRIC,Other,2016,74
AT,D,PETROL/ELECTRIC,Other,2017,94
AT,D,PETROL/ELECTRIC,Other,2018,54
AT,D,PETROL/ELECTRIC,PHEV,2019,91
AT,D,PETROL/ELECTRIC,PHEV,2020,887
AT,D,PETROL/ELECTRIC,PHEV,2021,1177
AT,D,PETROL/ELECTRIC,PHEV,2022,789
AT,D,PETROL/ELECTRIC,PHEV,2023,1107
AT,E,DIESEL,Diesel,2010,8130
AT,E,DIESEL,Diesel,2011,8728
AT,E,DIESEL,Diesel,2012,8687
AT,E,DIESEL,Diesel,2013,8916
AT,E,DIESEL,Diesel,2014,7517
AT,E,DIESEL,Diesel,2015,8221
AT,E,DIESEL,Diesel,2016,9341
AT,E,DIESEL,Diesel,2017,8542
AT,E,DIESEL,Diesel,2018,7632
AT,E,DIESEL,Diesel,2019,5103
AT,E,DIESEL,Diesel,2020,2657
AT,E,DIESEL,Diesel,2021,2291
AT,E,DIESEL,Diesel,2022,1293
AT,E,DIESEL,Diesel,2023,1817
AT,E,DIESEL,HEV,2019,1602
AT,E,DIESEL,HEV,2020,813
AT,E,DIESEL,HEV,2021,728
AT,E,DIESEL,HEV,2022,858
AT,E,DIESEL,HEV,2023,979
AT,E,E85,Other,2010,1
AT,E,ELECTRIC,BEV,2021,127
AT,E,ELECTRIC,BEV,2022,1154
AT,E,ELECTRIC,BEV,2023,2676
AT,E,HYDROGEN,Other,2018,2
AT,E,HYDROGEN,Other,2021,7
AT,E,HYDROGEN,Other,2023,4
AT,E,NG-BIOMETHANE,Other,2010,32
AT,E,NG-BIOMETHANE,Other,2011,126
AT,E,NG-BIOMETHANE,Other,2012,92
AT,E,NG-BIOMETHANE,Other,2013,73
AT,E,NG-BIOMETHANE,Other,2014,42
AT,E,NG-BIOMETHANE,Other,2015,24
AT,E,PETROL,HEV,2019,148
AT,E,PETROL,HEV,2020,202
AT,E,PETROL,HEV,2021,226
AT,E,PETROL,HEV,2022,165
AT,E,PETROL,HEV,2023,307
AT,E,PETROL,Petrol,2010,1935
AT,E,PETROL,Petrol,2011,1811
AT,E,PETROL,Petrol,2012,1299
AT,E,PETROL,Petrol,2013,1242
AT,E,PETROL,Petrol,2014,747
AT,E,PETROL,Petrol,2015,576
AT,E,PETROL,Petrol,2016,904
AT,E,PETROL,Petrol,2017,1603
AT,E,PETROL,Petrol,2018,1647
AT,E,PETROL,Petrol,2019,1251
AT,E,PETROL,Petrol,2020,399
AT,E,PETROL,Petrol,2021,344
AT,E,PETROL,Petrol,2022,266
AT,E,PETROL,Petrol,2023,458
AT,E,PETROL-ELECTRIC,Other,2014,1
AT,E,PETROL-ELECTRIC,Other,2015,3
AT,E,PETROL/ELECTRIC,Other,2017,151
AT,E,PETROL/ELECTRIC,Other,2018,273
AT,E,PETROL/ELECTRIC,PHEV,2019,136
AT,E,PETROL/ELECTRIC,PHEV,2020,192
AT,E,PETROL/ELECTRIC,PHEV,2021,283
AT,E,PETROL/ELECTRIC,PHEV,2022,361
AT,E,PETROL/ELECTRIC,PHEV,2023,632
AT,F,DIESEL,Diesel,2010,5574
AT,F,DIESEL,Diesel,2011,6046
AT,F,DIESEL,Diesel,2012,8130
AT,F,DIESEL,Diesel,2013,7488
AT,F,DIESEL,Diesel,2014,6534
AT,F,DIESEL,Diesel,2015,5990
AT,F,DIESEL,Diesel,2016,4045
AT,F,DIESEL,Diesel,2017,4105
AT,F,DIESEL,Diesel,2018,3360
AT,F,DIESEL,Diesel,2019,2744
AT,F,DIESEL,Diesel,2020,2503
AT,F,DIESEL,Diesel,2021,2060
AT,F,DIESEL,Diesel,2022,1411
AT,F,DIESEL,Diesel,2023,1134
AT,F,DIESEL,HEV,2019,122
AT,F,DIESEL,HEV,2020,41
AT,F,DIESEL,HEV,2021,74
AT,F,DIESEL,HEV,2022,76
AT,F,DIESEL,HEV,2023,137
AT,F,DIESEL-ELECTRIC,Other,2014,2
AT,F,DIESEL-ELECTRIC,Other,2015,3
AT,F,DIESEL-ELECTRIC,Other,2016,2
AT,F,E85,Other,2011,18
AT,F,E85,Other,2012,33
AT,F,E85,Other,2013,6
AT,F,ELECTRIC,BEV,2015,492
AT,F,ELECTRIC,BEV,2016,575
AT,F,ELECTRIC,BEV,2017,586
AT,F,ELECTRIC,BEV,2018,286
AT,F,ELECTRIC,BEV,2019,388
AT,F,ELECTRIC,BEV,2020,357
AT,F,ELECTRIC,BEV,2021,1161
AT,F,ELECTRIC,BEV,2022,1542
AT,F,ELECTRIC,BEV,2023,1083
AT,F,ELECTRIC,Other,2010,1
AT,F,ELECTRIC,Other,2012,1
AT,F,ELECTRIC,Other,2013,48
AT,F,ELECTRIC,Other,2014,136
AT,F,NG-BIOMETHANE,Other,2010,34
AT,F,NG-BIOMETHANE,Other,2011,1
AT,F,PETROL,HEV,2019,96
AT,F,PETROL,HEV,2020,41
AT,F,PETROL,HEV,2021,48
AT,F,PETROL,HEV,2022,85
AT,F,PETROL,HEV,2023,362
AT,F,PETROL,Petrol,2010,7618
AT,F,PETROL,Petrol,2011,5549
AT,F,PETROL,Petrol,2012,6448
AT,F,PETROL,Petrol,2013,5303
AT,F,PETROL,Petrol,2014,3409
AT,F,PETROL,Petrol,2015,3940
AT,F,PETROL,Petrol,2016,3725
AT,F,PETROL,Petrol,2017,4075
AT,F,PETROL,Petrol,2018,4459
AT,F,PETROL,Petrol,2019,4587
AT,F,PETROL,Petrol,2020,2980
AT,F,PETROL,Petrol,2021,4049
AT,F,PETROL,Petrol,2022,2271
AT,F,PETROL,Petrol,2023,2027
AT,F,PETROL-ELECTRIC,Other,2014,43
AT,F,PETROL-ELECTRIC,Other,2015,74
AT,F,PETROL-ELECTRIC,Other,2016,44
AT,F,PETROL/ELECTRIC,Other,2017,51
AT,F,PETROL/ELECTRIC,Other,2018,58
AT,F,PETROL/ELECTRIC,PHEV,2019,20
AT,F,PETROL/ELECTRIC,PHEV,2020,43
AT,F,PETROL/ELECTRIC,PHEV,2021,149
AT,F,PETROL/ELECTRIC,PHEV,2022,71
AT,F,PETROL/ELECTRIC,PHEV,2023,302
AT,JA,DIESEL,Diesel,2010,929
AT,JA,DIESEL,Diesel,2011,989
AT,JA,DIESEL,Diesel,2012,854
AT,JA,DIESEL,Diesel,2013,752
AT,JA,DIESEL,Diesel,2014,758
AT,JA,DIESEL,Diesel,2015,779
AT,JA,DIESEL,Diesel,2016,1176
AT,JA,DIESEL,Diesel,2017,1549
AT,JA,DIESEL,Diesel,2018,1183
AT,JA,DIESEL,Diesel,2019,1265
AT,JA,DIESEL,Diesel,2020,1463
AT,JA,DIESEL,Diesel,2021,611
AT,JA,DIESEL,Diesel,2022,306
AT,JA,DIESEL,Diesel,2023,206
AT,JA,ELECTRIC,BEV,2021,20
AT,JA,ELECTRIC,BEV,2022,30
AT,JA,ELECTRIC,BEV,2023,136
AT,JA,LPG,Other,2013,1
AT,JA,NG,Other,2020,21
AT,JA,NG,Other,2021,12
AT,JA,NG,Other,2022,3
AT,JA,NG-BIOMETHANE,Other,2010,1
AT,JA,PETROL,HEV,2019,1172
AT,JA,PETROL,HEV,2020,3375
AT,JA,PETROL,HEV,2021,3296
AT,JA,PETROL,HEV,2022,1777
AT,JA,PETROL,HEV,2023,2332
AT,JA,PETROL,Petrol,2010,258
AT,JA,PETROL,Petrol,2011,159
AT,JA,PETROL,Petrol,2012,160
AT,JA,PETROL,Petrol,2013,87
AT,JA,PETROL,Petrol,2014,61
AT,JA,PETROL,Petrol,2015,35
AT,JA,PETROL,Petrol,2016,200
AT,JA,PETROL,Petrol,2017,2541
AT,JA,PETROL,Petrol,2018,2692
AT,JA,PETROL,Petrol,2019,2213
AT,JA,PETROL,Petrol,2020,2025
AT,JA,PETROL,Petrol,2021,2788
AT,JA,PETROL,Petrol,2022,2174
AT,JA,PETROL,Petrol,2023,2662
AT,JB,DIESEL,Diesel,2010,2265
AT,JB,DIESEL,Diesel,2011,2974
AT,JB,DIESEL,Diesel,2012,4233
AT,JB,DIESEL,Diesel,2013,9220
AT,JB,DIESEL,Diesel,2014,11635
AT,JB,DIESEL,Diesel,2015,13373
AT,JB,DIESEL,Diesel,2016,13732
AT,JB,DIESEL,Diesel,2017,12317
AT,JB,DIESEL,Diesel,2018,12670
AT,JB,DIESEL,Diesel,2019,10488
AT,JB,DIESEL,Diesel,2020,8957
AT,JB,DIESEL,Diesel,2021,6075
AT,JB,DIESEL,Diesel,2022,5225
AT,JB,DIESEL,Diesel,2023,5596
AT,JB,DIESEL,HEV,2022,1
AT,JB,E85,Other,2011,245
AT,JB,E85,Other,2012,580
AT,JB,E85,Other,2013,30
AT,JB,ELECTRIC,BEV,2015,9
AT,JB,ELECTRIC,BEV,2016,59
AT,JB,ELECTRIC,BEV,2017,492
AT,JB,ELECTRIC,BEV,2018,833
AT,JB,ELECTRIC,BEV,2019,1273
AT,JB,ELECTRIC,BEV,2020,1273
AT,JB,ELECTRIC,BEV,2021,2643
AT,JB,ELECTRIC,BEV,2022,2378
AT,JB,ELECTRIC,BEV,2023,3199
AT,JB,ELECTRIC,Other,2011,77
AT,JB,ELECTRIC,Other,2012,36
AT,JB,ELECTRIC,Other,2013,5
AT,JB,LPG,Other,2013,1
AT,JB,LPG,Other,2014,1
AT,JB,LPG,Other,2019,2
AT,JB,LPG,Other,2022,1
AT,JB,NG,Other,2019,63
AT,JB,NG,Other,2020,53
AT,JB,NG,Other,2021,9
AT,JB,NG,Other,2022,1
AT,JB,PETROL,HEV,2019,776
AT,JB,PETROL,HEV,2020,2005
AT,JB,PETROL,HEV,2021,4618
AT,JB,PETROL,HEV,2022,6654
AT,JB,PETROL,HEV,2023,6610
AT,JB,PETROL,Petrol,2010,1785
AT,JB,PETROL,Petrol,2011,2183
AT,JB,PETROL,Petrol,2012,2302
AT,JB,PETROL,Petrol,2013,5264
AT,JB,PETROL,Petrol,2014,6909
AT,JB,PETROL,Petrol,2015,7462
AT,JB,PETROL,Petrol,2016,10351
AT,JB,PETROL,Petrol,2017,14828
AT,JB,PETROL,Petrol,2018,25047
AT,JB,PETROL,Petrol,2019,27685
AT,JB,PETROL,Petrol,2020,19477
AT,JB,PETROL,Petrol,2021,16740
AT,JB,PETROL,Petrol,2022,14355
AT,JB,PETROL,Petrol,2023,14141
AT,JB,PETROL/ELECTRIC,Other,2017,45
AT,JB,PETROL/ELECTRIC,Other,2018,184
AT,JB,PETROL/ELECTRIC,PHEV,2019,54
AT,JB,PETROL/ELECTRIC,PHEV,2020,383
AT,JB,PETROL/ELECTRIC,PHEV,2021,1318
AT,JB,PETROL/ELECTRIC,PHEV,2022,1030
AT,JB,PETROL/ELECTRIC,PHEV,2023,783
AT,JC,DIESEL,Diesel,2010,18756
AT,JC,DIESEL,Diesel,2011,21503
AT,JC,DIESEL,Diesel,2012,26458
AT,JC,DIESEL,Diesel,2013,27906
AT,JC,DIESEL,Diesel,2014,24129
AT,JC,DIESEL,Diesel,2015,25181
AT,JC,DIESEL,Diesel,2016,33004
AT,JC,DIESEL,Diesel,2017,33094
AT,JC,DIESEL,Diesel,2018,28632
AT,JC,DIESEL,Diesel,2019,23582
AT,JC,DIESEL,Diesel,2020,16494
AT,JC,DIESEL,Diesel,2021,11657
AT,JC,DIESEL,Diesel,2022,9671
AT,JC,DIESEL,Diesel,2023,8631
AT,JC,DIESEL,HEV,2019,701
AT,JC,DIESEL,HEV,2020,1081
AT,JC,DIESEL,HEV,2021,2144
AT,JC,DIESEL,HEV,2022,2552
AT,JC,DIESEL,HEV,2023,3012
AT,JC,ELECTRIC,BEV,2018,81
AT,JC,ELECTRIC,BEV,2019,627
AT,JC,ELECTRIC,BEV,2020,1507
AT,JC,ELECTRIC,BEV,2021,7844
AT,JC,ELECTRIC,BEV,2022,9587
AT,JC,ELECTRIC,BEV,2023,14274
AT,JC,HYDROGEN,Other,2014,3
AT,JC,HYDROGEN,Other,2015,9
AT,JC,HYDROGEN,Other,2016,5
AT,JC,LPG,Other,2012,1
AT,JC,PETROL,HEV,2019,1244
AT,JC,PETROL,HEV,2020,1146
AT,JC,PETROL,HEV,2021,3130
AT,JC,PETROL,HEV,2022,5297
AT,JC,PETROL,HEV,2023,8356
AT,JC,PETROL,Other,2012,1
AT,JC,PETROL,Petrol,2010,4117
AT,JC,PETROL,Petrol,2011,5098
AT,JC,PETROL,Petrol,2012,6218
AT,JC,PETROL,Petrol,2013,5537
AT,JC,PETROL,Petrol,2014,4812
AT,JC,PETROL,Petrol,2015,5057
AT,JC,PETROL,Petrol,2016,7725
AT,JC,PETROL,Petrol,2017,16213
AT,JC,PETROL,Petrol,2018,27091
AT,JC,PETROL,Petrol,2019,22150
AT,JC,PETROL,Petrol,2020,12871
AT,JC,PETROL,Petrol,2021,11157
AT,JC,PETROL,Petrol,2022,8100
AT,JC,PETROL,Petrol,2023,8355
AT,JC,PETROL/ELECTRIC,Other,2017,86
AT,JC,PETROL/ELECTRIC,Other,2018,207
AT,JC,PETROL/ELECTRIC,PHEV,2019,193
AT,JC,PETROL/ELECTRIC,PHEV,2020,1594
AT,JC,PETROL/ELECTRIC,PHEV,2021,3507
AT,JC,PETROL/ELECTRIC,PHEV,2022,2856
AT,JC,PETROL/ELECTRIC,PHEV,2023,3749
AT,JD,DIESEL,Diesel,2010,6937
AT,JD,DIESEL,Diesel,2011,9137
AT,JD,DIESEL,Diesel,2012,8983
AT,JD,DIESEL,Diesel,2013,9375
AT,JD,DIESEL,Diesel,2014,8706
AT,JD,DIESEL,Diesel,2015,10691
AT,JD,DIESEL,Diesel,2016,9400
AT,JD,DIESEL,Diesel,2017,8493
AT,JD,DIESEL,Diesel,2018,8328
AT,JD,DIESEL,Diesel,2019,8326
AT,JD,DIESEL,Diesel,2020,4161
AT,JD,DIESEL,Diesel,2021,1903
AT,JD,DIESEL,Diesel,2022,1185
AT,JD,DIESEL,Diesel,2023,784
AT,JD,DIESEL,HEV,2019,281
AT,JD,DIESEL,HEV,2020,1094
AT,JD,DIESEL,HEV,2021,1818
AT,JD,DIESEL,HEV,2022,2154
AT,JD,DIESEL,HEV,2023,2968
AT,JD,DIESEL-ELECTRIC,Other,2016,141
AT,JD,DIESEL/ELECTRIC,Other,2017,83
AT,JD,DIESEL/ELECTRIC,Other,2018,39
AT,JD,DIESEL/ELECTRIC,PHEV,2019,3
AT,JD,DIESEL/ELECTRIC,PHEV,2020,174
AT,JD,DIESEL/ELECTRIC,PHEV,2021,447
AT,JD,DIESEL/ELECTRIC,PHEV,2022,300
AT,JD,DIESEL/ELECTRIC,PHEV,2023,330
AT,JD,E85,Other,2012,3
AT,JD,ELECTRIC,BEV,2021,2021
AT,JD,ELECTRIC,BEV,2022,5285
AT,JD,ELECTRIC,BEV,2023,7387
AT,JD,LPG,Other,2012,1
AT,JD,NG-BIOMETHANE,Other,2010,1
AT,JD,PETROL,HEV,2019,1671
AT,JD,PETROL,HEV,2020,1137
AT,JD,PETROL,HEV,2021,1116
AT,JD,PETROL,HEV,2022,1086
AT,JD,PETROL,HEV,2023,1453
AT,JD,PETROL,Petrol,2010,1199
AT,JD,PETROL,Petrol,2011,1103
AT,JD,PETROL,Petrol,2012,1362
AT,JD,PETROL,Petrol,2013,1719
AT,JD,PETROL,Petrol,2014,1827
AT,JD,PETROL,Petrol,2015,1939
AT,JD,PETROL,Petrol,2016,1887
AT,JD,PETROL,Petrol,2017,2293
AT,JD,PETROL,Petrol,2018,2891
AT,JD,PETROL,Petrol,2019,2669
AT,JD,PETROL,Petrol,2020,1378
AT,JD,PETROL,Petrol,2021,1086
AT,JD,PETROL,Petrol,2022,783
AT,JD,PETROL,Petrol,2023,985
AT,JD,PETROL-ELECTRIC,Other,2014,79
AT,JD,PETROL-ELECTRIC,Other,2015,91
AT,JD,PETROL-ELECTRIC,Other,2016,252
AT,JD,PETROL/ELECTRIC,Other,2017,368
AT,JD,PETROL/ELECTRIC,Other,2018,475
AT,JD,PETROL/ELECTRIC,PHEV,2019,430
AT,JD,PETROL/ELECTRIC,PHEV,2020,1368
AT,JD,PETROL/ELECTRIC,PHEV,2021,2179
AT,JD,PETROL/ELECTRIC,PHEV,2022,1964
AT,JD,PETROL/ELECTRIC,PHEV,2023,3205
AT,JE,DIESEL,Diesel,2010,1033
AT,JE,DIESEL,Diesel,2011,1215
AT,JE,DIESEL,Diesel,2012,1091
AT,JE,DIESEL,Diesel,2013,1043
AT,JE,DIESEL,Diesel,2014,1645
AT,JE,DIESEL,Diesel,2015,1784
AT,JE,DIESEL,Diesel,2016,1987
AT,JE,DIESEL,Diesel,2017,1628
AT,JE,DIESEL,Diesel,2018,1490
AT,JE,DIESEL,Diesel,2019,1728
AT,JE,DIESEL,Diesel,2020,1387
AT,JE,DIESEL,Diesel,2021,710
AT,JE,DIESEL,Diesel,2022,389
AT,JE,DIESEL,Diesel,2023,345
AT,JE,DIESEL,HEV,2019,510
AT,JE,DIESEL,HEV,2020,505
AT,JE,DIESEL,HEV,2021,725
AT,JE,DIESEL,HEV,2022,1090
AT,JE,DIESEL,HEV,2023,1240
AT,JE,DIESEL/ELECTRIC,PHEV,2020,74
AT,JE,DIESEL/ELECTRIC,PHEV,2021,414
AT,JE,DIESEL/ELECTRIC,PHEV,2022,410
AT,JE,DIESEL/ELECTRIC,PHEV,2023,287
AT,JE,ELECTRIC,BEV,2016,142
AT,JE,ELECTRIC,BEV,2017,314
AT,JE,ELECTRIC,BEV,2018,187
AT,JE,ELECTRIC,BEV,2019,234
AT,JE,ELECTRIC,BEV,2020,143
AT,JE,ELECTRIC,BEV,2021,156
AT,JE,ELECTRIC,BEV,2022,751
AT,JE,ELECTRIC,BEV,2023,1737
AT,JE,PETROL,HEV,2019,119
AT,JE,PETROL,HEV,2020,309
AT,JE,PETROL,HEV,2021,420
AT,JE,PETROL,HEV,2022,382
AT,JE,PETROL,HEV,2023,475
AT,JE,PETROL,Petrol,2010,421
AT,JE,PETROL,Petrol,2011,320
AT,JE,PETROL,Petrol,2012,245
AT,JE,PETROL,Petrol,2013,165
AT,JE,PETROL,Petrol,2014,108
AT,JE,PETROL,Petrol,2015,172
AT,JE,PETROL,Petrol,2016,289
AT,JE,PETROL,Petrol,2017,248
AT,JE,PETROL,Petrol,2018,450
AT,JE,PETROL,Petrol,2019,342
AT,JE,PETROL,Petrol,2020,198
AT,JE,PETROL,Petrol,2021,173
AT,JE,PETROL,Petrol,2022,164
AT,JE,PETROL,Petrol,2023,126
AT,JE,PETROL-ELECTRIC,Other,2014,15
AT,JE,PETROL-ELECTRIC,Other,2015,126
AT,JE,PETROL-ELECTRIC,Other,2016,312
AT,JE,PETROL/ELECTRIC,Other,2017,299
AT,JE,PETROL/ELECTRIC,Other,2018,257
AT,JE,PETROL/ELECTRIC,PHEV,2019,365
AT,JE,PETROL/ELECTRIC,PHEV,2020,1139
AT,JE,PETROL/ELECTRIC,PHEV,2021,1337
AT,JE,PETROL/ELECTRIC,PHEV,2022,1286
AT,JE,PETROL/ELECTRIC,PHEV,2023,1581
AT,JF,DIESEL,Diesel,2010,1047
AT,JF,DIESEL,Diesel,2011,1055
AT,JF,DIESEL,Diesel,2012,1707
AT,JF,DIESEL,Diesel,2013,1929
AT,JF,DIESEL,Diesel,2014,1753
AT,JF,DIESEL,Diesel,2015,1204
AT,JF,DIESEL,Diesel,2016,1426
AT,JF,DIESEL,Diesel,2017,1612
AT,JF,DIESEL,Diesel,2018,1166
AT,JF,DIESEL,Diesel,2019,423
AT,JF,DIESEL,Diesel,2020,354
AT,JF,DIESEL,Diesel,2021,574
AT,JF,DIESEL,Diesel,2022,136
AT,JF,DIESEL,Diesel,2023,297
AT,JF,DIESEL,HEV,2019,421
AT,JF,DIESEL,HEV,2020,419
AT,JF,DIESEL,HEV,2021,106
AT,JF,DIESEL,HEV,2022,358
AT,JF,DIESEL,HEV,2023,443
AT,JF,ELECTRIC,BEV,2020,708
AT,JF,ELECTRIC,BEV,2021,1430
AT,JF,ELECTRIC,BEV,2022,923
AT,JF,ELECTRIC,BEV,2023,169
AT,JF,PETROL,HEV,2019,91
AT,JF,PETROL,HEV,2020,206
AT,JF,PETROL,HEV,2021,32
AT,JF,PETROL,HEV,2022,66
AT,JF,PETROL,HEV,2023,42
AT,JF,PETROL,Petrol,2010,55
AT,JF,PETROL,Petrol,2011,56
AT,JF,PETROL,Petrol,2012,131
AT,JF,PETROL,Petrol,2013,107
AT,JF,PETROL,Petrol,2014,88
AT,JF,PETROL,Petrol,2015,59
AT,JF,PETROL,Petrol,2016,115
AT,JF,PETROL,Petrol,2017,133
AT,JF,PETROL,Petrol,2018,233
AT,JF,PETROL,Petrol,2019,162
AT,JF,PETROL,Petrol,2020,167
AT,JF,PETROL,Petrol,2021,322
AT,JF,PETROL,Petrol,2022,109
AT,JF,PETROL,Petrol,2023,107
AT,JF,PETROL/ELECTRIC,Other,2018,123
AT,JF,PETROL/ELECTRIC,PHEV,2019,231
AT,JF,PETROL/ELECTRIC,PHEV,2020,161
AT,JF,PETROL/ELECTRIC,PHEV,2021,196
AT,JF,PETROL/ELECTRIC,PHEV,2022,200
AT,JF,PETROL/ELECTRIC,PHEV,2023,400
AT,V,DIESEL,Diesel,2010,13349
AT,V,DIESEL,Diesel,2011,19954
AT,V,DIESEL,Diesel,2012,18100
AT,V,DIESEL,Diesel,2013,17223
AT,V,DIESEL,Diesel,2014,17960
AT,V,DIESEL,Diesel,2015,19027
AT,V,DIESEL,Diesel,2016,23990
AT,V,DIESEL,Diesel,2017,23284
AT,V,DIESEL,Diesel,2018,19225
AT,V,DIESEL,Diesel,2019,20117
AT,V,DIESEL,Diesel,2020,15683
AT,V,DIESEL,Diesel,2021,10835
AT,V,DIESEL,Diesel,2022,8938
AT,V,DIESEL,Diesel,2023,7585
AT,V,DIESEL,HEV,2020,21
AT,V,DIESEL,HEV,2021,46
AT,V,DIESEL,HEV,2022,30
AT,V,DIESEL,HEV,2023,25
AT,V,E85,Other,2010,17
AT,V,E85,Other,2011,13
AT,V,E85,Other,2012,7
AT,V,E85,Other,2013,1
AT,V,ELECTRIC,BEV,2016,1
AT,V,ELECTRIC,BEV,2019,23
AT,V,ELECTRIC,BEV,2020,209
AT,V,ELECTRIC,BEV,2021,1089
AT,V,ELECTRIC,BEV,2022,452
AT,V,ELECTRIC,BEV,2023,1057
AT,V,ELECTRIC,Other,2013,3
AT,V,LPG,Other,2011,1
AT,V,NG,Other,2018,115
AT,V,NG,Other,2019,71
AT,V,NG,Other,2020,80
AT,V,NG,Other,2021,2
AT,V,NG-BIOMETHANE,Other,2010,82
AT,V,NG-BIOMETHANE,Other,2011,143
AT,V,NG-BIOMETHANE,Other,2012,126
AT,V,NG-BIOMETHANE,Other,2013,90
AT,V,NG-BIOMETHANE,Other,2014,118
AT,V,NG-BIOMETHANE,Other,2015,151
AT,V,NG-BIOMETHANE,Other,2016,119
AT,V,NG-BIOMETHANE,Other,2017,131
AT,V,NG-BIOMETHANE,Other,2019,61
AT,V,PETROL,HEV,2021,188
AT,V,PETROL,HEV,2022,477
AT,V,PETROL,HEV,2023,1063
AT,V,PETROL,Petrol,2010,367
AT,V,PETROL,Petrol,2011,794
AT,V,PETROL,Petrol,2012,474
AT,V,PETROL,Petrol,2013,369
AT,V,PETROL,Petrol,2014,272
AT,V,PETROL,Petrol,2015,285
AT,V,PETROL,Petrol,2016,730
AT,V,PETROL,Petrol,2017,1232
AT,V,PETROL,Petrol,2018,1463
AT,V,PETROL,Petrol,2019,1498
AT,V,PETROL,Petrol,2020,825
AT,V,PETROL,Petrol,2021,1494
AT,V,PETROL,Petrol,2022,2372
AT,V,PETROL,Petrol,2023,987
AT,V,PETROL/ELECTRIC,PHEV,2020,2
AT,V,PETROL/ELECTRIC,PHEV,2021,60
AT,V,PETROL/ELECTRIC,PHEV,2022,355
AT,V,PETROL/ELECTRIC,PHEV,2023,744
BE,,DIESEL,Diesel,2010,35273
BE,,DIESEL,Diesel,2011,26468
BE,,DIESEL,Diesel,2012,20254
BE,,DIESEL,Diesel,2013,17415
BE,,DIESEL,Diesel,2014,12652
BE,,DIESEL,Diesel,2015,12858
BE,,DIESEL,Diesel,2016,10349
BE,,DIESEL,Diesel,2017,7763
BE,,DIESEL,Diesel,2018,6113
BE,,DIESEL,Diesel,2019,3879
BE,,DIESEL,Diesel,2020,3283
BE,,DIESEL,Diesel,2021,745
BE,,DIESEL,Diesel,2022,501
BE,,DIESEL,Diesel,2023,678
BE,,DIESEL,HEV,2019,8
BE,,DIESEL,HEV,2020,8
BE,,DIESEL,HEV,2021,4
BE,,DIESEL,HEV,2022,1
BE,,DIESEL,HEV,2023,2
BE,,DIESEL/ELECTRIC,Other,2018,6
BE,,E85,Other,2010,6
BE,,ELECTRIC,BEV,2014,49
BE,,ELECTRIC,BEV,2015,105
BE,,ELECTRIC,BEV,2016,53
BE,,ELECTRIC,BEV,2017,43
BE,,ELECTRIC,BEV,2018,76
BE,,ELECTRIC,BEV,2019,100
BE,,ELECTRIC,BEV,2020,218
BE,,ELECTRIC,BEV,2021,134
BE,,ELECTRIC,BEV,2022,403
BE,,ELECTRIC,BEV,2023,2120
BE,,ELECTRIC,Other,2010,34
BE,,ELECTRIC,Other,2011,126
BE,,ELECTRIC,Other,2012,268
BE,,ELECTRIC,Other,2013,92
BE,,HYBRID/PETROL/E,Petrol,2015,3
BE,,HYDROGEN,Other,2020,7
BE,,HYDROGEN,Other,2021,3
BE,,HYDROGEN,Other,2022,8
BE,,HYDROGEN,Other,2023,1
BE,,LPG,Other,2010,17
BE,,LPG,Other,2011,4
BE,,LPG,Other,2012,3
BE,,LPG,Other,2014,1
BE,,LPG,Other,2017,1
BE,,LPG,Other,2018,2
BE,,LPG,Other,2019,29
BE,,LPG,Other,2020,7
BE,,LPG,Other,2021,31
BE,,LPG,Other,2022,82
BE,,LPG,Other,2023,45
BE,,NG,Other,2018,15
BE,,NG,Other,2022,19
BE,,NG,Other,2023,4
BE,,NG-BIOMETHANE,Other,2012,3
BE,,NG-BIOMETHANE,Other,2013,7
BE,,NG-BIOMETHANE,Other,2019,72
BE,,NG-BIOMETHANE,Other,2020,11
BE,,NG-BIOMETHANE,Other,2021,31
BE,,PETROL,HEV,2019,31
BE,,PETROL,HEV,2020,42
BE,,PETROL,HEV,2021,295
BE,,PETROL,HEV,2022,566
BE,,PETROL,HEV,2023,970
BE,,PETROL,Other,2018,34
BE,,PETROL,Petrol,2010,11856
BE,,PETROL,Petrol,2011,7778
BE,,PETROL,Petrol,2012,7028
BE,,PETROL,Petrol,2013,8012
BE,,PETROL,Petrol,2014,6404
BE,,PETROL,Petrol,2015,6282
BE,,PETROL,Petrol,2016,7559
BE,,PETROL,Petrol,2017,8061
BE,,PETROL,Petrol,2018,7994
BE,,PETROL,Petrol,2019,5419
BE,,PETROL,Petrol,2020,3245
BE,,PETROL,Petrol,2021,2001
BE,,PETROL,Petrol,2022,1689
BE,,PETROL,Petrol,2023,600
BE,,PETROL-ELECTRIC,Other,2012,211
BE,,PETROL-ELECTRIC,Other,2013,35
BE,,PETROL-ELECTRIC,Other,2014,13
BE,,PETROL-ELECTRIC,Other,2015,3
BE,,PETROL-ELECTRIC,Other,2016,150
BE,,PETROL/ELECTRIC,Other,2017,348
BE,,PETROL/ELECTRIC,Other,2018,153
BE,,PETROL/ELECTRIC,PHEV,2019,277
BE,,PETROL/ELECTRIC,PHEV,2020,297
BE,,PETROL/ELECTRIC,PHEV,2021,817
BE,,PETROL/ELECTRIC,PHEV,2022,853
BE,,PETROL/ELECTRIC,PHEV,2023,2720
BE,,UNKNOWN,Other,2020,3
BE,A,DIESEL,Diesel,2010,18859
BE,A,DIESEL,Diesel,2011,15286
BE,A,DIESEL,Diesel,2012,5116
BE,A,DIESEL,Diesel,2013,4464
BE,A,DIESEL,Diesel,2014,3287
BE,A,DIESEL,Diesel,2015,4408
BE,A,DIESEL,Diesel,2016,3980
BE,A,DIESEL,Diesel,2017,2206
BE,A,DIESEL,Diesel,2018,2118
BE,A,DIESEL,Diesel,2019,1318
BE,A,DIESEL,Diesel,2020,1512
BE,A,DIESEL,Diesel,2021,421
BE,A,DIESEL,Diesel,2022,98
BE,A,DIESEL,Diesel,2023,102
BE,A,ELECTRIC,BEV,2014,151
BE,A,ELECTRIC,BEV,2015,52
BE,A,ELECTRIC,BEV,2016,228
BE,A,ELECTRIC,BEV,2017,486
BE,A,ELECTRIC,BEV,2018,533
BE,A,ELECTRIC,BEV,2019,861
BE,A,ELECTRIC,BEV,2020,2106
BE,A,ELECTRIC,BEV,2021,1586
BE,A,ELECTRIC,BEV,2022,1176
BE,A,ELECTRIC,BEV,2023,1993
BE,A,ELECTRIC,Other,2010,4
BE,A,ELECTRIC,Other,2011,32
BE,A,ELECTRIC,Other,2012,15
BE,A,ELECTRIC,Other,2013,91
BE,A,LPG,Other,2012,3
BE,A,LPG,Other,2013,19
BE,A,LPG,Other,2014,5
BE,A,LPG,Other,2015,3
BE,A,LPG,Other,2016,1
BE,A,LPG,Other,2017,7
BE,A,LPG,Other,2018,1
BE,A,LPG,Other,2019,8
BE,A,LPG,Other,2021,1
BE,A,LPG,Other,2022,15
BE,A,LPG,Other,2023,9
BE,A,NG,Other,2018,137
BE,A,NG,Other,2019,42
BE,A,NG,Other,2020,11
BE,A,NG,Other,2021,3
BE,A,NG,Other,2022,3
BE,A,NG-BIOMETHANE,Other,2013,33
BE,A,NG-BIOMETHANE,Other,2014,219
BE,A,NG-BIOMETHANE,Other,2015,84
BE,A,NG-BIOMETHANE,Other,2016,232
BE,A,NG-BIOMETHANE,Other,2017,140
BE,A,NG-BIOMETHANE,Other,2019,20
BE,A,NG-BIOMETHANE,Other,2020,15
BE,A,NG-BIOMETHANE,Other,2021,29
BE,A,PETROL,HEV,2020,2168
BE,A,PETROL,HEV,2021,3450
BE,A,PETROL,HEV,2022,3622
BE,A,PETROL,HEV,2023,3830
BE,A,PETROL,Other,2018,1
BE,A,PETROL,Petrol,2010,28933
BE,A,PETROL,Petrol,2011,32957
BE,A,PETROL,Petrol,2012,30228
BE,A,PETROL,Petrol,2013,32482
BE,A,PETROL,Petrol,2014,29171
BE,A,PETROL,Petrol,2015,29132
BE,A,PETROL,Petrol,2016,29448
BE,A,PETROL,Petrol,2017,28486
BE,A,PETROL,Petrol,2018,31333
BE,A,PETROL,Petrol,2019,31916
BE,A,PETROL,Petrol,2020,17342
BE,A,PETROL,Petrol,2021,11500
BE,A,PETROL,Petrol,2022,8535
BE,A,PETROL,Petrol,2023,8298
BE,A,PETROL-ELECTRIC,Other,2012,54
BE,A,PETROL-ELECTRIC,Other,2013,13
BE,A,PETROL-ELECTRIC,Other,2014,21
BE,A,PETROL-ELECTRIC,Other,2015,98
BE,A,PETROL-ELECTRIC,Other,2016,78
BE,A,PETROL/ELECTRIC,Other,2017,84
BE,A,PETROL/ELECTRIC,PHEV,2021,40
BE,A,PETROL/ELECTRIC,PHEV,2022,111
BE,A,PETROL/ELECTRIC,PHEV,2023,1000
BE,B,DIESEL,Diesel,2010,96670
BE,B,DIESEL,Diesel,2011,95316
BE,B,DIESEL,Diesel,2012,56861
BE,B,DIESEL,Diesel,2013,54425
BE,B,DIESEL,Diesel,2014,43501
BE,B,DIESEL,Diesel,2015,44343
BE,B,DIESEL,Diesel,2016,35999
BE,B,DIESEL,Diesel,2017,30398
BE,B,DIESEL,Diesel,2018,20155
BE,B,DIESEL,Diesel,2019,13839
BE,B,DIESEL,Diesel,2020,9620
BE,B,DIESEL,Diesel,2021,4886
BE,B,DIESEL,Diesel,2022,3495
BE,B,DIESEL,Diesel,2023,2280
BE,B,DIESEL,HEV,2020,528
BE,B,DIESEL,HEV,2021,659
BE,B,DIESEL,HEV,2022,1330
BE,B,DIESEL,HEV,2023,1262
BE,B,E85,Other,2012,10
BE,B,ELECTRIC,BEV,2014,6
BE,B,ELECTRIC,BEV,2015,30
BE,B,ELECTRIC,BEV,2016,73
BE,B,ELECTRIC,BEV,2017,54
BE,B,ELECTRIC,BEV,2018,42
BE,B,ELECTRIC,BEV,2019,45
BE,B,ELECTRIC,BEV,2020,1434
BE,B,ELECTRIC,BEV,2021,1737
BE,B,ELECTRIC,BEV,2022,1845
BE,B,ELECTRIC,BEV,2023,2366
BE,B,ELECTRIC,Other,2010,9
BE,B,ELECTRIC,Other,2011,5
BE,B,ELECTRIC,Other,2012,10
BE,B,LPG,Other,2012,12
BE,B,LPG,Other,2013,38
BE,B,LPG,Other,2014,26
BE,B,LPG,Other,2015,21
BE,B,LPG,Other,2016,23
BE,B,LPG,Other,2017,30
BE,B,LPG,Other,2018,15
BE,B,LPG,Other,2019,24
BE,B,LPG,Other,2020,319
BE,B,LPG,Other,2021,1368
BE,B,LPG,Other,2022,1056
BE,B,LPG,Other,2023,1026
BE,B,NG,Other,2018,372
BE,B,NG,Other,2019,315
BE,B,NG,Other,2020,84
BE,B,NG,Other,2021,195
BE,B,NG,Other,2022,118
BE,B,NG,Other,2023,9
BE,B,NG-BIOMETHANE,Other,2011,2
BE,B,NG-BIOMETHANE,Other,2012,9
BE,B,NG-BIOMETHANE,Other,2013,4
BE,B,NG-BIOMETHANE,Other,2014,124
BE,B,NG-BIOMETHANE,Other,2015,25
BE,B,NG-BIOMETHANE,Other,2016,64
BE,B,NG-BIOMETHANE,Other,2017,46
BE,B,NG-BIOMETHANE,Other,2019,63
BE,B,NG-BIOMETHANE,Other,2020,600
BE,B,PETROL,HEV,2019,2476
BE,B,PETROL,HEV,2020,4101
BE,B,PETROL,HEV,2021,5954
BE,B,PETROL,HEV,2022,5804
BE,B,PETROL,HEV,2023,7062
BE,B,PETROL,Other,2018,4
BE,B,PETROL,Petrol,2010,46522
BE,B,PETROL,Petrol,2011,46757
BE,B,PETROL,Petrol,2012,56192
BE,B,PETROL,Petrol,2013,62262
BE,B,PETROL,Petrol,2014,64361
BE,B,PETROL,Petrol,2015,67063
BE,B,PETROL,Petrol,2016,76697
BE,B,PETROL,Petrol,2017,80654
BE,B,PETROL,Petrol,2018,83453
BE,B,PETROL,Petrol,2019,80395
BE,B,PETROL,Petrol,2020,53723
BE,B,PETROL,Petrol,2021,47221
BE,B,PETROL,Petrol,2022,45424
BE,B,PETROL,Petrol,2023,49170
BE,B,PETROL-ELECTRIC,Other,2016,505
BE,B,PETROL/ELECTRIC,Other,2017,796
BE,B,PETROL/ELECTRIC,Other,2018,385
BE,B,PETROL/ELECTRIC,PHEV,2019,945
BE,B,PETROL/ELECTRIC,PHEV,2020,196
BE,B,PETROL/ELECTRIC,PHEV,2021,345
BE,B,PETROL/ELECTRIC,PHEV,2022,963
BE,B,PETROL/ELECTRIC,PHEV,2023,2289
BE,B,UNKNOWN,Other,2019,36
BE,C,CNG,Other,2020,134
BE,C,DIESEL,Diesel,2010,148732
BE,C,DIESEL,Diesel,2011,162518
BE,C,DIESEL,Diesel,2012,113626
BE,C,DIESEL,Diesel,2013,104227
BE,C,DIESEL,Diesel,2014,102987
BE,C,DIESEL,Diesel,2015,95403
BE,C,DIESEL,Diesel,2016,80781
BE,C,DIESEL,Diesel,2017,69709
BE,C,DIESEL,Diesel,2018,46824
BE,C,DIESEL,Diesel,2019,42310
BE,C,DIESEL,Diesel,2020,36460
BE,C,DIESEL,Diesel,2021,20060
BE,C,DIESEL,Diesel,2022,14354
BE,C,DIESEL,Diesel,2023,9335
BE,C,DIESEL,HEV,2019,7
BE,C,DIESEL,HEV,2020,798
BE,C,DIESEL,HEV,2021,2716
BE,C,DIESEL,HEV,2022,1417
BE,C,DIESEL,HEV,2023,1192
BE,C,DIESEL,Other,2012,4
BE,C,DIESEL/ELECTRIC,Other,2017,96
BE,C,DIESEL/ELECTRIC,PHEV,2019,591
BE,C,DIESEL/ELECTRIC,PHEV,2020,1603
BE,C,DIESEL/ELECTRIC,PHEV,2021,1184
BE,C,DIESEL/ELECTRIC,PHEV,2022,487
BE,C,DIESEL/ELECTRIC,PHEV,2023,419
BE,C,E85,Other,2010,1
BE,C,E85,Other,2011,30
BE,C,E85,Other,2012,40
BE,C,ELECTRIC,BEV,2014,224
BE,C,ELECTRIC,BEV,2015,208
BE,C,ELECTRIC,BEV,2016,795
BE,C,ELECTRIC,BEV,2017,885
BE,C,ELECTRIC,BEV,2018,1772
BE,C,ELECTRIC,BEV,2019,2446
BE,C,ELECTRIC,BEV,2020,2697
BE,C,ELECTRIC,BEV,2021,3479
BE,C,ELECTRIC,BEV,2022,6196
BE,C,ELECTRIC,BEV,2023,18712
BE,C,ELECTRIC,Other,2010,7
BE,C,ELECTRIC,Other,2011,59
BE,C,ELECTRIC,Other,2012,139
BE,C,ELECTRIC,Other,2013,167
BE,C,ELECTRIC,Other,2014,173
BE,C,ELECTRIC,Other,2015,117
BE,C,HYBRID/PETROL/E,Petrol,2015,2
BE,C,LPG,Other,2012,1
BE,C,LPG,Other,2013,5
BE,C,LPG,Other,2014,14
BE,C,LPG,Other,2015,4
BE,C,LPG,Other,2016,2
BE,C,LPG,Other,2017,3
BE,C,LPG,Other,2018,3
BE,C,LPG,Other,2019,20
BE,C,LPG,Other,2020,199
BE,C,LPG,Other,2021,1
BE,C,LPG,Other,2022,541
BE,C,LPG,Other,2023,1373
BE,C,NG,Other,2018,2016
BE,C,NG,Other,2019,1561
BE,C,NG,Other,2020,94
BE,C,NG,Other,2021,418
BE,C,NG,Other,2022,178
BE,C,NG,Other,2023,72
BE,C,NG-BIOMETHANE,Other,2012,26
BE,C,NG-BIOMETHANE,Other,2013,8
BE,C,NG-BIOMETHANE,Other,2014,357
BE,C,NG-BIOMETHANE,Other,2015,442
BE,C,NG-BIOMETHANE,Other,2016,1254
BE,C,NG-BIOMETHANE,Other,2017,1255
BE,C,NG-BIOMETHANE,Other,2019,42
BE,C,NG-BIOMETHANE,Other,2020,954
BE,C,PETROL,HEV,2019,5158
BE,C,PETROL,HEV,2020,6237
BE,C,PETROL,HEV,2021,10665
BE,C,PETROL,HEV,2022,12614
BE,C,PETROL,HEV,2023,21510
BE,C,PETROL,Other,2018,18
BE,C,PETROL,Petrol,2010,24920
BE,C,PETROL,Petrol,2011,27501
BE,C,PETROL,Petrol,2012,29010
BE,C,PETROL,Petrol,2013,33604
BE,C,PETROL,Petrol,2014,40656
BE,C,PETROL,Petrol,2015,44203
BE,C,PETROL,Petrol,2016,55852
BE,C,PETROL,Petrol,2017,60037
BE,C,PETROL,Petrol,2018,72846
BE,C,PETROL,Petrol,2019,70358
BE,C,PETROL,Petrol,2020,42719
BE,C,PETROL,Petrol,2021,31238
BE,C,PETROL,Petrol,2022,27203
BE,C,PETROL,Petrol,2023,28256
BE,C,PETROL-ELECTRIC,Other,2012,60
BE,C,PETROL-ELECTRIC,Other,2013,75
BE,C,PETROL-ELECTRIC,Other,2014,237
BE,C,PETROL-ELECTRIC,Other,2015,751
BE,C,PETROL-ELECTRIC,Other,2016,1252
BE,C,PETROL/ELECTRIC,Other,2017,3152
BE,C,PETROL/ELECTRIC,Other,2018,2684
BE,C,PETROL/ELECTRIC,PHEV,2019,1700
BE,C,PETROL/ELECTRIC,PHEV,2020,9704
BE,C,PETROL/ELECTRIC,PHEV,2021,14880
BE,C,PETROL/ELECTRIC,PHEV,2022,19548
BE,C,PETROL/ELECTRIC,PHEV,2023,31457
BE,D,CNG,Other,2020,117
BE,D,DIESEL,Diesel,2010,33508
BE,D,DIESEL,Diesel,2011,37586
BE,D,DIESEL,Diesel,2012,44480
BE,D,DIESEL,Diesel,2013,34740
BE,D,DIESEL,Diesel,2014,33493
BE,D,DIESEL,Diesel,2015,34463
BE,D,DIESEL,Diesel,2016,33877
BE,D,DIESEL,Diesel,2017,28864
BE,D,DIESEL,Diesel,2018,21672
BE,D,DIESEL,Diesel,2019,20257
BE,D,DIESEL,Diesel,2020,11935
BE,D,DIESEL,Diesel,2021,6329
BE,D,DIESEL,Diesel,2022,3401
BE,D,DIESEL,Diesel,2023,2738
BE,D,DIESEL,HEV,2019,1070
BE,D,DIESEL,HEV,2020,3353
BE,D,DIESEL,HEV,2021,3835
BE,D,DIESEL,HEV,2022,2780
BE,D,DIESEL,HEV,2023,1250
BE,D,DIESEL-ELECTRIC,Other,2012,4
BE,D,DIESEL-ELECTRIC,Other,2013,157
BE,D,DIESEL-ELECTRIC,Other,2014,137
BE,D,DIESEL-ELECTRIC,Other,2015,265
BE,D,DIESEL-ELECTRIC,Other,2016,142
BE,D,DIESEL/ELECTRIC,Other,2017,84
BE,D,DIESEL/ELECTRIC,Other,2018,44
BE,D,DIESEL/ELECTRIC,PHEV,2019,5
BE,D,DIESEL/ELECTRIC,PHEV,2021,2
BE,D,E85,Other,2012,12
BE,D,E85,Other,2013,2
BE,D,E85,Other,2014,1
BE,D,E85,Other,2015,1
BE,D,ELECTRIC,BEV,2014,36
BE,D,ELECTRIC,BEV,2019,2640
BE,D,ELECTRIC,BEV,2020,2647
BE,D,ELECTRIC,BEV,2021,2816
BE,D,ELECTRIC,BEV,2022,2517
BE,D,ELECTRIC,BEV,2023,4948
BE,D,LPG,Other,2012,3
BE,D,LPG,Other,2013,9
BE,D,LPG,Other,2014,4
BE,D,LPG,Other,2015,4
BE,D,LPG,Other,2016,2
BE,D,LPG,Other,2017,2
BE,D,LPG,Other,2019,6
BE,D,LPG,Other,2020,2
BE,D,NG,Other,2018,611
BE,D,NG,Other,2019,173
BE,D,NG,Other,2021,102
BE,D,NG,Other,2022,33
BE,D,NG-BIOMETHANE,Other,2012,3
BE,D,NG-BIOMETHANE,Other,2013,37
BE,D,NG-BIOMETHANE,Other,2014,58
BE,D,NG-BIOMETHANE,Other,2015,10
BE,D,NG-BIOMETHANE,Other,2017,329
BE,D,NG-BIOMETHANE,Other,2019,36
BE,D,NG-BIOMETHANE,Other,2020,12
BE,D,NG-BIOMETHANE,Other,2021,8
BE,D,PETROL,HEV,2019,2597
BE,D,PETROL,HEV,2020,1586
BE,D,PETROL,HEV,2021,2460
BE,D,PETROL,HEV,2022,2571
BE,D,PETROL,HEV,2023,2653
BE,D,PETROL,Other,2018,28
BE,D,PETROL,Petrol,2010,3033
BE,D,PETROL,Petrol,2011,2580
BE,D,PETROL,Petrol,2012,4064
BE,D,PETROL,Petrol,2013,3903
BE,D,PETROL,Petrol,2014,3891
BE,D,PETROL,Petrol,2015,4184
BE,D,PETROL,Petrol,2016,6477
BE,D,PETROL,Petrol,2017,7498
BE,D,PETROL,Petrol,2018,9543
BE,D,PETROL,Petrol,2019,7727
BE,D,PETROL,Petrol,2020,3629
BE,D,PETROL,Petrol,2021,3944
BE,D,PETROL,Petrol,2022,4149
BE,D,PETROL,Petrol,2023,5333
BE,D,PETROL-ELECTRIC,Other,2015,1
BE,D,PETROL-ELECTRIC,Other,2016,220
BE,D,PETROL/ELECTRIC,Other,2017,296
BE,D,PETROL/ELECTRIC,Other,2018,322
BE,D,PETROL/ELECTRIC,PHEV,2019,981
BE,D,PETROL/ELECTRIC,PHEV,2020,4004
BE,D,PETROL/ELECTRIC,PHEV,2021,3518
BE,D,PETROL/ELECTRIC,PHEV,2022,3696
BE,D,PETROL/ELECTRIC,PHEV,2023,6380
BE,E,DIESEL,Diesel,2010,11764
BE,E,DIESEL,Diesel,2011,12565
BE,E,DIESEL,Diesel,2012,14789
BE,E,DIESEL,Diesel,2013,14675
BE,E,DIESEL,Diesel,2014,13351
BE,E,DIESEL,Diesel,2015,14779
BE,E,DIESEL,Diesel,2016,16998
BE,E,DIESEL,Diesel,2017,14307
BE,E,DIESEL,Diesel,2018,11369
BE,E,DIESEL,Diesel,2019,6839
BE,E,DIESEL,Diesel,2020,3781
BE,E,DIESEL,Diesel,2021,2218
BE,E,DIESEL,Diesel,2022,1219
BE,E,DIESEL,Diesel,2023,794
BE,E,DIESEL,HEV,2019,2315
BE,E,DIESEL,HEV,2020,1878
BE,E,DIESEL,HEV,2021,1360
BE,E,DIESEL,HEV,2022,946
BE,E,DIESEL,HEV,2023,585
BE,E,DIESEL/ELECTRIC,PHEV,2019,1
BE,E,ELECTRIC,BEV,2019,1
BE,E,ELECTRIC,BEV,2020,448
BE,E,ELECTRIC,BEV,2021,1039
BE,E,ELECTRIC,BEV,2022,2931
BE,E,ELECTRIC,BEV,2023,6368
BE,E,ELECTRIC,Other,2012,5
BE,E,HYDROGEN,Other,2015,2
BE,E,HYDROGEN,Other,2016,7
BE,E,HYDROGEN,Other,2017,1
BE,E,HYDROGEN,Other,2020,12
BE,E,HYDROGEN,Other,2021,17
BE,E,HYDROGEN,Other,2022,12
BE,E,HYDROGEN,Other,2023,8
BE,E,LPG,Other,2022,3
BE,E,NG-BIOMETHANE,Other,2012,13
BE,E,NG-BIOMETHANE,Other,2013,20
BE,E,NG-BIOMETHANE,Other,2014,60
BE,E,NG-BIOMETHANE,Other,2015,12
BE,E,NG-BIOMETHANE,Other,2016,3
BE,E,PETROL,HEV,2019,538
BE,E,PETROL,HEV,2020,484
BE,E,PETROL,HEV,2021,587
BE,E,PETROL,HEV,2022,437
BE,E,PETROL,HEV,2023,827
BE,E,PETROL,Petrol,2010,946
BE,E,PETROL,Petrol,2011,1207
BE,E,PETROL,Petrol,2012,1278
BE,E,PETROL,Petrol,2013,1466
BE,E,PETROL,Petrol,2014,1180
BE,E,PETROL,Petrol,2015,1338
BE,E,PETROL,Petrol,2016,2352
BE,E,PETROL,Petrol,2017,2960
BE,E,PETROL,Petrol,2018,3464
BE,E,PETROL,Petrol,2019,3261
BE,E,PETROL,Petrol,2020,1614
BE,E,PETROL,Petrol,2021,1115
BE,E,PETROL,Petrol,2022,681
BE,E,PETROL,Petrol,2023,713
BE,E,PETROL-ELECTRIC,Other,2013,43
BE,E,PETROL-ELECTRIC,Other,2014,221
BE,E,PETROL-ELECTRIC,Other,2015,96
BE,E,PETROL-ELECTRIC,Other,2016,57
BE,E,PETROL/ELECTRIC,Other,2017,782
BE,E,PETROL/ELECTRIC,Other,2018,784
BE,E,PETROL/ELECTRIC,PHEV,2019,183
BE,E,PETROL/ELECTRIC,PHEV,2020,486
BE,E,PETROL/ELECTRIC,PHEV,2021,1173
BE,E,PETROL/ELECTRIC,PHEV,2022,1500
BE,E,PETROL/ELECTRIC,PHEV,2023,1826
BE,F,DIESEL,Diesel,2010,10804
BE,F,DIESEL,Diesel,2011,10514
BE,F,DIESEL,Diesel,2012,14867
BE,F,DIESEL,Diesel,2013,15745
BE,F,DIESEL,Diesel,2014,12180
BE,F,DIESEL,Diesel,2015,13923
BE,F,DIESEL,Diesel,2016,11347
BE,F,DIESEL,Diesel,2017,11935
BE,F,DIESEL,Diesel,2018,9537
BE,F,DIESEL,Diesel,2019,10005
BE,F,DIESEL,Diesel,2020,8559
BE,F,DIESEL,Diesel,2021,5230
BE,F,DIESEL,Diesel,2022,3151
BE,F,DIESEL,Diesel,2023,3126
BE,F,DIESEL,HEV,2019,285
BE,F,DIESEL,HEV,2020,104
BE,F,DIESEL,HEV,2021,113
BE,F,DIESEL,HEV,2022,87
BE,F,DIESEL,HEV,2023,92
BE,F,DIESEL-ELECTRIC,Other,2015,2
BE,F,DIESEL/ELECTRIC,Other,2017,1
BE,F,DIESEL/ELECTRIC,PHEV,2019,1
BE,F,E85,Other,2010,5
BE,F,E85,Other,2012,18
BE,F,E85,Other,2013,2
BE,F,ELECTRIC,BEV,2014,521
BE,F,ELECTRIC,BEV,2015,821
BE,F,ELECTRIC,BEV,2016,675
BE,F,ELECTRIC,BEV,2017,658
BE,F,ELECTRIC,BEV,2018,535
BE,F,ELECTRIC,BEV,2019,566
BE,F,ELECTRIC,BEV,2020,1238
BE,F,ELECTRIC,BEV,2021,1712
BE,F,ELECTRIC,BEV,2022,2318
BE,F,ELECTRIC,BEV,2023,3010
BE,F,ELECTRIC,Other,2013,148
BE,F,HYDROGEN,Other,2023,1
BE,F,LPG,Other,2018,1
BE,F,LPG,Other,2020,1
BE,F,LPG,Other,2022,2
BE,F,LPG,Other,2023,2
BE,F,NG,Other,2018,1
BE,F,PETROL,HEV,2019,180
BE,F,PETROL,HEV,2020,95
BE,F,PETROL,HEV,2021,302
BE,F,PETROL,HEV,2022,891
BE,F,PETROL,HEV,2023,1516
BE,F,PETROL,Other,2018,1
BE,F,PETROL,Petrol,2010,8931
BE,F,PETROL,Petrol,2011,13174
BE,F,PETROL,Petrol,2012,8066
BE,F,PETROL,Petrol,2013,7911
BE,F,PETROL,Petrol,2014,7105
BE,F,PETROL,Petrol,2015,8466
BE,F,PETROL,Petrol,2016,10926
BE,F,PETROL,Petrol,2017,11730
BE,F,PETROL,Petrol,2018,13447
BE,F,PETROL,Petrol,2019,13653
BE,F,PETROL,Petrol,2020,10456
BE,F,PETROL,Petrol,2021,11268
BE,F,PETROL,Petrol,2022,7712
BE,F,PETROL,Petrol,2023,7815
BE,F,PETROL-ELECTRIC,Other,2014,59
BE,F,PETROL-ELECTRIC,Other,2015,160
BE,F,PETROL-ELECTRIC,Other,2016,106
BE,F,PETROL/ELECTRIC,Other,2017,63
BE,F,PETROL/ELECTRIC,Other,2018,117
BE,F,PETROL/ELECTRIC,PHEV,2019,87
BE,F,PETROL/ELECTRIC,PHEV,2020,386
BE,F,PETROL/ELECTRIC,PHEV,2021,780
BE,F,PETROL/ELECTRIC,PHEV,2022,1550
BE,F,PETROL/ELECTRIC,PHEV,2023,1590
BE,JA,DIESEL,Diesel,2010,10048
BE,JA,DIESEL,Diesel,2011,6295
BE,JA,DIESEL,Diesel,2012,5568
BE,JA,DIESEL,Diesel,2013,4756
BE,JA,DIESEL,Diesel,2014,3820
BE,JA,DIESEL,Diesel,2015,3480
BE,JA,DIESEL,Diesel,2016,2650
BE,JA,DIESEL,Diesel,2017,3437
BE,JA,DIESEL,Diesel,2018,2453
BE,JA,DIESEL,Diesel,2019,2802
BE,JA,DIESEL,Diesel,2020,3350
BE,JA,DIESEL,Diesel,2021,1384
BE,JA,DIESEL,Diesel,2022,1037
BE,JA,DIESEL,Diesel,2023,486
BE,JA,ELECTRIC,BEV,2017,7
BE,JA,ELECTRIC,BEV,2018,54
BE,JA,ELECTRIC,BEV,2019,23
BE,JA,ELECTRIC,BEV,2020,2
BE,JA,ELECTRIC,BEV,2021,11
BE,JA,ELECTRIC,BEV,2022,72
BE,JA,ELECTRIC,BEV,2023,625
BE,JA,LPG,Other,2019,1
BE,JA,LPG,Other,2022,1
BE,JA,NG,Other,2021,60
BE,JA,NG,Other,2022,43
BE,JA,NG,Other,2023,4
BE,JA,NG-BIOMETHANE,Other,2020,47
BE,JA,PETROL,HEV,2019,437
BE,JA,PETROL,HEV,2020,1554
BE,JA,PETROL,HEV,2021,1847
BE,JA,PETROL,HEV,2022,1238
BE,JA,PETROL,HEV,2023,1567
BE,JA,PETROL,Other,2018,1
BE,JA,PETROL,Petrol,2010,837
BE,JA,PETROL,Petrol,2011,537
BE,JA,PETROL,Petrol,2012,1332
BE,JA,PETROL,Petrol,2013,1314
BE,JA,PETROL,Petrol,2014,1243
BE,JA,PETROL,Petrol,2015,992
BE,JA,PETROL,Petrol,2016,1900
BE,JA,PETROL,Petrol,2017,5343
BE,JA,PETROL,Petrol,2018,5326
BE,JA,PETROL,Petrol,2019,6483
BE,JA,PETROL,Petrol,2020,6027
BE,JA,PETROL,Petrol,2021,4681
BE,JA,PETROL,Petrol,2022,3759
BE,JA,PETROL,Petrol,2023,3984
BE,JB,DIESEL,Diesel,2010,3532
BE,JB,DIESEL,Diesel,2011,8786
BE,JB,DIESEL,Diesel,2012,9313
BE,JB,DIESEL,Diesel,2013,14211
BE,JB,DIESEL,Diesel,2014,20603
BE,JB,DIESEL,Diesel,2015,20092
BE,JB,DIESEL,Diesel,2016,18836
BE,JB,DIESEL,Diesel,2017,16873
BE,JB,DIESEL,Diesel,2018,12634
BE,JB,DIESEL,Diesel,2019,12348
BE,JB,DIESEL,Diesel,2020,13099
BE,JB,DIESEL,Diesel,2021,10657
BE,JB,DIESEL,Diesel,2022,5249
BE,JB,DIESEL,Diesel,2023,3182
BE,JB,DIESEL,HEV,2019,1
BE,JB,DIESEL,HEV,2022,16
BE,JB,E85,Other,2011,2
BE,JB,E85,Other,2012,1
BE,JB,ELECTRIC,BEV,2014,4
BE,JB,ELECTRIC,BEV,2015,23
BE,JB,ELECTRIC,BEV,2016,34
BE,JB,ELECTRIC,BEV,2017,83
BE,JB,ELECTRIC,BEV,2018,129
BE,JB,ELECTRIC,BEV,2019,806
BE,JB,ELECTRIC,BEV,2020,1488
BE,JB,ELECTRIC,BEV,2021,1616
BE,JB,ELECTRIC,BEV,2022,1996
BE,JB,ELECTRIC,BEV,2023,3297
BE,JB,ELECTRIC,Other,2011,59
BE,JB,ELECTRIC,Other,2012,125
BE,JB,ELECTRIC,Other,2013,3
BE,JB,LPG,Other,2012,1
BE,JB,LPG,Other,2013,2
BE,JB,LPG,Other,2014,20
BE,JB,LPG,Other,2015,30
BE,JB,LPG,Other,2016,48
BE,JB,LPG,Other,2017,40
BE,JB,LPG,Other,2018,27
BE,JB,LPG,Other,2019,60
BE,JB,LPG,Other,2020,431
BE,JB,LPG,Other,2021,650
BE,JB,LPG,Other,2022,704
BE,JB,LPG,Other,2023,955
BE,JB,NG,Other,2019,170
BE,JB,NG,Other,2021,93
BE,JB,NG,Other,2022,26
BE,JB,NG-BIOMETHANE,Other,2019,34
BE,JB,NG-BIOMETHANE,Other,2020,241
BE,JB,NG-BIOMETHANE,Other,2021,3
BE,JB,PETROL,HEV,2019,1626
BE,JB,PETROL,HEV,2020,5711
BE,JB,PETROL,HEV,2021,9637
BE,JB,PETROL,HEV,2022,13291
BE,JB,PETROL,HEV,2023,17157
BE,JB,PETROL,Other,2012,1
BE,JB,PETROL,Other,2018,37
BE,JB,PETROL,Petrol,2010,1374
BE,JB,PETROL,Petrol,2011,3653
BE,JB,PETROL,Petrol,2012,3932
BE,JB,PETROL,Petrol,2013,7495
BE,JB,PETROL,Petrol,2014,14384
BE,JB,PETROL,Petrol,2015,19931
BE,JB,PETROL,Petrol,2016,29615
BE,JB,PETROL,Petrol,2017,32269
BE,JB,PETROL,Petrol,2018,46589
BE,JB,PETROL,Petrol,2019,53845
BE,JB,PETROL,Petrol,2020,35311
BE,JB,PETROL,Petrol,2021,28895
BE,JB,PETROL,Petrol,2022,26044
BE,JB,PETROL,Petrol,2023,30328
BE,JB,PETROL/ELECTRIC,Other,2017,56
BE,JB,PETROL/ELECTRIC,Other,2018,168
BE,JB,PETROL/ELECTRIC,PHEV,2019,114
BE,JB,PETROL/ELECTRIC,PHEV,2020,1025
BE,JB,PETROL/ELECTRIC,PHEV,2021,3345
BE,JB,PETROL/ELECTRIC,PHEV,2022,5277
BE,JB,PETROL/ELECTRIC,PHEV,2023,7779
BE,JC,DIESEL,Diesel,2010,29850
BE,JC,DIESEL,Diesel,2011,31742
BE,JC,DIESEL,Diesel,2012,31230
BE,JC,DIESEL,Diesel,2013,30383
BE,JC,DIESEL,Diesel,2014,30680
BE,JC,DIESEL,Diesel,2015,29110
BE,JC,DIESEL,Diesel,2016,36110
BE,JC,DIESEL,Diesel,2017,38770
BE,JC,DIESEL,Diesel,2018,35098
BE,JC,DIESEL,Diesel,2019,32361
BE,JC,DIESEL,Diesel,2020,23399
BE,JC,DIESEL,Diesel,2021,15770
BE,JC,DIESEL,Diesel,2022,9475
BE,JC,DIESEL,Diesel,2023,5168
BE,JC,DIESEL,HEV,2019,240
BE,JC,DIESEL,HEV,2020,1335
BE,JC,DIESEL,HEV,2021,2292
BE,JC,DIESEL,HEV,2022,2684
BE,JC,DIESEL,HEV,2023,1638
BE,JC,DIESEL/ELECTRIC,PHEV,2019,16
BE,JC,DIESEL/ELECTRIC,PHEV,2023,1
BE,JC,ELECTRIC,BEV,2018,128
BE,JC,ELECTRIC,BEV,2019,800
BE,JC,ELECTRIC,BEV,2020,1208
BE,JC,ELECTRIC,BEV,2021,4069
BE,JC,ELECTRIC,BEV,2022,8590
BE,JC,ELECTRIC,BEV,2023,29927
BE,JC,HYDROGEN,Other,2017,3
BE,JC,LPG,Other,2018,1
BE,JC,LPG,Other,2019,13
BE,JC,LPG,Other,2020,27
BE,JC,LPG,Other,2021,18
BE,JC,LPG,Other,2022,7
BE,JC,LPG,Other,2023,3
BE,JC,NG,Other,2022,1
BE,JC,NG-BIOMETHANE,Other,2019,8
BE,JC,NG-BIOMETHANE,Other,2020,27
BE,JC,NG-BIOMETHANE,Other,2021,8
BE,JC,PETROL,HEV,2019,4992
BE,JC,PETROL,HEV,2020,2877
BE,JC,PETROL,HEV,2021,8110
BE,JC,PETROL,HEV,2022,16857
BE,JC,PETROL,HEV,2023,21274
BE,JC,PETROL,Other,2018,25
BE,JC,PETROL,Petrol,2010,3166
BE,JC,PETROL,Petrol,2011,3581
BE,JC,PETROL,Petrol,2012,5708
BE,JC,PETROL,Petrol,2013,7977
BE,JC,PETROL,Petrol,2014,9211
BE,JC,PETROL,Petrol,2015,10517
BE,JC,PETROL,Petrol,2016,21592
BE,JC,PETROL,Petrol,2017,31929
BE,JC,PETROL,Petrol,2018,50246
BE,JC,PETROL,Petrol,2019,48971
BE,JC,PETROL,Petrol,2020,27885
BE,JC,PETROL,Petrol,2021,24215
BE,JC,PETROL,Petrol,2022,16331
BE,JC,PETROL,Petrol,2023,17178
BE,JC,PETROL/ELECTRIC,Other,2017,263
BE,JC,PETROL/ELECTRIC,Other,2018,1054
BE,JC,PETROL/ELECTRIC,PHEV,2019,1819
BE,JC,PETROL/ELECTRIC,PHEV,2020,6105
BE,JC,PETROL/ELECTRIC,PHEV,2021,9053
BE,JC,PETROL/ELECTRIC,PHEV,2022,11618
BE,JC,PETROL/ELECTRIC,PHEV,2023,21660
BE,JD,DIESEL,Diesel,2010,7245
BE,JD,DIESEL,Diesel,2011,10755
BE,JD,DIESEL,Diesel,2012,6964
BE,JD,DIESEL,Diesel,2013,9504
BE,JD,DIESEL,Diesel,2014,9207
BE,JD,DIESEL,Diesel,2015,13795
BE,JD,DIESEL,Diesel,2016,14290
BE,JD,DIESEL,Diesel,2017,13772
BE,JD,DIESEL,Diesel,2018,13239
BE,JD,DIESEL,Diesel,2019,8537
BE,JD,DIESEL,Diesel,2020,5930
BE,JD,DIESEL,Diesel,2021,2695
BE,JD,DIESEL,Diesel,2022,1001
BE,JD,DIESEL,Diesel,2023,178
BE,JD,DIESEL,HEV,2019,460
BE,JD,DIESEL,HEV,2020,1401
BE,JD,DIESEL,HEV,2021,1711
BE,JD,DIESEL,HEV,2022,1664
BE,JD,DIESEL,HEV,2023,1683
BE,JD,DIESEL-ELECTRIC,Other,2016,304
BE,JD,DIESEL/ELECTRIC,Other,2017,572
BE,JD,DIESEL/ELECTRIC,Other,2018,542
BE,JD,DIESEL/ELECTRIC,PHEV,2019,18
BE,JD,DIESEL/ELECTRIC,PHEV,2020,446
BE,JD,DIESEL/ELECTRIC,PHEV,2021,1448
BE,JD,DIESEL/ELECTRIC,PHEV,2022,1625
BE,JD,DIESEL/ELECTRIC,PHEV,2023,1239
BE,JD,ELECTRIC,BEV,2014,3
BE,JD,ELECTRIC,BEV,2020,1
BE,JD,ELECTRIC,BEV,2021,2187
BE,JD,ELECTRIC,BEV,2022,5911
BE,JD,ELECTRIC,BEV,2023,15492
BE,JD,HYDROGEN,Other,2015,2
BE,JD,HYDROGEN,Other,2016,1
BE,JD,LPG,Other,2012,3
BE,JD,LPG,Other,2018,1
BE,JD,LPG,Other,2019,1
BE,JD,LPG,Other,2020,1
BE,JD,LPG,Other,2022,6
BE,JD,LPG,Other,2023,4
BE,JD,NG-BIOMETHANE,Other,2020,1
BE,JD,PETROL,HEV,2019,2076
BE,JD,PETROL,HEV,2020,2768
BE,JD,PETROL,HEV,2021,2514
BE,JD,PETROL,HEV,2022,2721
BE,JD,PETROL,HEV,2023,3793
BE,JD,PETROL,Other,2018,5
BE,JD,PETROL,Petrol,2010,629
BE,JD,PETROL,Petrol,2011,997
BE,JD,PETROL,Petrol,2012,2171
BE,JD,PETROL,Petrol,2013,2216
BE,JD,PETROL,Petrol,2014,2068
BE,JD,PETROL,Petrol,2015,2643
BE,JD,PETROL,Petrol,2016,4048
BE,JD,PETROL,Petrol,2017,4893
BE,JD,PETROL,Petrol,2018,7268
BE,JD,PETROL,Petrol,2019,5739
BE,JD,PETROL,Petrol,2020,3125
BE,JD,PETROL,Petrol,2021,2272
BE,JD,PETROL,Petrol,2022,918
BE,JD,PETROL,Petrol,2023,787
BE,JD,PETROL-ELECTRIC,Other,2013,1
BE,JD,PETROL-ELECTRIC,Other,2014,160
BE,JD,PETROL-ELECTRIC,Other,2015,261
BE,JD,PETROL-ELECTRIC,Other,2016,2025
BE,JD,PETROL/ELECTRIC,Other,2017,3233
BE,JD,PETROL/ELECTRIC,Other,2018,1659
BE,JD,PETROL/ELECTRIC,PHEV,2019,1170
BE,JD,PETROL/ELECTRIC,PHEV,2020,2541
BE,JD,PETROL/ELECTRIC,PHEV,2021,3906
BE,JD,PETROL/ELECTRIC,PHEV,2022,4749
BE,JD,PETROL/ELECTRIC,PHEV,2023,11061
BE,JE,DIESEL,Diesel,2010,2490
BE,JE,DIESEL,Diesel,2011,2238
BE,JE,DIESEL,Diesel,2012,1104
BE,JE,DIESEL,Diesel,2013,997
BE,JE,DIESEL,Diesel,2014,2355
BE,JE,DIESEL,Diesel,2015,2788
BE,JE,DIESEL,Diesel,2016,2733
BE,JE,DIESEL,Diesel,2017,2348
BE,JE,DIESEL,Diesel,2018,1600
BE,JE,DIESEL,Diesel,2019,1815
BE,JE,DIESEL,Diesel,2020,1242
BE,JE,DIESEL,Diesel,2021,537
BE,JE,DIESEL,Diesel,2022,170
BE,JE,DIESEL,Diesel,2023,109
BE,JE,DIESEL,HEV,2019,424
BE,JE,DIESEL,HEV,2020,323
BE,JE,DIESEL,HEV,2021,492
BE,JE,DIESEL,HEV,2022,444
BE,JE,DIESEL,HEV,2023,355
BE,JE,DIESEL/ELECTRIC,PHEV,2019,3
BE,JE,DIESEL/ELECTRIC,PHEV,2020,1717
BE,JE,DIESEL/ELECTRIC,PHEV,2021,2379
BE,JE,DIESEL/ELECTRIC,PHEV,2022,1747
BE,JE,DIESEL/ELECTRIC,PHEV,2023,1294
BE,JE,ELECTRIC,BEV,2016,184
BE,JE,ELECTRIC,BEV,2017,491
BE,JE,ELECTRIC,BEV,2018,343
BE,JE,ELECTRIC,BEV,2019,449
BE,JE,ELECTRIC,BEV,2020,413
BE,JE,ELECTRIC,BEV,2021,144
BE,JE,ELECTRIC,BEV,2022,1398
BE,JE,ELECTRIC,BEV,2023,2889
BE,JE,LPG,Other,2021,15
BE,JE,LPG,Other,2022,13
BE,JE,LPG,Other,2023,12
BE,JE,NG,Other,2022,4
BE,JE,NG,Other,2023,3
BE,JE,NG-BIOMETHANE,Other,2021,3
BE,JE,PETROL,HEV,2019,246
BE,JE,PETROL,HEV,2020,311
BE,JE,PETROL,HEV,2021,523
BE,JE,PETROL,HEV,2022,359
BE,JE,PETROL,HEV,2023,310
BE,JE,PETROL,Petrol,2010,577
BE,JE,PETROL,Petrol,2011,385
BE,JE,PETROL,Petrol,2012,588
BE,JE,PETROL,Petrol,2013,360
BE,JE,PETROL,Petrol,2014,286
BE,JE,PETROL,Petrol,2015,276
BE,JE,PETROL,Petrol,2016,475
BE,JE,PETROL,Petrol,2017,509
BE,JE,PETROL,Petrol,2018,675
BE,JE,PETROL,Petrol,2019,672
BE,JE,PETROL,Petrol,2020,543
BE,JE,PETROL,Petrol,2021,231
BE,JE,PETROL,Petrol,2022,205
BE,JE,PETROL,Petrol,2023,157
BE,JE,PETROL PHEV,Other,2015,3
BE,JE,PETROL-ELECTRIC,Other,2014,33
BE,JE,PETROL-ELECTRIC,Other,2015,860
BE,JE,PETROL-ELECTRIC,Other,2016,2398
BE,JE,PETROL/ELECTRIC,Other,2017,2130
BE,JE,PETROL/ELECTRIC,Other,2018,1096
BE,JE,PETROL/ELECTRIC,PHEV,2019,762
BE,JE,PETROL/ELECTRIC,PHEV,2020,3703
BE,JE,PETROL/ELECTRIC,PHEV,2021,4398
BE,JE,PETROL/ELECTRIC,PHEV,2022,4412
BE,JE,PETROL/ELECTRIC,PHEV,2023,5625
BE,JF,DIESEL,Diesel,2010,1490
BE,JF,DIESEL,Diesel,2011,2426
BE,JF,DIESEL,Diesel,2012,4137
BE,JF,DIESEL,Diesel,2013,4123
BE,JF,DIESEL,Diesel,2014,4244
BE,JF,DIESEL,Diesel,2015,3564
BE,JF,DIESEL,Diesel,2016,3623
BE,JF,DIESEL,Diesel,2017,3769
BE,JF,DIESEL,Diesel,2018,3592
BE,JF,DIESEL,Diesel,2019,2271
BE,JF,DIESEL,Diesel,2020,1631
BE,JF,DIESEL,Diesel,2021,1343
BE,JF,DIESEL,Diesel,2022,279
BE,JF,DIESEL,Diesel,2023,123
BE,JF,DIESEL,HEV,2019,502
BE,JF,DIESEL,HEV,2020,663
BE,JF,DIESEL,HEV,2021,129
BE,JF,DIESEL,HEV,2022,506
BE,JF,DIESEL,HEV,2023,504
BE,JF,DIESEL/ELECTRIC,PHEV,2020,1
BE,JF,ELECTRIC,BEV,2019,57
BE,JF,ELECTRIC,BEV,2020,1008
BE,JF,ELECTRIC,BEV,2021,1902
BE,JF,ELECTRIC,BEV,2022,1950
BE,JF,ELECTRIC,BEV,2023,600
BE,JF,PETROL,HEV,2019,290
BE,JF,PETROL,HEV,2020,391
BE,JF,PETROL,HEV,2021,41
BE,JF,PETROL,HEV,2022,323
BE,JF,PETROL,HEV,2023,236
BE,JF,PETROL,Petrol,2010,10
BE,JF,PETROL,Petrol,2011,25
BE,JF,PETROL,Petrol,2012,146
BE,JF,PETROL,Petrol,2013,135
BE,JF,PETROL,Petrol,2014,97
BE,JF,PETROL,Petrol,2015,76
BE,JF,PETROL,Petrol,2016,185
BE,JF,PETROL,Petrol,2017,268
BE,JF,PETROL,Petrol,2018,608
BE,JF,PETROL,Petrol,2019,674
BE,JF,PETROL,Petrol,2020,402
BE,JF,PETROL,Petrol,2021,746
BE,JF,PETROL,Petrol,2022,235
BE,JF,PETROL,Petrol,2023,209
BE,JF,PETROL/ELECTRIC,Other,2018,670
BE,JF,PETROL/ELECTRIC,PHEV,2019,284
BE,JF,PETROL/ELECTRIC,PHEV,2020,324
BE,JF,PETROL/ELECTRIC,PHEV,2021,568
BE,JF,PETROL/ELECTRIC,PHEV,2022,957
BE,JF,PETROL/ELECTRIC,PHEV,2023,3608
BE,V,DIESEL,Diesel,2010,8603
BE,V,DIESEL,Diesel,2011,12006
BE,V,DIESEL,Diesel,2012,9787
BE,V,DIESEL,Diesel,2013,9246
BE,V,DIESEL,Diesel,2014,8925
BE,V,DIESEL,Diesel,2015,9288
BE,V,DIESEL,Diesel,2016,8974
BE,V,DIESEL,Diesel,2017,10036
BE,V,DIESEL,Diesel,2018,7932
BE,V,DIESEL,Diesel,2019,9252
BE,V,DIESEL,Diesel,2020,7935
BE,V,DIESEL,Diesel,2021,5472
BE,V,DIESEL,Diesel,2022,4609
BE,V,DIESEL,Diesel,2023,4590
BE,V,DIESEL,HEV,2019,8
BE,V,DIESEL,HEV,2020,19
BE,V,DIESEL,HEV,2021,41
BE,V,DIESEL,HEV,2022,19
BE,V,DIESEL,HEV,2023,18
BE,V,ELECTRIC,BEV,2019,2
BE,V,ELECTRIC,BEV,2020,52
BE,V,ELECTRIC,BEV,2021,242
BE,V,ELECTRIC,BEV,2022,325
BE,V,ELECTRIC,BEV,2023,1001
BE,V,LPG,Other,2013,33
BE,V,LPG,Other,2014,25
BE,V,LPG,Other,2015,19
BE,V,LPG,Other,2017,1
BE,V,LPG,Other,2019,3
BE,V,NG,Other,2018,775
BE,V,NG,Other,2019,872
BE,V,NG,Other,2020,522
BE,V,NG,Other,2021,41
BE,V,NG,Other,2023,6
BE,V,NG-BIOMETHANE,Other,2011,5
BE,V,NG-BIOMETHANE,Other,2012,3
BE,V,NG-BIOMETHANE,Other,2013,37
BE,V,NG-BIOMETHANE,Other,2014,107
BE,V,NG-BIOMETHANE,Other,2015,92
BE,V,NG-BIOMETHANE,Other,2016,562
BE,V,NG-BIOMETHANE,Other,2017,637
BE,V,NG-BIOMETHANE,Other,2019,108
BE,V,NG-BIOMETHANE,Other,2020,9
BE,V,PETROL,HEV,2021,48
BE,V,PETROL,HEV,2022,102
BE,V,PETROL,HEV,2023,70
BE,V,PETROL,Other,2018,2
BE,V,PETROL,Petrol,2010,681
BE,V,PETROL,Petrol,2011,679
BE,V,PETROL,Petrol,2012,761
BE,V,PETROL,Petrol,2013,996
BE,V,PETROL,Petrol,2014,961
BE,V,PETROL,Petrol,2015,1157
BE,V,PETROL,Petrol,2016,1804
BE,V,PETROL,Petrol,2017,2315
BE,V,PETROL,Petrol,2018,3264
BE,V,PETROL,Petrol,2019,6240
BE,V,PETROL,Petrol,2020,4073
BE,V,PETROL,Petrol,2021,3295
BE,V,PETROL,Petrol,2022,2483
BE,V,PETROL,Petrol,2023,2570
BE,V,PETROL/ELECTRIC,PHEV,2020,3
BE,V,PETROL/ELECTRIC,PHEV,2021,24
BE,V,PETROL/ELECTRIC,PHEV,2022,264
BE,V,PETROL/ELECTRIC,PHEV,2023,776
BG,,DIESEL,Diesel,2010,41
BG,,DIESEL,Diesel,2011,1212
BG,,DIESEL,Diesel,2012,943
BG,,DIESEL,Diesel,2013,965
BG,,DIESEL,Diesel,2014,1032
BG,,DIESEL,Diesel,2015,1100
BG,,DIESEL,Diesel,2016,913
BG,,DIESEL,Diesel,2017,745
BG,,DIESEL,Diesel,2018,786
BG,,DIESEL,Diesel,2019,559
BG,,DIESEL,Diesel,2020,156
BG,,DIESEL,Diesel,2021,134
BG,,DIESEL,Diesel,2022,115
BG,,DIESEL,Diesel,2023,75
BG,,DIESEL,HEV,2019,7
BG,,DIESEL,HEV,2020,13
BG,,DIESEL,HEV,2021,13
BG,,DIESEL,HEV,2022,30
BG,,DIESEL,HEV,2023,14
BG,,DIESEL,Other,2010,14
BG,,DIESEL,Other,2012,1
BG,,E85,Other,2011,2
BG,,E85,Other,2012,1
BG,,ELECTRIC,BEV,2019,13
BG,,ELECTRIC,BEV,2020,7
BG,,ELECTRIC,BEV,2021,14
BG,,ELECTRIC,BEV,2022,62
BG,,ELECTRIC,BEV,2023,112
BG,,HYDROGEN,Other,2023,1
BG,,LPG,Other,2011,1
BG,,LPG,Other,2013,1
BG,,LPG,Other,2014,1
BG,,LPG,Other,2015,4
BG,,LPG,Other,2016,1
BG,,LPG,Other,2017,49
BG,,LPG,Other,2018,25
BG,,LPG,Other,2019,10
BG,,LPG,Other,2020,1
BG,,LPG,Other,2021,1
BG,,LPG,Other,2023,1
BG,,NG,Other,2019,1
BG,,NG-BIOMETHANE,Other,2011,1
BG,,NG-BIOMETHANE,Other,2013,1
BG,,PETROL,HEV,2019,46
BG,,PETROL,HEV,2020,33
BG,,PETROL,HEV,2021,104
BG,,PETROL,HEV,2022,260
BG,,PETROL,HEV,2023,370
BG,,PETROL,Other,2010,42
BG,,PETROL,Other,2011,2
BG,,PETROL,Other,2012,16
BG,,PETROL,Other,2013,42
BG,,PETROL,Petrol,2010,36
BG,,PETROL,Petrol,2011,1163
BG,,PETROL,Petrol,2012,834
BG,,PETROL,Petrol,2013,788
BG,,PETROL,Petrol,2014,828
BG,,PETROL,Petrol,2015,781
BG,,PETROL,Petrol,2016,841
BG,,PETROL,Petrol,2017,857
BG,,PETROL,Petrol,2018,665
BG,,PETROL,Petrol,2019,708
BG,,PETROL,Petrol,2020,292
BG,,PETROL,Petrol,2021,321
BG,,PETROL,Petrol,2022,323
BG,,PETROL,Petrol,2023,227
BG,,PETROL PHEV,Other,2015,3
BG,,PETROL-ELECTRIC,Other,2016,3
BG,,PETROL/ELECTRIC,Other,2017,4
BG,,PETROL/ELECTRIC,Other,2018,3
BG,,PETROL/ELECTRIC,PHEV,2019,4
BG,,PETROL/ELECTRIC,PHEV,2020,3
BG,,PETROL/ELECTRIC,PHEV,2021,8
BG,,PETROL/ELECTRIC,PHEV,2022,20
BG,,PETROL/ELECTRIC,PHEV,2023,121
BG,,UNKNOWN,Other,2020,2
BG,A,DIESEL,Diesel,2011,128
BG,A,DIESEL,Diesel,2012,155
BG,A,DIESEL,Diesel,2013,101
BG,A,DIESEL,Diesel,2014,157
BG,A,DIESEL,Diesel,2015,200
BG,A,DIESEL,Diesel,2016,131
BG,A,DIESEL,Diesel,2017,89
BG,A,DIESEL,Diesel,2018,42
BG,A,DIESEL,Diesel,2019,61
BG,A,DIESEL,Diesel,2020,95
BG,A,DIESEL,Diesel,2021,8
BG,A,DIESEL,Diesel,2022,4
BG,A,ELECTRIC,BEV,2016,12
BG,A,ELECTRIC,BEV,2017,56
BG,A,ELECTRIC,BEV,2018,94
BG,A,ELECTRIC,BEV,2019,16
BG,A,ELECTRIC,BEV,2020,167
BG,A,ELECTRIC,BEV,2021,130
BG,A,ELECTRIC,BEV,2022,260
BG,A,ELECTRIC,BEV,2023,356
BG,A,LPG,Other,2013,2
BG,A,LPG,Other,2014,4
BG,A,LPG,Other,2015,53
BG,A,LPG,Other,2016,300
BG,A,LPG,Other,2017,208
BG,A,LPG,Other,2018,90
BG,A,NG,Other,2018,20
BG,A,NG,Other,2019,53
BG,A,NG,Other,2020,47
BG,A,NG,Other,2021,47
BG,A,NG,Other,2022,7
BG,A,NG,Other,2023,9
BG,A,NG-BIOMETHANE,Other,2013,15
BG,A,NG-BIOMETHANE,Other,2014,9
BG,A,NG-BIOMETHANE,Other,2015,9
BG,A,NG-BIOMETHANE,Other,2016,6
BG,A,NG-BIOMETHANE,Other,2017,83
BG,A,PETROL,HEV,2020,4
BG,A,PETROL,HEV,2021,33
BG,A,PETROL,HEV,2022,48
BG,A,PETROL,HEV,2023,57
BG,A,PETROL,Petrol,2010,6
BG,A,PETROL,Petrol,2011,995
BG,A,PETROL,Petrol,2012,676
BG,A,PETROL,Petrol,2013,734
BG,A,PETROL,Petrol,2014,931
BG,A,PETROL,Petrol,2015,1010
BG,A,PETROL,Petrol,2016,1023
BG,A,PETROL,Petrol,2017,1066
BG,A,PETROL,Petrol,2018,937
BG,A,PETROL,Petrol,2019,1485
BG,A,PETROL,Petrol,2020,280
BG,A,PETROL,Petrol,2021,447
BG,A,PETROL,Petrol,2022,740
BG,A,PETROL,Petrol,2023,933
BG,A,PETROL-ELECTRIC,Other,2016,1
BG,A,PETROL/ELECTRIC,PHEV,2023,1
BG,B,DIESEL,Diesel,2010,152
BG,B,DIESEL,Diesel,2011,546
BG,B,DIESEL,Diesel,2012,542
BG,B,DIESEL,Diesel,2013,941
BG,B,DIESEL,Diesel,2014,960
BG,B,DIESEL,Diesel,2015,923
BG,B,DIESEL,Diesel,2016,940
BG,B,DIESEL,Diesel,2017,1123
BG,B,DIESEL,Diesel,2018,791
BG,B,DIESEL,Diesel,2019,529
BG,B,DIESEL,Diesel,2020,569
BG,B,DIESEL,Diesel,2021,211
BG,B,DIESEL,Diesel,2022,119
BG,B,DIESEL,Diesel,2023,96
BG,B,DIESEL,HEV,2020,1
BG,B,DIESEL,HEV,2021,14
BG,B,DIESEL,HEV,2022,9
BG,B,DIESEL,HEV,2023,15
BG,B,ELECTRIC,BEV,2016,6
BG,B,ELECTRIC,BEV,2017,6
BG,B,ELECTRIC,BEV,2018,3
BG,B,ELECTRIC,BEV,2019,3
BG,B,ELECTRIC,BEV,2020,36
BG,B,ELECTRIC,BEV,2021,45
BG,B,ELECTRIC,BEV,2022,50
BG,B,ELECTRIC,BEV,2023,238
BG,B,LPG,Other,2011,3
BG,B,LPG,Other,2013,8
BG,B,LPG,Other,2014,50
BG,B,LPG,Other,2015,27
BG,B,LPG,Other,2016,72
BG,B,LPG,Other,2017,56
BG,B,LPG,Other,2018,98
BG,B,LPG,Other,2019,92
BG,B,LPG,Other,2020,293
BG,B,LPG,Other,2021,573
BG,B,LPG,Other,2022,845
BG,B,LPG,Other,2023,1272
BG,B,NG,Other,2018,4
BG,B,NG,Other,2019,17
BG,B,NG,Other,2020,13
BG,B,NG,Other,2021,5
BG,B,NG,Other,2022,4
BG,B,NG,Other,2023,2
BG,B,NG-BIOMETHANE,Other,2011,11
BG,B,NG-BIOMETHANE,Other,2012,101
BG,B,NG-BIOMETHANE,Other,2014,52
BG,B,NG-BIOMETHANE,Other,2015,25
BG,B,NG-BIOMETHANE,Other,2016,14
BG,B,NG-BIOMETHANE,Other,2017,2
BG,B,PETROL,HEV,2019,180
BG,B,PETROL,HEV,2020,107
BG,B,PETROL,HEV,2021,406
BG,B,PETROL,HEV,2022,306
BG,B,PETROL,HEV,2023,428
BG,B,PETROL,Other,2011,1
BG,B,PETROL,Other,2012,6
BG,B,PETROL,Other,2013,30
BG,B,PETROL,Petrol,2010,196
BG,B,PETROL,Petrol,2011,1934
BG,B,PETROL,Petrol,2012,1817
BG,B,PETROL,Petrol,2013,1590
BG,B,PETROL,Petrol,2014,1832
BG,B,PETROL,Petrol,2015,2274
BG,B,PETROL,Petrol,2016,2639
BG,B,PETROL,Petrol,2017,3141
BG,B,PETROL,Petrol,2018,3438
BG,B,PETROL,Petrol,2019,3508
BG,B,PETROL,Petrol,2020,2572
BG,B,PETROL,Petrol,2021,2497
BG,B,PETROL,Petrol,2022,2887
BG,B,PETROL,Petrol,2023,3182
BG,B,PETROL-ELECTRIC,Other,2016,4
BG,B,PETROL/ELECTRIC,Other,2017,4
BG,B,PETROL/ELECTRIC,Other,2018,2
BG,B,PETROL/ELECTRIC,PHEV,2019,9
BG,B,PETROL/ELECTRIC,PHEV,2020,1
BG,B,PETROL/ELECTRIC,PHEV,2022,6
BG,B,PETROL/ELECTRIC,PHEV,2023,9
BG,B,UNKNOWN,Other,2019,1
BG,C,CNG,Other,2020,1
BG,C,DIESEL,Diesel,2010,250
BG,C,DIESEL,Diesel,2011,1853
BG,C,DIESEL,Diesel,2012,1732
BG,C,DIESEL,Diesel,2013,2006
BG,C,DIESEL,Diesel,2014,2363
BG,C,DIESEL,Diesel,2015,1986
BG,C,DIESEL,Diesel,2016,2372
BG,C,DIESEL,Diesel,2017,3029
BG,C,DIESEL,Diesel,2018,2466
BG,C,DIESEL,Diesel,2019,2629
BG,C,DIESEL,Diesel,2020,1894
BG,C,DIESEL,Diesel,2021,1235
BG,C,DIESEL,Diesel,2022,1026
BG,C,DIESEL,Diesel,2023,1285
BG,C,DIESEL,HEV,2020,46
BG,C,DIESEL,HEV,2021,140
BG,C,DIESEL,HEV,2022,71
BG,C,DIESEL,HEV,2023,173
BG,C,DIESEL,Other,2012,3
BG,C,DIESEL,Other,2013,4
BG,C,DIESEL/ELECTRIC,PHEV,2019,1
BG,C,DIESEL/ELECTRIC,PHEV,2020,1
BG,C,DIESEL/ELECTRIC,PHEV,2021,2
BG,C,DIESEL/ELECTRIC,PHEV,2022,4
BG,C,DIESEL/ELECTRIC,PHEV,2023,2
BG,C,E85,Other,2011,6
BG,C,E85,Other,2012,3
BG,C,ELECTRIC,BEV,2016,2
BG,C,ELECTRIC,BEV,2017,17
BG,C,ELECTRIC,BEV,2018,72
BG,C,ELECTRIC,BEV,2019,108
BG,C,ELECTRIC,BEV,2020,66
BG,C,ELECTRIC,BEV,2021,111
BG,C,ELECTRIC,BEV,2022,167
BG,C,ELECTRIC,BEV,2023,237
BG,C,LPG,Other,2011,1
BG,C,LPG,Other,2012,3
BG,C,LPG,Other,2013,17
BG,C,LPG,Other,2014,27
BG,C,LPG,Other,2015,24
BG,C,LPG,Other,2016,43
BG,C,LPG,Other,2017,46
BG,C,LPG,Other,2018,44
BG,C,LPG,Other,2019,61
BG,C,LPG,Other,2020,90
BG,C,LPG,Other,2021,200
BG,C,LPG,Other,2022,524
BG,C,LPG,Other,2023,967
BG,C,NG,Other,2018,51
BG,C,NG,Other,2019,122
BG,C,NG,Other,2020,363
BG,C,NG,Other,2021,93
BG,C,NG,Other,2022,58
BG,C,NG,Other,2023,59
BG,C,NG-BIOMETHANE,Other,2011,2
BG,C,NG-BIOMETHANE,Other,2012,6
BG,C,NG-BIOMETHANE,Other,2013,9
BG,C,NG-BIOMETHANE,Other,2014,8
BG,C,NG-BIOMETHANE,Other,2015,11
BG,C,NG-BIOMETHANE,Other,2016,18
BG,C,NG-BIOMETHANE,Other,2017,32
BG,C,PETROL,HEV,2019,801
BG,C,PETROL,HEV,2020,661
BG,C,PETROL,HEV,2021,1188
BG,C,PETROL,HEV,2022,1134
BG,C,PETROL,HEV,2023,1716
BG,C,PETROL,Other,2011,12
BG,C,PETROL,Other,2012,14
BG,C,PETROL,Other,2013,75
BG,C,PETROL,Petrol,2010,230
BG,C,PETROL,Petrol,2011,1996
BG,C,PETROL,Petrol,2012,1953
BG,C,PETROL,Petrol,2013,1962
BG,C,PETROL,Petrol,2014,2425
BG,C,PETROL,Petrol,2015,2126
BG,C,PETROL,Petrol,2016,2589
BG,C,PETROL,Petrol,2017,4381
BG,C,PETROL,Petrol,2018,5143
BG,C,PETROL,Petrol,2019,6727
BG,C,PETROL,Petrol,2020,2650
BG,C,PETROL,Petrol,2021,2781
BG,C,PETROL,Petrol,2022,3784
BG,C,PETROL,Petrol,2023,4363
BG,C,PETROL-ELECTRIC,Other,2015,1
BG,C,PETROL-ELECTRIC,Other,2016,5
BG,C,PETROL/ELECTRIC,Other,2017,37
BG,C,PETROL/ELECTRIC,Other,2018,10
BG,C,PETROL/ELECTRIC,PHEV,2019,8
BG,C,PETROL/ELECTRIC,PHEV,2020,37
BG,C,PETROL/ELECTRIC,PHEV,2021,181
BG,C,PETROL/ELECTRIC,PHEV,2022,129
BG,C,PETROL/ELECTRIC,PHEV,2023,133
BG,D,DIESEL,Diesel,2010,22
BG,D,DIESEL,Diesel,2011,861
BG,D,DIESEL,Diesel,2012,900
BG,D,DIESEL,Diesel,2013,932
BG,D,DIESEL,Diesel,2014,950
BG,D,DIESEL,Diesel,2015,1112
BG,D,DIESEL,Diesel,2016,1232
BG,D,DIESEL,Diesel,2017,1046
BG,D,DIESEL,Diesel,2018,1221
BG,D,DIESEL,Diesel,2019,1088
BG,D,DIESEL,Diesel,2020,720
BG,D,DIESEL,Diesel,2021,604
BG,D,DIESEL,Diesel,2022,627
BG,D,DIESEL,Diesel,2023,531
BG,D,DIESEL,HEV,2019,31
BG,D,DIESEL,HEV,2020,39
BG,D,DIESEL,HEV,2021,47
BG,D,DIESEL,HEV,2022,57
BG,D,DIESEL,HEV,2023,155
BG,D,DIESEL,Other,2012,4
BG,D,DIESEL,Other,2013,4
BG,D,ELECTRIC,BEV,2019,8
BG,D,ELECTRIC,BEV,2020,4
BG,D,ELECTRIC,BEV,2021,17
BG,D,ELECTRIC,BEV,2022,30
BG,D,ELECTRIC,BEV,2023,93
BG,D,LPG,Other,2012,1
BG,D,LPG,Other,2014,2
BG,D,LPG,Other,2015,4
BG,D,LPG,Other,2016,5
BG,D,LPG,Other,2017,64
BG,D,LPG,Other,2018,77
BG,D,LPG,Other,2019,107
BG,D,LPG,Other,2020,24
BG,D,LPG,Other,2021,4
BG,D,NG,Other,2019,1
BG,D,NG-BIOMETHANE,Other,2011,4
BG,D,NG-BIOMETHANE,Other,2012,9
BG,D,NG-BIOMETHANE,Other,2013,1
BG,D,NG-BIOMETHANE,Other,2014,1
BG,D,NG-BIOMETHANE,Other,2017,2
BG,D,PETROL,HEV,2019,57
BG,D,PETROL,HEV,2020,56
BG,D,PETROL,HEV,2021,68
BG,D,PETROL,HEV,2022,107
BG,D,PETROL,HEV,2023,186
BG,D,PETROL,Other,2010,8
BG,D,PETROL,Petrol,2010,13
BG,D,PETROL,Petrol,2011,736
BG,D,PETROL,Petrol,2012,538
BG,D,PETROL,Petrol,2013,368
BG,D,PETROL,Petrol,2014,342
BG,D,PETROL,Petrol,2015,335
BG,D,PETROL,Petrol,2016,470
BG,D,PETROL,Petrol,2017,597
BG,D,PETROL,Petrol,2018,797
BG,D,PETROL,Petrol,2019,795
BG,D,PETROL,Petrol,2020,398
BG,D,PETROL,Petrol,2021,485
BG,D,PETROL,Petrol,2022,443
BG,D,PETROL,Petrol,2023,549
BG,D,PETROL-ELECTRIC,Other,2016,26
BG,D,PETROL/ELECTRIC,Other,2017,8
BG,D,PETROL/ELECTRIC,Other,2018,4
BG,D,PETROL/ELECTRIC,PHEV,2019,1
BG,D,PETROL/ELECTRIC,PHEV,2020,13
BG,D,PETROL/ELECTRIC,PHEV,2021,75
BG,D,PETROL/ELECTRIC,PHEV,2022,80
BG,D,PETROL/ELECTRIC,PHEV,2023,80
BG,E,DIESEL,Diesel,2011,101
BG,E,DIESEL,Diesel,2012,103
BG,E,DIESEL,Diesel,2013,82
BG,E,DIESEL,Diesel,2014,37
BG,E,DIESEL,Diesel,2015,47
BG,E,DIESEL,Diesel,2016,72
BG,E,DIESEL,Diesel,2017,174
BG,E,DIESEL,Diesel,2018,225
BG,E,DIESEL,Diesel,2019,235
BG,E,DIESEL,Diesel,2020,140
BG,E,DIESEL,Diesel,2021,146
BG,E,DIESEL,Diesel,2022,204
BG,E,DIESEL,Diesel,2023,245
BG,E,DIESEL,HEV,2019,15
BG,E,DIESEL,HEV,2020,34
BG,E,DIESEL,HEV,2021,36
BG,E,DIESEL,HEV,2022,46
BG,E,DIESEL,HEV,2023,41
BG,E,ELECTRIC,BEV,2022,28
BG,E,ELECTRIC,BEV,2023,73
BG,E,NG-BIOMETHANE,Other,2012,2
BG,E,PETROL,HEV,2019,75
BG,E,PETROL,HEV,2020,116
BG,E,PETROL,HEV,2021,120
BG,E,PETROL,HEV,2022,159
BG,E,PETROL,HEV,2023,158
BG,E,PETROL,Petrol,2011,29
BG,E,PETROL,Petrol,2012,21
BG,E,PETROL,Petrol,2013,22
BG,E,PETROL,Petrol,2014,21
BG,E,PETROL,Petrol,2015,23
BG,E,PETROL,Petrol,2016,19
BG,E,PETROL,Petrol,2017,159
BG,E,PETROL,Petrol,2018,207
BG,E,PETROL,Petrol,2019,288
BG,E,PETROL,Petrol,2020,113
BG,E,PETROL,Petrol,2021,108
BG,E,PETROL,Petrol,2022,148
BG,E,PETROL,Petrol,2023,135
BG,E,PETROL/ELECTRIC,Other,2017,7
BG,E,PETROL/ELECTRIC,Other,2018,5
BG,E,PETROL/ELECTRIC,PHEV,2019,6
BG,E,PETROL/ELECTRIC,PHEV,2020,1
BG,E,PETROL/ELECTRIC,PHEV,2021,20
BG,E,PETROL/ELECTRIC,PHEV,2022,10
BG,E,PETROL/ELECTRIC,PHEV,2023,14
BG,F,DIESEL,Diesel,2011,51
BG,F,DIESEL,Diesel,2012,121
BG,F,DIESEL,Diesel,2013,87
BG,F,DIESEL,Diesel,2014,54
BG,F,DIESEL,Diesel,2015,69
BG,F,DIESEL,Diesel,2016,105
BG,F,DIESEL,Diesel,2017,89
BG,F,DIESEL,Diesel,2018,115
BG,F,DIESEL,Diesel,2019,117
BG,F,DIESEL,Diesel,2020,81
BG,F,DIESEL,Diesel,2021,139
BG,F,DIESEL,Diesel,2022,137
BG,F,DIESEL,Diesel,2023,120
BG,F,DIESEL,HEV,2019,9
BG,F,DIESEL,HEV,2020,12
BG,F,DIESEL,HEV,2021,14
BG,F,DIESEL,HEV,2022,22
BG,F,DIESEL,HEV,2023,63
BG,F,ELECTRIC,BEV,2016,4
BG,F,ELECTRIC,BEV,2017,4
BG,F,ELECTRIC,BEV,2018,1
BG,F,ELECTRIC,BEV,2019,3
BG,F,ELECTRIC,BEV,2020,10
BG,F,ELECTRIC,BEV,2021,12
BG,F,ELECTRIC,BEV,2022,24
BG,F,ELECTRIC,BEV,2023,91
BG,F,LPG,Other,2012,1
BG,F,LPG,Other,2013,1
BG,F,LPG,Other,2014,2
BG,F,PETROL,HEV,2019,25
BG,F,PETROL,HEV,2020,13
BG,F,PETROL,HEV,2021,8
BG,F,PETROL,HEV,2022,22
BG,F,PETROL,HEV,2023,53
BG,F,PETROL,Other,2013,7
BG,F,PETROL,Petrol,2011,180
BG,F,PETROL,Petrol,2012,394
BG,F,PETROL,Petrol,2013,279
BG,F,PETROL,Petrol,2014,75
BG,F,PETROL,Petrol,2015,53
BG,F,PETROL,Petrol,2016,83
BG,F,PETROL,Petrol,2017,83
BG,F,PETROL,Petrol,2018,151
BG,F,PETROL,Petrol,2019,204
BG,F,PETROL,Petrol,2020,145
BG,F,PETROL,Petrol,2021,258
BG,F,PETROL,Petrol,2022,308
BG,F,PETROL,Petrol,2023,434
BG,F,PETROL-ELECTRIC,Other,2016,1
BG,F,PETROL/ELECTRIC,PHEV,2019,2
BG,F,PETROL/ELECTRIC,PHEV,2020,1
BG,F,PETROL/ELECTRIC,PHEV,2021,8
BG,F,PETROL/ELECTRIC,PHEV,2022,18
BG,F,PETROL/ELECTRIC,PHEV,2023,30
BG,JA,DIESEL,Diesel,2011,24
BG,JA,DIESEL,Diesel,2012,7
BG,JA,DIESEL,Diesel,2013,19
BG,JA,DIESEL,Diesel,2014,2
BG,JA,DIESEL,Diesel,2015,6
BG,JA,DIESEL,Diesel,2016,75
BG,JA,DIESEL,Diesel,2017,19
BG,JA,DIESEL,Diesel,2018,86
BG,JA,DIESEL,Diesel,2019,25
BG,JA,DIESEL,Diesel,2020,34
BG,JA,DIESEL,Diesel,2021,7
BG,JA,DIESEL,Diesel,2022,93
BG,JA,DIESEL,Diesel,2023,5
BG,JA,ELECTRIC,BEV,2022,1
BG,JA,ELECTRIC,BEV,2023,8
BG,JA,NG,Other,2020,21
BG,JA,NG,Other,2021,30
BG,JA,NG,Other,2022,10
BG,JA,PETROL,HEV,2019,6
BG,JA,PETROL,HEV,2020,45
BG,JA,PETROL,HEV,2021,87
BG,JA,PETROL,HEV,2022,36
BG,JA,PETROL,HEV,2023,29
BG,JA,PETROL,Petrol,2011,1
BG,JA,PETROL,Petrol,2012,2
BG,JA,PETROL,Petrol,2014,1
BG,JA,PETROL,Petrol,2015,1
BG,JA,PETROL,Petrol,2016,7
BG,JA,PETROL,Petrol,2017,143
BG,JA,PETROL,Petrol,2018,169
BG,JA,PETROL,Petrol,2019,122
BG,JA,PETROL,Petrol,2020,159
BG,JA,PETROL,Petrol,2021,210
BG,JA,PETROL,Petrol,2022,239
BG,JA,PETROL,Petrol,2023,782
BG,JB,DIESEL,Diesel,2010,101
BG,JB,DIESEL,Diesel,2011,84
BG,JB,DIESEL,Diesel,2012,107
BG,JB,DIESEL,Diesel,2013,300
BG,JB,DIESEL,Diesel,2014,817
BG,JB,DIESEL,Diesel,2015,948
BG,JB,DIESEL,Diesel,2016,891
BG,JB,DIESEL,Diesel,2017,727
BG,JB,DIESEL,Diesel,2018,1076
BG,JB,DIESEL,Diesel,2019,1053
BG,JB,DIESEL,Diesel,2020,755
BG,JB,DIESEL,Diesel,2021,683
BG,JB,DIESEL,Diesel,2022,544
BG,JB,DIESEL,Diesel,2023,624
BG,JB,DIESEL,Other,2018,1
BG,JB,ELECTRIC,BEV,2017,8
BG,JB,ELECTRIC,BEV,2018,22
BG,JB,ELECTRIC,BEV,2019,141
BG,JB,ELECTRIC,BEV,2020,146
BG,JB,ELECTRIC,BEV,2021,64
BG,JB,ELECTRIC,BEV,2022,110
BG,JB,ELECTRIC,BEV,2023,311
BG,JB,LPG,Other,2011,2
BG,JB,LPG,Other,2012,7
BG,JB,LPG,Other,2013,8
BG,JB,LPG,Other,2014,6
BG,JB,LPG,Other,2015,4
BG,JB,LPG,Other,2016,76
BG,JB,LPG,Other,2017,40
BG,JB,LPG,Other,2018,10
BG,JB,LPG,Other,2019,356
BG,JB,LPG,Other,2020,456
BG,JB,LPG,Other,2021,391
BG,JB,LPG,Other,2022,420
BG,JB,LPG,Other,2023,641
BG,JB,NG,Other,2019,4
BG,JB,NG,Other,2020,6
BG,JB,NG,Other,2021,6
BG,JB,NG,Other,2022,1
BG,JB,NG,Other,2023,5
BG,JB,NG-BIOMETHANE,Other,2014,1
BG,JB,NG-BIOMETHANE,Other,2015,1
BG,JB,PETROL,HEV,2019,64
BG,JB,PETROL,HEV,2020,89
BG,JB,PETROL,HEV,2021,654
BG,JB,PETROL,HEV,2022,738
BG,JB,PETROL,HEV,2023,797
BG,JB,PETROL,Other,2018,1
BG,JB,PETROL,Petrol,2010,99
BG,JB,PETROL,Petrol,2011,254
BG,JB,PETROL,Petrol,2012,191
BG,JB,PETROL,Petrol,2013,271
BG,JB,PETROL,Petrol,2014,351
BG,JB,PETROL,Petrol,2015,488
BG,JB,PETROL,Petrol,2016,847
BG,JB,PETROL,Petrol,2017,970
BG,JB,PETROL,Petrol,2018,1626
BG,JB,PETROL,Petrol,2019,2678
BG,JB,PETROL,Petrol,2020,1373
BG,JB,PETROL,Petrol,2021,1349
BG,JB,PETROL,Petrol,2022,1874
BG,JB,PETROL,Petrol,2023,2849
BG,JB,PETROL/ELECTRIC,Other,2017,4
BG,JB,PETROL/ELECTRIC,Other,2018,17
BG,JB,PETROL/ELECTRIC,PHEV,2019,6
BG,JB,PETROL/ELECTRIC,PHEV,2020,17
BG,JB,PETROL/ELECTRIC,PHEV,2021,34
BG,JB,PETROL/ELECTRIC,PHEV,2022,124
BG,JB,PETROL/ELECTRIC,PHEV,2023,84
BG,JC,DIESEL,Diesel,2010,1
BG,JC,DIESEL,Diesel,2011,493
BG,JC,DIESEL,Diesel,2012,666
BG,JC,DIESEL,Diesel,2013,1389
BG,JC,DIESEL,Diesel,2014,1038
BG,JC,DIESEL,Diesel,2015,1438
BG,JC,DIESEL,Diesel,2016,1956
BG,JC,DIESEL,Diesel,2017,2659
BG,JC,DIESEL,Diesel,2018,2262
BG,JC,DIESEL,Diesel,2019,1671
BG,JC,DIESEL,Diesel,2020,1173
BG,JC,DIESEL,Diesel,2021,699
BG,JC,DIESEL,Diesel,2022,765
BG,JC,DIESEL,Diesel,2023,799
BG,JC,DIESEL,HEV,2019,15
BG,JC,DIESEL,HEV,2020,43
BG,JC,DIESEL,HEV,2021,218
BG,JC,DIESEL,HEV,2022,281
BG,JC,DIESEL,HEV,2023,320
BG,JC,DIESEL/ELECTRIC,PHEV,2021,3
BG,JC,ELECTRIC,BEV,2020,14
BG,JC,ELECTRIC,BEV,2021,75
BG,JC,ELECTRIC,BEV,2022,190
BG,JC,ELECTRIC,BEV,2023,427
BG,JC,PETROL,HEV,2019,501
BG,JC,PETROL,HEV,2020,369
BG,JC,PETROL,HEV,2021,1106
BG,JC,PETROL,HEV,2022,2436
BG,JC,PETROL,HEV,2023,3627
BG,JC,PETROL,PHEV,2020,1
BG,JC,PETROL,Petrol,2010,1
BG,JC,PETROL,Petrol,2011,447
BG,JC,PETROL,Petrol,2012,448
BG,JC,PETROL,Petrol,2013,668
BG,JC,PETROL,Petrol,2014,530
BG,JC,PETROL,Petrol,2015,724
BG,JC,PETROL,Petrol,2016,810
BG,JC,PETROL,Petrol,2017,1658
BG,JC,PETROL,Petrol,2018,2924
BG,JC,PETROL,Petrol,2019,3892
BG,JC,PETROL,Petrol,2020,2153
BG,JC,PETROL,Petrol,2021,2239
BG,JC,PETROL,Petrol,2022,1186
BG,JC,PETROL,Petrol,2023,1261
BG,JC,PETROL/ELECTRIC,Other,2017,5
BG,JC,PETROL/ELECTRIC,Other,2018,11
BG,JC,PETROL/ELECTRIC,PHEV,2019,10
BG,JC,PETROL/ELECTRIC,PHEV,2020,50
BG,JC,PETROL/ELECTRIC,PHEV,2021,66
BG,JC,PETROL/ELECTRIC,PHEV,2022,149
BG,JC,PETROL/ELECTRIC,PHEV,2023,212
BG,JD,DIESEL,Diesel,2011,233
BG,JD,DIESEL,Diesel,2012,297
BG,JD,DIESEL,Diesel,2013,204
BG,JD,DIESEL,Diesel,2014,222
BG,JD,DIESEL,Diesel,2015,227
BG,JD,DIESEL,Diesel,2016,287
BG,JD,DIESEL,Diesel,2017,462
BG,JD,DIESEL,Diesel,2018,597
BG,JD,DIESEL,Diesel,2019,707
BG,JD,DIESEL,Diesel,2020,438
BG,JD,DIESEL,Diesel,2021,326
BG,JD,DIESEL,Diesel,2022,132
BG,JD,DIESEL,Diesel,2023,199
BG,JD,DIESEL,HEV,2019,93
BG,JD,DIESEL,HEV,2020,102
BG,JD,DIESEL,HEV,2021,179
BG,JD,DIESEL,HEV,2022,235
BG,JD,DIESEL,HEV,2023,337
BG,JD,DIESEL-ELECTRIC,Other,2016,2
BG,JD,DIESEL/ELECTRIC,Other,2018,1
BG,JD,DIESEL/ELECTRIC,PHEV,2020,2
BG,JD,DIESEL/ELECTRIC,PHEV,2021,7
BG,JD,DIESEL/ELECTRIC,PHEV,2022,1
BG,JD,DIESEL/ELECTRIC,PHEV,2023,11
BG,JD,ELECTRIC,BEV,2020,15
BG,JD,ELECTRIC,BEV,2021,45
BG,JD,ELECTRIC,BEV,2022,93
BG,JD,ELECTRIC,BEV,2023,325
BG,JD,LPG,Other,2014,4
BG,JD,LPG,Other,2016,5
BG,JD,PETROL,HEV,2019,283
BG,JD,PETROL,HEV,2020,425
BG,JD,PETROL,HEV,2021,564
BG,JD,PETROL,HEV,2022,654
BG,JD,PETROL,HEV,2023,911
BG,JD,PETROL,Petrol,2011,23
BG,JD,PETROL,Petrol,2012,96
BG,JD,PETROL,Petrol,2013,100
BG,JD,PETROL,Petrol,2014,161
BG,JD,PETROL,Petrol,2015,93
BG,JD,PETROL,Petrol,2016,283
BG,JD,PETROL,Petrol,2017,534
BG,JD,PETROL,Petrol,2018,703
BG,JD,PETROL,Petrol,2019,911
BG,JD,PETROL,Petrol,2020,329
BG,JD,PETROL,Petrol,2021,340
BG,JD,PETROL,Petrol,2022,288
BG,JD,PETROL,Petrol,2023,329
BG,JD,PETROL-ELECTRIC,Other,2015,1
BG,JD,PETROL/ELECTRIC,Other,2017,26
BG,JD,PETROL/ELECTRIC,Other,2018,24
BG,JD,PETROL/ELECTRIC,PHEV,2019,22
BG,JD,PETROL/ELECTRIC,PHEV,2020,23
BG,JD,PETROL/ELECTRIC,PHEV,2021,51
BG,JD,PETROL/ELECTRIC,PHEV,2022,160
BG,JD,PETROL/ELECTRIC,PHEV,2023,319
BG,JE,DIESEL,Diesel,2011,6
BG,JE,DIESEL,Diesel,2012,25
BG,JE,DIESEL,Diesel,2013,43
BG,JE,DIESEL,Diesel,2014,55
BG,JE,DIESEL,Diesel,2015,99
BG,JE,DIESEL,Diesel,2016,166
BG,JE,DIESEL,Diesel,2017,172
BG,JE,DIESEL,Diesel,2018,158
BG,JE,DIESEL,Diesel,2019,278
BG,JE,DIESEL,Diesel,2020,262
BG,JE,DIESEL,Diesel,2021,179
BG,JE,DIESEL,Diesel,2022,97
BG,JE,DIESEL,Diesel,2023,81
BG,JE,DIESEL,HEV,2019,128
BG,JE,DIESEL,HEV,2020,137
BG,JE,DIESEL,HEV,2021,251
BG,JE,DIESEL,HEV,2022,247
BG,JE,DIESEL,HEV,2023,361
BG,JE,DIESEL/ELECTRIC,PHEV,2020,2
BG,JE,DIESEL/ELECTRIC,PHEV,2021,3
BG,JE,DIESEL/ELECTRIC,PHEV,2022,7
BG,JE,DIESEL/ELECTRIC,PHEV,2023,5
BG,JE,ELECTRIC,BEV,2016,12
BG,JE,ELECTRIC,BEV,2017,8
BG,JE,ELECTRIC,BEV,2018,3
BG,JE,ELECTRIC,BEV,2019,5
BG,JE,ELECTRIC,BEV,2020,3
BG,JE,ELECTRIC,BEV,2021,10
BG,JE,ELECTRIC,BEV,2022,33
BG,JE,ELECTRIC,BEV,2023,65
BG,JE,PETROL,HEV,2019,104
BG,JE,PETROL,HEV,2020,173
BG,JE,PETROL,HEV,2021,279
BG,JE,PETROL,HEV,2022,354
BG,JE,PETROL,HEV,2023,315
BG,JE,PETROL,Other,2011,3
BG,JE,PETROL,Other,2012,1
BG,JE,PETROL,Other,2013,3
BG,JE,PETROL,Petrol,2011,21
BG,JE,PETROL,Petrol,2012,14
BG,JE,PETROL,Petrol,2013,9
BG,JE,PETROL,Petrol,2014,9
BG,JE,PETROL,Petrol,2015,27
BG,JE,PETROL,Petrol,2016,104
BG,JE,PETROL,Petrol,2017,138
BG,JE,PETROL,Petrol,2018,213
BG,JE,PETROL,Petrol,2019,129
BG,JE,PETROL,Petrol,2020,109
BG,JE,PETROL,Petrol,2021,106
BG,JE,PETROL,Petrol,2022,121
BG,JE,PETROL,Petrol,2023,120
BG,JE,PETROL/ELECTRIC,Other,2017,5
BG,JE,PETROL/ELECTRIC,Other,2018,2
BG,JE,PETROL/ELECTRIC,PHEV,2019,5
BG,JE,PETROL/ELECTRIC,PHEV,2020,26
BG,JE,PETROL/ELECTRIC,PHEV,2021,31
BG,JE,PETROL/ELECTRIC,PHEV,2022,85
BG,JE,PETROL/ELECTRIC,PHEV,2023,182
BG,JF,DIESEL,Diesel,2011,199
BG,JF,DIESEL,Diesel,2012,320
BG,JF,DIESEL,Diesel,2013,308
BG,JF,DIESEL,Diesel,2014,350
BG,JF,DIESEL,Diesel,2015,298
BG,JF,DIESEL,Diesel,2016,318
BG,JF,DIESEL,Diesel,2017,280
BG,JF,DIESEL,Diesel,2018,245
BG,JF,DIESEL,Diesel,2019,228
BG,JF,DIESEL,Diesel,2020,206
BG,JF,DIESEL,Diesel,2021,221
BG,JF,DIESEL,Diesel,2022,243
BG,JF,DIESEL,Diesel,2023,184
BG,JF,DIESEL,HEV,2019,23
BG,JF,DIESEL,HEV,2020,13
BG,JF,DIESEL,HEV,2021,67
BG,JF,DIESEL,HEV,2022,125
BG,JF,DIESEL,HEV,2023,177
BG,JF,ELECTRIC,BEV,2020,4
BG,JF,ELECTRIC,BEV,2021,11
BG,JF,ELECTRIC,BEV,2022,21
BG,JF,ELECTRIC,BEV,2023,7
BG,JF,PETROL,HEV,2019,13
BG,JF,PETROL,HEV,2020,34
BG,JF,PETROL,HEV,2021,81
BG,JF,PETROL,HEV,2022,131
BG,JF,PETROL,HEV,2023,98
BG,JF,PETROL,Petrol,2011,17
BG,JF,PETROL,Petrol,2012,36
BG,JF,PETROL,Petrol,2013,39
BG,JF,PETROL,Petrol,2014,52
BG,JF,PETROL,Petrol,2015,42
BG,JF,PETROL,Petrol,2016,73
BG,JF,PETROL,Petrol,2017,120
BG,JF,PETROL,Petrol,2018,56
BG,JF,PETROL,Petrol,2019,79
BG,JF,PETROL,Petrol,2020,31
BG,JF,PETROL,Petrol,2021,42
BG,JF,PETROL,Petrol,2022,26
BG,JF,PETROL,Petrol,2023,84
BG,JF,PETROL/ELECTRIC,Other,2018,1
BG,JF,PETROL/ELECTRIC,PHEV,2019,4
BG,JF,PETROL/ELECTRIC,PHEV,2020,1
BG,JF,PETROL/ELECTRIC,PHEV,2021,7
BG,JF,PETROL/ELECTRIC,PHEV,2022,37
BG,JF,PETROL/ELECTRIC,PHEV,2023,42
BG,V,DIESEL,Diesel,2010,8
BG,V,DIESEL,Diesel,2011,281
BG,V,DIESEL,Diesel,2012,347
BG,V,DIESEL,Diesel,2013,400
BG,V,DIESEL,Diesel,2014,496
BG,V,DIESEL,Diesel,2015,395
BG,V,DIESEL,Diesel,2016,426
BG,V,DIESEL,Diesel,2017,564
BG,V,DIESEL,Diesel,2018,547
BG,V,DIESEL,Diesel,2019,660
BG,V,DIESEL,Diesel,2020,396
BG,V,DIESEL,Diesel,2021,362
BG,V,DIESEL,Diesel,2022,416
BG,V,DIESEL,Diesel,2023,639
BG,V,DIESEL,HEV,2020,1
BG,V,DIESEL,HEV,2021,48
BG,V,DIESEL,HEV,2022,42
BG,V,DIESEL,HEV,2023,7
BG,V,ELECTRIC,BEV,2020,1
BG,V,ELECTRIC,BEV,2022,12
BG,V,ELECTRIC,BEV,2023,39
BG,V,LPG,Other,2011,5
BG,V,LPG,Other,2012,17
BG,V,LPG,Other,2013,3
BG,V,NG,Other,2018,172
BG,V,NG,Other,2019,88
BG,V,NG,Other,2020,91
BG,V,NG,Other,2021,15
BG,V,NG,Other,2023,3
BG,V,NG-BIOMETHANE,Other,2011,108
BG,V,NG-BIOMETHANE,Other,2012,189
BG,V,NG-BIOMETHANE,Other,2013,168
BG,V,NG-BIOMETHANE,Other,2014,124
BG,V,NG-BIOMETHANE,Other,2015,125
BG,V,NG-BIOMETHANE,Other,2016,18
BG,V,NG-BIOMETHANE,Other,2017,96
BG,V,NG-BIOMETHANE,Other,2019,1
BG,V,PETROL,HEV,2022,1
BG,V,PETROL,Petrol,2011,4
BG,V,PETROL,Petrol,2012,6
BG,V,PETROL,Petrol,2013,1
BG,V,PETROL,Petrol,2014,4
BG,V,PETROL,Petrol,2015,3
BG,V,PETROL,Petrol,2016,3
BG,V,PETROL,Petrol,2017,19
BG,V,PETROL,Petrol,2018,5
BG,V,PETROL,Petrol,2019,12
BG,V,PETROL,Petrol,2020,9
BG,V,PETROL,Petrol,2021,9
BG,V,PETROL,Petrol,2022,22
BG,V,PETROL,Petrol,2023,51
BG,V,PETROL/ELECTRIC,PHEV,2022,2
BG,V,PETROL/ELECTRIC,PHEV,2023,5
CY,,DIESEL,Diesel,2010,310
CY,,DIESEL,Diesel,2011,374
CY,,DIESEL,Diesel,2012,163
CY,,DIESEL,Diesel,2013,60
CY,,DIESEL,Diesel,2014,47
CY,,DIESEL,Diesel,2015,47
CY,,DIESEL,Diesel,2016,73
CY,,DIESEL,Diesel,2017,76
CY,,DIESEL,Diesel,2018,60
CY,,DIESEL,Diesel,2019,40
CY,,DIESEL,Diesel,2020,57
CY,,DIESEL,Diesel,2021,30
CY,,DIESEL,Diesel,2022,19
CY,,DIESEL,Diesel,2023,28
CY,,DIESEL,HEV,2022,3
CY,,DIESEL,HEV,2023,7
CY,,ELECTRIC,BEV,2020,1
CY,,ELECTRIC,BEV,2021,4
CY,,ELECTRIC,BEV,2022,10
CY,,ELECTRIC,BEV,2023,149
CY,,ELECTRIC,Other,2011,50
CY,,ELECTRIC,Other,2012,19
CY,,PETROL,HEV,2020,1
CY,,PETROL,HEV,2021,7
CY,,PETROL,HEV,2022,9
CY,,PETROL,HEV,2023,102
CY,,PETROL,Other,2018,1
CY,,PETROL,Petrol,2010,899
CY,,PETROL,Petrol,2011,856
CY,,PETROL,Petrol,2012,512
CY,,PETROL,Petrol,2013,243
CY,,PETROL,Petrol,2014,217
CY,,PETROL,Petrol,2015,127
CY,,PETROL,Petrol,2016,128
CY,,PETROL,Petrol,2017,42
CY,,PETROL,Petrol,2018,10
CY,,PETROL,Petrol,2019,14
CY,,PETROL,Petrol,2020,17
CY,,PETROL,Petrol,2021,26
CY,,PETROL,Petrol,2022,30
CY,,PETROL,Petrol,2023,18
CY,,PETROL/ELECTRIC,Other,2017,2
CY,,PETROL/ELECTRIC,PHEV,2019,2
CY,,PETROL/ELECTRIC,PHEV,2020,3
CY,,PETROL/ELECTRIC,PHEV,2021,3
CY,,PETROL/ELECTRIC,PHEV,2022,8
CY,,PETROL/ELECTRIC,PHEV,2023,10
CY,A,DIESEL,Diesel,2010,167
CY,A,DIESEL,Diesel,2011,119
CY,A,DIESEL,Diesel,2012,47
CY,A,DIESEL,Diesel,2013,88
CY,A,DIESEL,Diesel,2014,105
CY,A,DIESEL,Diesel,2015,119
CY,A,DIESEL,Diesel,2016,146
CY,A,DIESEL,Diesel,2017,134
CY,A,DIESEL,Diesel,2018,84
CY,A,DIESEL,Diesel,2019,110
CY,A,DIESEL,Diesel,2020,31
CY,A,DIESEL,Diesel,2021,9
CY,A,DIESEL,Diesel,2022,1
CY,A,ELECTRIC,BEV,2022,17
CY,A,ELECTRIC,BEV,2023,10
CY,A,PETROL,HEV,2020,1
CY,A,PETROL,HEV,2021,4
CY,A,PETROL,HEV,2022,21
CY,A,PETROL,HEV,2023,8
CY,A,PETROL,Petrol,2010,1309
CY,A,PETROL,Petrol,2011,1659
CY,A,PETROL,Petrol,2012,1480
CY,A,PETROL,Petrol,2013,743
CY,A,PETROL,Petrol,2014,675
CY,A,PETROL,Petrol,2015,791
CY,A,PETROL,Petrol,2016,1004
CY,A,PETROL,Petrol,2017,767
CY,A,PETROL,Petrol,2018,678
CY,A,PETROL,Petrol,2019,638
CY,A,PETROL,Petrol,2020,285
CY,A,PETROL,Petrol,2021,312
CY,A,PETROL,Petrol,2022,531
CY,A,PETROL,Petrol,2023,500
CY,A,PETROL/ELECTRIC,PHEV,2022,1
CY,B,DIESEL,Diesel,2010,184
CY,B,DIESEL,Diesel,2011,120
CY,B,DIESEL,Diesel,2012,156
CY,B,DIESEL,Diesel,2013,237
CY,B,DIESEL,Diesel,2014,288
CY,B,DIESEL,Diesel,2015,247
CY,B,DIESEL,Diesel,2016,247
CY,B,DIESEL,Diesel,2017,191
CY,B,DIESEL,Diesel,2018,146
CY,B,DIESEL,Diesel,2019,112
CY,B,DIESEL,Diesel,2020,37
CY,B,DIESEL,Diesel,2021,14
CY,B,DIESEL,Diesel,2022,7
CY,B,DIESEL,Diesel,2023,3
CY,B,DIESEL,HEV,2021,3
CY,B,DIESEL,HEV,2022,3
CY,B,DIESEL,HEV,2023,3
CY,B,ELECTRIC,BEV,2020,1
CY,B,ELECTRIC,BEV,2021,2
CY,B,ELECTRIC,BEV,2022,16
CY,B,ELECTRIC,BEV,2023,9
CY,B,ELECTRIC,Other,2011,34
CY,B,ELECTRIC,Other,2012,43
CY,B,LPG,Other,2021,2
CY,B,LPG,Other,2022,2
CY,B,PETROL,HEV,2019,103
CY,B,PETROL,HEV,2020,81
CY,B,PETROL,HEV,2021,192
CY,B,PETROL,HEV,2022,188
CY,B,PETROL,HEV,2023,227
CY,B,PETROL,Other,2017,2
CY,B,PETROL,Other,2018,7
CY,B,PETROL,Petrol,2010,2192
CY,B,PETROL,Petrol,2011,2114
CY,B,PETROL,Petrol,2012,1890
CY,B,PETROL,Petrol,2013,1342
CY,B,PETROL,Petrol,2014,1317
CY,B,PETROL,Petrol,2015,1496
CY,B,PETROL,Petrol,2016,1785
CY,B,PETROL,Petrol,2017,1955
CY,B,PETROL,Petrol,2018,1973
CY,B,PETROL,Petrol,2019,1640
CY,B,PETROL,Petrol,2020,1032
CY,B,PETROL,Petrol,2021,1043
CY,B,PETROL,Petrol,2022,1200
CY,B,PETROL,Petrol,2023,1246
CY,B,PETROL-ELECTRIC,Other,2016,5
CY,B,PETROL/ELECTRIC,PHEV,2019,3
CY,B,PETROL/ELECTRIC,PHEV,2022,1
CY,B,PETROL/ELECTRIC,PHEV,2023,16
CY,C,DIESEL,Diesel,2010,824
CY,C,DIESEL,Diesel,2011,695
CY,C,DIESEL,Diesel,2012,497
CY,C,DIESEL,Diesel,2013,251
CY,C,DIESEL,Diesel,2014,332
CY,C,DIESEL,Diesel,2015,410
CY,C,DIESEL,Diesel,2016,596
CY,C,DIESEL,Diesel,2017,629
CY,C,DIESEL,Diesel,2018,605
CY,C,DIESEL,Diesel,2019,388
CY,C,DIESEL,Diesel,2020,328
CY,C,DIESEL,Diesel,2021,156
CY,C,DIESEL,Diesel,2022,74
CY,C,DIESEL,Diesel,2023,30
CY,C,DIESEL,HEV,2020,5
CY,C,DIESEL,HEV,2021,13
CY,C,DIESEL,HEV,2022,20
CY,C,DIESEL,HEV,2023,28
CY,C,DIESEL/ELECTRIC,PHEV,2021,2
CY,C,ELECTRIC,BEV,2018,5
CY,C,ELECTRIC,BEV,2020,6
CY,C,ELECTRIC,BEV,2021,12
CY,C,ELECTRIC,BEV,2022,97
CY,C,ELECTRIC,BEV,2023,108
CY,C,ELECTRIC,Other,2010,21
CY,C,ELECTRIC,Other,2011,48
CY,C,ELECTRIC,Other,2012,14
CY,C,PETROL,HEV,2019,119
CY,C,PETROL,HEV,2020,130
CY,C,PETROL,HEV,2021,278
CY,C,PETROL,HEV,2022,412
CY,C,PETROL,HEV,2023,667
CY,C,PETROL,Other,2018,1
CY,C,PETROL,Petrol,2010,4023
CY,C,PETROL,Petrol,2011,3306
CY,C,PETROL,Petrol,2012,1832
CY,C,PETROL,Petrol,2013,1266
CY,C,PETROL,Petrol,2014,1253
CY,C,PETROL,Petrol,2015,1402
CY,C,PETROL,Petrol,2016,1521
CY,C,PETROL,Petrol,2017,1889
CY,C,PETROL,Petrol,2018,1716
CY,C,PETROL,Petrol,2019,1099
CY,C,PETROL,Petrol,2020,653
CY,C,PETROL,Petrol,2021,636
CY,C,PETROL,Petrol,2022,837
CY,C,PETROL,Petrol,2023,1131
CY,C,PETROL-ELECTRIC,Other,2014,1
CY,C,PETROL-ELECTRIC,Other,2016,12
CY,C,PETROL/ELECTRIC,Other,2017,4
CY,C,PETROL/ELECTRIC,Other,2018,12
CY,C,PETROL/ELECTRIC,PHEV,2019,14
CY,C,PETROL/ELECTRIC,PHEV,2020,10
CY,C,PETROL/ELECTRIC,PHEV,2021,8
CY,C,PETROL/ELECTRIC,PHEV,2022,30
CY,C,PETROL/ELECTRIC,PHEV,2023,18
CY,D,DIESEL,Diesel,2010,64
CY,D,DIESEL,Diesel,2011,53
CY,D,DIESEL,Diesel,2012,87
CY,D,DIESEL,Diesel,2013,47
CY,D,DIESEL,Diesel,2014,98
CY,D,DIESEL,Diesel,2015,101
CY,D,DIESEL,Diesel,2016,103
CY,D,DIESEL,Diesel,2017,59
CY,D,DIESEL,Diesel,2018,70
CY,D,DIESEL,Diesel,2019,28
CY,D,DIESEL,Diesel,2020,9
CY,D,DIESEL,Diesel,2021,18
CY,D,DIESEL,Diesel,2022,18
CY,D,DIESEL,Diesel,2023,14
CY,D,DIESEL,HEV,2020,9
CY,D,DIESEL,HEV,2021,7
CY,D,DIESEL,HEV,2022,1
CY,D,DIESEL,HEV,2023,3
CY,D,DIESEL,Other,2018,3
CY,D,ELECTRIC,BEV,2022,2
CY,D,ELECTRIC,BEV,2023,28
CY,D,ELECTRIC,Other,2010,2
CY,D,ELECTRIC,Other,2012,2
CY,D,PETROL,HEV,2019,3
CY,D,PETROL,HEV,2020,25
CY,D,PETROL,HEV,2021,36
CY,D,PETROL,HEV,2022,31
CY,D,PETROL,HEV,2023,36
CY,D,PETROL,Petrol,2010,515
CY,D,PETROL,Petrol,2011,545
CY,D,PETROL,Petrol,2012,355
CY,D,PETROL,Petrol,2013,206
CY,D,PETROL,Petrol,2014,156
CY,D,PETROL,Petrol,2015,129
CY,D,PETROL,Petrol,2016,134
CY,D,PETROL,Petrol,2017,131
CY,D,PETROL,Petrol,2018,117
CY,D,PETROL,Petrol,2019,71
CY,D,PETROL,Petrol,2020,36
CY,D,PETROL,Petrol,2021,55
CY,D,PETROL,Petrol,2022,100
CY,D,PETROL,Petrol,2023,215
CY,D,PETROL/ELECTRIC,PHEV,2022,1
CY,D,PETROL/ELECTRIC,PHEV,2023,25
CY,E,DIESEL,Diesel,2010,44
CY,E,DIESEL,Diesel,2011,68
CY,E,DIESEL,Diesel,2012,78
CY,E,DIESEL,Diesel,2013,41
CY,E,DIESEL,Diesel,2014,156
CY,E,DIESEL,Diesel,2015,160
CY,E,DIESEL,Diesel,2016,163
CY,E,DIESEL,Diesel,2017,115
CY,E,DIESEL,Diesel,2018,91
CY,E,DIESEL,Diesel,2019,86
CY,E,DIESEL,Diesel,2020,59
CY,E,DIESEL,Diesel,2021,20
CY,E,DIESEL,Diesel,2022,10
CY,E,DIESEL,Diesel,2023,4
CY,E,DIESEL,HEV,2020,7
CY,E,DIESEL,HEV,2021,7
CY,E,DIESEL,HEV,2022,9
CY,E,DIESEL,HEV,2023,15
CY,E,ELECTRIC,BEV,2022,6
CY,E,ELECTRIC,BEV,2023,15
CY,E,ELECTRIC,Other,2011,3
CY,E,ELECTRIC,Other,2012,2
CY,E,PETROL,HEV,2019,8
CY,E,PETROL,HEV,2020,20
CY,E,PETROL,HEV,2021,21
CY,E,PETROL,HEV,2022,24
CY,E,PETROL,HEV,2023,27
CY,E,PETROL,Petrol,2010,141
CY,E,PETROL,Petrol,2011,123
CY,E,PETROL,Petrol,2012,75
CY,E,PETROL,Petrol,2013,64
CY,E,PETROL,Petrol,2014,26
CY,E,PETROL,Petrol,2015,18
CY,E,PETROL,Petrol,2016,11
CY,E,PETROL,Petrol,2017,14
CY,E,PETROL,Petrol,2018,13
CY,E,PETROL,Petrol,2019,12
CY,E,PETROL,Petrol,2020,16
CY,E,PETROL,Petrol,2021,13
CY,E,PETROL,Petrol,2022,14
CY,E,PETROL,Petrol,2023,1
CY,E,PETROL/ELECTRIC,Other,2017,7
CY,E,PETROL/ELECTRIC,Other,2018,7
CY,E,PETROL/ELECTRIC,PHEV,2019,3
CY,E,PETROL/ELECTRIC,PHEV,2020,1
CY,E,PETROL/ELECTRIC,PHEV,2021,5
CY,E,PETROL/ELECTRIC,PHEV,2022,5
CY,F,DIESEL,Diesel,2010,5
CY,F,DIESEL,Diesel,2011,2
CY,F,DIESEL,Diesel,2012,5
CY,F,DIESEL,Diesel,2013,2
CY,F,DIESEL,Diesel,2014,11
CY,F,DIESEL,Diesel,2015,59
CY,F,DIESEL,Diesel,2016,58
CY,F,DIESEL,Diesel,2017,44
CY,F,DIESEL,Diesel,2018,27
CY,F,DIESEL,Diesel,2019,11
CY,F,DIESEL,Diesel,2020,4
CY,F,DIESEL,Diesel,2021,7
CY,F,DIESEL,Diesel,2023,8
CY,F,DIESEL,HEV,2020,1
CY,F,DIESEL,HEV,2021,1
CY,F,DIESEL,HEV,2022,1
CY,F,DIESEL,HEV,2023,5
CY,F,ELECTRIC,BEV,2021,23
CY,F,ELECTRIC,BEV,2022,28
CY,F,ELECTRIC,BEV,2023,71
CY,F,ELECTRIC,Other,2011,1
CY,F,ELECTRIC,Other,2012,1
CY,F,PETROL,HEV,2019,3
CY,F,PETROL,HEV,2020,1
CY,F,PETROL,HEV,2021,4
CY,F,PETROL,HEV,2022,33
CY,F,PETROL,HEV,2023,73
CY,F,PETROL,Petrol,2010,1049
CY,F,PETROL,Petrol,2011,684
CY,F,PETROL,Petrol,2012,529
CY,F,PETROL,Petrol,2013,399
CY,F,PETROL,Petrol,2014,368
CY,F,PETROL,Petrol,2015,344
CY,F,PETROL,Petrol,2016,297
CY,F,PETROL,Petrol,2017,348
CY,F,PETROL,Petrol,2018,357
CY,F,PETROL,Petrol,2019,298
CY,F,PETROL,Petrol,2020,191
CY,F,PETROL,Petrol,2021,182
CY,F,PETROL,Petrol,2022,156
CY,F,PETROL,Petrol,2023,166
CY,F,PETROL-ELECTRIC,Other,2016,1
CY,F,PETROL/ELECTRIC,Other,2017,3
CY,F,PETROL/ELECTRIC,Other,2018,5
CY,F,PETROL/ELECTRIC,PHEV,2019,3
CY,F,PETROL/ELECTRIC,PHEV,2023,1
CY,JA,DIESEL,Diesel,2010,2
CY,JA,DIESEL,Diesel,2012,2
CY,JA,DIESEL,Diesel,2014,2
CY,JA,DIESEL,Diesel,2015,7
CY,JA,DIESEL,Diesel,2016,12
CY,JA,DIESEL,Diesel,2017,18
CY,JA,DIESEL,Diesel,2018,59
CY,JA,DIESEL,Diesel,2019,57
CY,JA,DIESEL,Diesel,2020,31
CY,JA,DIESEL,Diesel,2021,3
CY,JA,DIESEL,Diesel,2022,1
CY,JA,DIESEL,Diesel,2023,2
CY,JA,PETROL,HEV,2020,29
CY,JA,PETROL,HEV,2021,45
CY,JA,PETROL,HEV,2022,24
CY,JA,PETROL,HEV,2023,40
CY,JA,PETROL,Petrol,2010,1
CY,JA,PETROL,Petrol,2012,1
CY,JA,PETROL,Petrol,2016,5
CY,JA,PETROL,Petrol,2017,98
CY,JA,PETROL,Petrol,2018,65
CY,JA,PETROL,Petrol,2019,54
CY,JA,PETROL,Petrol,2020,123
CY,JA,PETROL,Petrol,2021,130
CY,JA,PETROL,Petrol,2022,158
CY,JA,PETROL,Petrol,2023,221
CY,JB,DIESEL,Diesel,2010,54
CY,JB,DIESEL,Diesel,2011,76
CY,JB,DIESEL,Diesel,2012,80
CY,JB,DIESEL,Diesel,2013,121
CY,JB,DIESEL,Diesel,2014,494
CY,JB,DIESEL,Diesel,2015,535
CY,JB,DIESEL,Diesel,2016,585
CY,JB,DIESEL,Diesel,2017,544
CY,JB,DIESEL,Diesel,2018,487
CY,JB,DIESEL,Diesel,2019,989
CY,JB,DIESEL,Diesel,2020,702
CY,JB,DIESEL,Diesel,2021,275
CY,JB,DIESEL,Diesel,2022,52
CY,JB,DIESEL,Diesel,2023,53
CY,JB,DIESEL,HEV,2020,1
CY,JB,DIESEL,HEV,2021,1
CY,JB,DIESEL,Other,2018,41
CY,JB,ELECTRIC,BEV,2019,8
CY,JB,ELECTRIC,BEV,2020,7
CY,JB,ELECTRIC,BEV,2021,4
CY,JB,ELECTRIC,BEV,2022,49
CY,JB,ELECTRIC,BEV,2023,119
CY,JB,PETROL,HEV,2019,43
CY,JB,PETROL,HEV,2020,155
CY,JB,PETROL,HEV,2021,572
CY,JB,PETROL,HEV,2022,995
CY,JB,PETROL,HEV,2023,1340
CY,JB,PETROL,Petrol,2010,484
CY,JB,PETROL,Petrol,2011,1082
CY,JB,PETROL,Petrol,2012,419
CY,JB,PETROL,Petrol,2013,333
CY,JB,PETROL,Petrol,2014,367
CY,JB,PETROL,Petrol,2015,461
CY,JB,PETROL,Petrol,2016,1037
CY,JB,PETROL,Petrol,2017,994
CY,JB,PETROL,Petrol,2018,1181
CY,JB,PETROL,Petrol,2019,1743
CY,JB,PETROL,Petrol,2020,1829
CY,JB,PETROL,Petrol,2021,1912
CY,JB,PETROL,Petrol,2022,1898
CY,JB,PETROL,Petrol,2023,2241
CY,JB,PETROL/ELECTRIC,PHEV,2019,4
CY,JB,PETROL/ELECTRIC,PHEV,2021,2
CY,JB,PETROL/ELECTRIC,PHEV,2022,22
CY,JB,PETROL/ELECTRIC,PHEV,2023,49
CY,JC,DIESEL,Diesel,2010,361
CY,JC,DIESEL,Diesel,2011,205
CY,JC,DIESEL,Diesel,2012,319
CY,JC,DIESEL,Diesel,2013,174
CY,JC,DIESEL,Diesel,2014,948
CY,JC,DIESEL,Diesel,2015,1166
CY,JC,DIESEL,Diesel,2016,1629
CY,JC,DIESEL,Diesel,2017,2123
CY,JC,DIESEL,Diesel,2018,2051
CY,JC,DIESEL,Diesel,2019,1616
CY,JC,DIESEL,Diesel,2020,1006
CY,JC,DIESEL,Diesel,2021,652
CY,JC,DIESEL,Diesel,2022,148
CY,JC,DIESEL,Diesel,2023,133
CY,JC,DIESEL,HEV,2019,4
CY,JC,DIESEL,HEV,2020,37
CY,JC,DIESEL,HEV,2021,99
CY,JC,DIESEL,HEV,2022,164
CY,JC,DIESEL,HEV,2023,145
CY,JC,DIESEL/ELECTRIC,PHEV,2022,1
CY,JC,ELECTRIC,BEV,2020,2
CY,JC,ELECTRIC,BEV,2021,2
CY,JC,ELECTRIC,BEV,2022,110
CY,JC,ELECTRIC,BEV,2023,221
CY,JC,PETROL,HEV,2019,420
CY,JC,PETROL,HEV,2020,352
CY,JC,PETROL,HEV,2021,676
CY,JC,PETROL,HEV,2022,1513
CY,JC,PETROL,HEV,2023,2061
CY,JC,PETROL,Petrol,2010,1844
CY,JC,PETROL,Petrol,2011,1644
CY,JC,PETROL,Petrol,2012,1467
CY,JC,PETROL,Petrol,2013,1049
CY,JC,PETROL,Petrol,2014,478
CY,JC,PETROL,Petrol,2015,446
CY,JC,PETROL,Petrol,2016,509
CY,JC,PETROL,Petrol,2017,1084
CY,JC,PETROL,Petrol,2018,1385
CY,JC,PETROL,Petrol,2019,1024
CY,JC,PETROL,Petrol,2020,1205
CY,JC,PETROL,Petrol,2021,1634
CY,JC,PETROL,Petrol,2022,1199
CY,JC,PETROL,Petrol,2023,957
CY,JC,PETROL-ELECTRIC,Other,2016,3
CY,JC,PETROL/ELECTRIC,Other,2017,5
CY,JC,PETROL/ELECTRIC,PHEV,2019,1
CY,JC,PETROL/ELECTRIC,PHEV,2020,27
CY,JC,PETROL/ELECTRIC,PHEV,2021,7
CY,JC,PETROL/ELECTRIC,PHEV,2022,36
CY,JC,PETROL/ELECTRIC,PHEV,2023,220
CY,JD,DIESEL,Diesel,2010,95
CY,JD,DIESEL,Diesel,2011,99
CY,JD,DIESEL,Diesel,2012,54
CY,JD,DIESEL,Diesel,2013,39
CY,JD,DIESEL,Diesel,2014,329
CY,JD,DIESEL,Diesel,2015,626
CY,JD,DIESEL,Diesel,2016,805
CY,JD,DIESEL,Diesel,2017,771
CY,JD,DIESEL,Diesel,2018,702
CY,JD,DIESEL,Diesel,2019,453
CY,JD,DIESEL,Diesel,2020,304
CY,JD,DIESEL,Diesel,2021,175
CY,JD,DIESEL,Diesel,2022,67
CY,JD,DIESEL,Diesel,2023,31
CY,JD,DIESEL,HEV,2020,39
CY,JD,DIESEL,HEV,2021,61
CY,JD,DIESEL,HEV,2022,67
CY,JD,DIESEL,HEV,2023,118
CY,JD,DIESEL/ELECTRIC,PHEV,2021,2
CY,JD,DIESEL/ELECTRIC,PHEV,2022,1
CY,JD,ELECTRIC,BEV,2022,9
CY,JD,ELECTRIC,BEV,2023,11
CY,JD,PETROL,HEV,2019,269
CY,JD,PETROL,HEV,2020,332
CY,JD,PETROL,HEV,2021,337
CY,JD,PETROL,HEV,2022,319
CY,JD,PETROL,HEV,2023,529
CY,JD,PETROL,Other,2018,4
CY,JD,PETROL,Petrol,2010,73
CY,JD,PETROL,Petrol,2011,446
CY,JD,PETROL,Petrol,2012,534
CY,JD,PETROL,Petrol,2013,34
CY,JD,PETROL,Petrol,2014,43
CY,JD,PETROL,Petrol,2015,76
CY,JD,PETROL,Petrol,2016,160
CY,JD,PETROL,Petrol,2017,179
CY,JD,PETROL,Petrol,2018,188
CY,JD,PETROL,Petrol,2019,69
CY,JD,PETROL,Petrol,2020,109
CY,JD,PETROL,Petrol,2021,209
CY,JD,PETROL,Petrol,2022,55
CY,JD,PETROL,Petrol,2023,93
CY,JD,PETROL/ELECTRIC,PHEV,2019,1
CY,JD,PETROL/ELECTRIC,PHEV,2020,2
CY,JD,PETROL/ELECTRIC,PHEV,2021,8
CY,JD,PETROL/ELECTRIC,PHEV,2022,49
CY,JD,PETROL/ELECTRIC,PHEV,2023,59
CY,JD,UNKNOWN,Other,2022,2
CY,JE,DIESEL,Diesel,2010,31
CY,JE,DIESEL,Diesel,2011,41
CY,JE,DIESEL,Diesel,2012,36
CY,JE,DIESEL,Diesel,2013,14
CY,JE,DIESEL,Diesel,2014,54
CY,JE,DIESEL,Diesel,2015,100
CY,JE,DIESEL,Diesel,2016,151
CY,JE,DIESEL,Diesel,2017,128
CY,JE,DIESEL,Diesel,2018,105
CY,JE,DIESEL,Diesel,2019,88
CY,JE,DIESEL,Diesel,2020,86
CY,JE,DIESEL,Diesel,2021,57
CY,JE,DIESEL,Diesel,2022,22
CY,JE,DIESEL,Diesel,2023,38
CY,JE,DIESEL,HEV,2020,22
CY,JE,DIESEL,HEV,2021,49
CY,JE,DIESEL,HEV,2022,71
CY,JE,DIESEL,HEV,2023,69
CY,JE,DIESEL/ELECTRIC,PHEV,2022,3
CY,JE,DIESEL/ELECTRIC,PHEV,2023,5
CY,JE,ELECTRIC,BEV,2022,12
CY,JE,ELECTRIC,BEV,2023,27
CY,JE,ELECTRIC,Other,2010,16
CY,JE,ELECTRIC,Other,2011,28
CY,JE,ELECTRIC,Other,2012,10
CY,JE,PETROL,HEV,2019,14
CY,JE,PETROL,HEV,2020,38
CY,JE,PETROL,HEV,2021,69
CY,JE,PETROL,HEV,2022,75
CY,JE,PETROL,HEV,2023,81
CY,JE,PETROL,Petrol,2010,5
CY,JE,PETROL,Petrol,2011,9
CY,JE,PETROL,Petrol,2012,7
CY,JE,PETROL,Petrol,2013,10
CY,JE,PETROL,Petrol,2015,1
CY,JE,PETROL,Petrol,2016,22
CY,JE,PETROL,Petrol,2017,24
CY,JE,PETROL,Petrol,2018,37
CY,JE,PETROL,Petrol,2019,30
CY,JE,PETROL,Petrol,2020,32
CY,JE,PETROL,Petrol,2021,26
CY,JE,PETROL,Petrol,2022,37
CY,JE,PETROL,Petrol,2023,60
CY,JE,PETROL-ELECTRIC,Other,2016,1
CY,JE,PETROL/ELECTRIC,Other,2017,3
CY,JE,PETROL/ELECTRIC,Other,2018,17
CY,JE,PETROL/ELECTRIC,PHEV,2019,3
CY,JE,PETROL/ELECTRIC,PHEV,2020,17
CY,JE,PETROL/ELECTRIC,PHEV,2021,16
CY,JE,PETROL/ELECTRIC,PHEV,2022,28
CY,JE,PETROL/ELECTRIC,PHEV,2023,54
CY,JF,DIESEL,Diesel,2010,224
CY,JF,DIESEL,Diesel,2011,76
CY,JF,DIESEL,Diesel,2012,124
CY,JF,DIESEL,Diesel,2013,67
CY,JF,DIESEL,Diesel,2014,247
CY,JF,DIESEL,Diesel,2015,178
CY,JF,DIESEL,Diesel,2016,302
CY,JF,DIESEL,Diesel,2017,296
CY,JF,DIESEL,Diesel,2018,399
CY,JF,DIESEL,Diesel,2019,216
CY,JF,DIESEL,Diesel,2020,152
CY,JF,DIESEL,Diesel,2021,170
CY,JF,DIESEL,Diesel,2022,62
CY,JF,DIESEL,Diesel,2023,33
CY,JF,DIESEL,HEV,2020,27
CY,JF,DIESEL,HEV,2021,4
CY,JF,DIESEL,HEV,2022,65
CY,JF,DIESEL,HEV,2023,60
CY,JF,ELECTRIC,BEV,2020,1
CY,JF,ELECTRIC,BEV,2021,9
CY,JF,ELECTRIC,BEV,2022,13
CY,JF,ELECTRIC,BEV,2023,4
CY,JF,PETROL,HEV,2019,16
CY,JF,PETROL,HEV,2020,42
CY,JF,PETROL,HEV,2021,5
CY,JF,PETROL,HEV,2022,63
CY,JF,PETROL,HEV,2023,57
CY,JF,PETROL,Petrol,2010,3
CY,JF,PETROL,Petrol,2011,7
CY,JF,PETROL,Petrol,2012,46
CY,JF,PETROL,Petrol,2013,15
CY,JF,PETROL,Petrol,2014,4
CY,JF,PETROL,Petrol,2015,8
CY,JF,PETROL,Petrol,2016,1
CY,JF,PETROL,Petrol,2017,4
CY,JF,PETROL,Petrol,2018,4
CY,JF,PETROL,Petrol,2019,28
CY,JF,PETROL,Petrol,2020,35
CY,JF,PETROL,Petrol,2021,64
CY,JF,PETROL,Petrol,2022,22
CY,JF,PETROL,Petrol,2023,42
CY,JF,PETROL/ELECTRIC,PHEV,2019,3
CY,JF,PETROL/ELECTRIC,PHEV,2020,2
CY,JF,PETROL/ELECTRIC,PHEV,2021,3
CY,JF,PETROL/ELECTRIC,PHEV,2023,27
CY,JF,UNKNOWN,Other,2022,1
CY,V,DIESEL,Diesel,2010,19
CY,V,DIESEL,Diesel,2011,17
CY,V,DIESEL,Diesel,2012,15
CY,V,DIESEL,Diesel,2013,12
CY,V,DIESEL,Diesel,2014,23
CY,V,DIESEL,Diesel,2015,43
CY,V,DIESEL,Diesel,2016,103
CY,V,DIESEL,Diesel,2017,59
CY,V,DIESEL,Diesel,2018,53
CY,V,DIESEL,Diesel,2019,48
CY,V,DIESEL,Diesel,2020,34
CY,V,DIESEL,Diesel,2021,46
CY,V,DIESEL,Diesel,2022,49
CY,V,DIESEL,Diesel,2023,56
CY,V,ELECTRIC,BEV,2022,5
CY,V,ELECTRIC,BEV,2023,2
CY,V,PETROL,Petrol,2010,1
CY,V,PETROL,Petrol,2011,14
CY,V,PETROL,Petrol,2012,15
CY,V,PETROL,Petrol,2013,6
CZ,,DIESEL,Diesel,2010,3709
CZ,,DIESEL,Diesel,2011,3751
CZ,,DIESEL,Diesel,2012,3422
CZ,,DIESEL,Diesel,2013,3012
CZ,,DIESEL,Diesel,2014,2340
CZ,,DIESEL,Diesel,2015,3284
CZ,,DIESEL,Diesel,2016,2961
CZ,,DIESEL,Diesel,2017,2374
CZ,,DIESEL,Diesel,2018,2411
CZ,,DIESEL,Diesel,2019,1433
CZ,,DIESEL,Diesel,2020,923
CZ,,DIESEL,Diesel,2021,550
CZ,,DIESEL,Diesel,2022,401
CZ,,DIESEL,Diesel,2023,653
CZ,,DIESEL,HEV,2019,7
CZ,,DIESEL,HEV,2020,41
CZ,,DIESEL,HEV,2021,8
CZ,,DIESEL,HEV,2022,19
CZ,,DIESEL,HEV,2023,47
CZ,,E85,Other,2010,12
CZ,,E85,Other,2011,8
CZ,,E85,Other,2012,4
CZ,,E85,Other,2013,1
CZ,,ELECTRIC,BEV,2015,10
CZ,,ELECTRIC,BEV,2019,2
CZ,,ELECTRIC,BEV,2020,7
CZ,,ELECTRIC,BEV,2021,14
CZ,,ELECTRIC,BEV,2022,55
CZ,,ELECTRIC,BEV,2023,228
CZ,,ELECTRIC,Other,2010,1
CZ,,ELECTRIC,Other,2011,13
CZ,,ELECTRIC,Other,2012,9
CZ,,HYDROGEN,Other,2020,1
CZ,,HYDROGEN,Other,2021,1
CZ,,HYDROGEN,Other,2023,4
CZ,,LPG,Other,2010,12
CZ,,LPG,Other,2011,12
CZ,,LPG,Other,2012,1
CZ,,LPG,Other,2014,106
CZ,,LPG,Other,2015,241
CZ,,LPG,Other,2016,10
CZ,,LPG,Other,2017,174
CZ,,LPG,Other,2018,296
CZ,,LPG,Other,2019,173
CZ,,NG,Other,2018,1
CZ,,NG-BIOMETHANE,Other,2012,74
CZ,,NG-BIOMETHANE,Other,2013,5
CZ,,NG-BIOMETHANE,Other,2015,3
CZ,,NG-BIOMETHANE,Other,2017,1
CZ,,NG-BIOMETHANE,Other,2019,3
CZ,,PETROL,HEV,2020,51
CZ,,PETROL,HEV,2021,129
CZ,,PETROL,HEV,2022,276
CZ,,PETROL,HEV,2023,481
CZ,,PETROL,Other,2018,28
CZ,,PETROL,Petrol,2010,6878
CZ,,PETROL,Petrol,2011,6074
CZ,,PETROL,Petrol,2012,7158
CZ,,PETROL,Petrol,2013,5842
CZ,,PETROL,Petrol,2014,5417
CZ,,PETROL,Petrol,2015,3995
CZ,,PETROL,Petrol,2016,2610
CZ,,PETROL,Petrol,2017,2133
CZ,,PETROL,Petrol,2018,3221
CZ,,PETROL,Petrol,2019,3302
CZ,,PETROL,Petrol,2020,1822
CZ,,PETROL,Petrol,2021,355
CZ,,PETROL,Petrol,2022,177
CZ,,PETROL,Petrol,2023,203
CZ,,PETROL-ELECTRIC,Other,2013,2
CZ,,PETROL-ELECTRIC,Other,2014,5
CZ,,PETROL-ELECTRIC,Other,2016,1
CZ,,PETROL/ELECTRIC,Other,2017,1
CZ,,PETROL/ELECTRIC,Other,2018,1
CZ,,PETROL/ELECTRIC,PHEV,2019,9
CZ,,PETROL/ELECTRIC,PHEV,2020,9
CZ,,PETROL/ELECTRIC,PHEV,2021,48
CZ,,PETROL/ELECTRIC,PHEV,2022,67
CZ,,PETROL/ELECTRIC,PHEV,2023,292
CZ,A,DIESEL,Diesel,2010,133
CZ,A,DIESEL,Diesel,2011,24
CZ,A,DIESEL,Diesel,2012,45
CZ,A,DIESEL,Diesel,2013,565
CZ,A,DIESEL,Diesel,2014,617
CZ,A,DIESEL,Diesel,2015,1101
CZ,A,DIESEL,Diesel,2016,584
CZ,A,DIESEL,Diesel,2017,660
CZ,A,DIESEL,Diesel,2018,134
CZ,A,DIESEL,Diesel,2019,78
CZ,A,DIESEL,Diesel,2020,12
CZ,A,DIESEL,Diesel,2021,2
CZ,A,DIESEL,Diesel,2022,3
CZ,A,DIESEL,Diesel,2023,13
CZ,A,ELECTRIC,BEV,2015,58
CZ,A,ELECTRIC,BEV,2017,35
CZ,A,ELECTRIC,BEV,2018,60
CZ,A,ELECTRIC,BEV,2019,120
CZ,A,ELECTRIC,BEV,2020,1183
CZ,A,ELECTRIC,BEV,2021,296
CZ,A,ELECTRIC,BEV,2022,184
CZ,A,ELECTRIC,BEV,2023,190
CZ,A,ELECTRIC,Other,2010,4
CZ,A,ELECTRIC,Other,2011,23
CZ,A,ELECTRIC,Other,2012,1
CZ,A,LPG,Other,2012,1
CZ,A,LPG,Other,2013,12
CZ,A,LPG,Other,2014,52
CZ,A,LPG,Other,2015,42
CZ,A,LPG,Other,2016,53
CZ,A,LPG,Other,2017,52
CZ,A,LPG,Other,2018,19
CZ,A,LPG,Other,2019,11
CZ,A,LPG,Other,2020,40
CZ,A,LPG,Other,2021,10
CZ,A,LPG,Other,2022,2
CZ,A,LPG,Other,2023,12
CZ,A,NG,Other,2018,218
CZ,A,NG,Other,2019,211
CZ,A,NG,Other,2020,10
CZ,A,NG,Other,2021,60
CZ,A,NG,Other,2022,150
CZ,A,NG,Other,2023,11
CZ,A,NG-BIOMETHANE,Other,2010,21
CZ,A,NG-BIOMETHANE,Other,2012,9
CZ,A,NG-BIOMETHANE,Other,2013,126
CZ,A,NG-BIOMETHANE,Other,2014,286
CZ,A,NG-BIOMETHANE,Other,2015,330
CZ,A,NG-BIOMETHANE,Other,2016,228
CZ,A,NG-BIOMETHANE,Other,2017,235
CZ,A,NG-BIOMETHANE,Other,2021,1
CZ,A,PETROL,HEV,2020,196
CZ,A,PETROL,HEV,2021,407
CZ,A,PETROL,HEV,2022,426
CZ,A,PETROL,HEV,2023,468
CZ,A,PETROL,Petrol,2010,8426
CZ,A,PETROL,Petrol,2011,5811
CZ,A,PETROL,Petrol,2012,9926
CZ,A,PETROL,Petrol,2013,8463
CZ,A,PETROL,Petrol,2014,11225
CZ,A,PETROL,Petrol,2015,12797
CZ,A,PETROL,Petrol,2016,10789
CZ,A,PETROL,Petrol,2017,8584
CZ,A,PETROL,Petrol,2018,7745
CZ,A,PETROL,Petrol,2019,5941
CZ,A,PETROL,Petrol,2020,2865
CZ,A,PETROL,Petrol,2021,2392
CZ,A,PETROL,Petrol,2022,1980
CZ,A,PETROL,Petrol,2023,2365
CZ,A,PETROL-ELECTRIC,Other,2013,1
CZ,A,PETROL-ELECTRIC,Other,2015,1
CZ,A,PETROL/ELECTRIC,PHEV,2021,11
CZ,A,PETROL/ELECTRIC,PHEV,2022,3
CZ,A,PETROL/ELECTRIC,PHEV,2023,3
CZ,B,DIESEL,Diesel,2010,4672
CZ,B,DIESEL,Diesel,2011,4945
CZ,B,DIESEL,Diesel,2012,4158
CZ,B,DIESEL,Diesel,2013,4062
CZ,B,DIESEL,Diesel,2014,4409
CZ,B,DIESEL,Diesel,2015,7435
CZ,B,DIESEL,Diesel,2016,5697
CZ,B,DIESEL,Diesel,2017,4319
CZ,B,DIESEL,Diesel,2018,1782
CZ,B,DIESEL,Diesel,2019,815
CZ,B,DIESEL,Diesel,2020,474
CZ,B,DIESEL,Diesel,2021,421
CZ,B,DIESEL,Diesel,2022,357
CZ,B,DIESEL,Diesel,2023,354
CZ,B,DIESEL,HEV,2020,59
CZ,B,DIESEL,HEV,2021,71
CZ,B,DIESEL,HEV,2022,104
CZ,B,DIESEL,HEV,2023,186
CZ,B,E85,Other,2013,1
CZ,B,ELECTRIC,BEV,2015,18
CZ,B,ELECTRIC,BEV,2016,14
CZ,B,ELECTRIC,BEV,2017,21
CZ,B,ELECTRIC,BEV,2018,21
CZ,B,ELECTRIC,BEV,2019,47
CZ,B,ELECTRIC,BEV,2020,68
CZ,B,ELECTRIC,BEV,2021,103
CZ,B,ELECTRIC,BEV,2022,75
CZ,B,ELECTRIC,BEV,2023,85
CZ,B,LPG,Other,2010,4
CZ,B,LPG,Other,2011,3
CZ,B,LPG,Other,2012,70
CZ,B,LPG,Other,2013,264
CZ,B,LPG,Other,2014,340
CZ,B,LPG,Other,2015,318
CZ,B,LPG,Other,2016,22
CZ,B,LPG,Other,2017,105
CZ,B,LPG,Other,2018,47
CZ,B,LPG,Other,2019,13
CZ,B,LPG,Other,2020,180
CZ,B,LPG,Other,2021,799
CZ,B,LPG,Other,2022,1223
CZ,B,LPG,Other,2023,941
CZ,B,NG,Other,2018,22
CZ,B,NG,Other,2019,41
CZ,B,NG,Other,2020,43
CZ,B,NG,Other,2021,37
CZ,B,NG,Other,2022,41
CZ,B,NG,Other,2023,2
CZ,B,NG-BIOMETHANE,Other,2010,21
CZ,B,NG-BIOMETHANE,Other,2011,19
CZ,B,NG-BIOMETHANE,Other,2012,36
CZ,B,NG-BIOMETHANE,Other,2013,20
CZ,B,NG-BIOMETHANE,Other,2014,18
CZ,B,NG-BIOMETHANE,Other,2015,19
CZ,B,NG-BIOMETHANE,Other,2016,12
CZ,B,NG-BIOMETHANE,Other,2017,10
CZ,B,NG-BIOMETHANE,Other,2019,1
CZ,B,PETROL,HEV,2019,292
CZ,B,PETROL,HEV,2020,27
CZ,B,PETROL,HEV,2021,1000
CZ,B,PETROL,HEV,2022,1153
CZ,B,PETROL,HEV,2023,1936
CZ,B,PETROL,Other,2018,61
CZ,B,PETROL,Petrol,2010,32982
CZ,B,PETROL,Petrol,2011,35478
CZ,B,PETROL,Petrol,2012,35585
CZ,B,PETROL,Petrol,2013,30725
CZ,B,PETROL,Petrol,2014,30707
CZ,B,PETROL,Petrol,2015,43244
CZ,B,PETROL,Petrol,2016,42617
CZ,B,PETROL,Petrol,2017,40015
CZ,B,PETROL,Petrol,2018,43710
CZ,B,PETROL,Petrol,2019,43116
CZ,B,PETROL,Petrol,2020,32282
CZ,B,PETROL,Petrol,2021,28644
CZ,B,PETROL,Petrol,2022,23354
CZ,B,PETROL,Petrol,2023,20199
CZ,B,PETROL-ELECTRIC,Other,2016,12
CZ,B,PETROL/ELECTRIC,Other,2017,10
CZ,B,PETROL/ELECTRIC,Other,2018,11
CZ,B,PETROL/ELECTRIC,PHEV,2019,37
CZ,B,PETROL/ELECTRIC,PHEV,2020,4
CZ,B,PETROL/ELECTRIC,PHEV,2022,6
CZ,B,PETROL/ELECTRIC,PHEV,2023,24
CZ,B,UNKNOWN,Other,2019,2
CZ,C,CNG,Other,2020,1
CZ,C,DIESEL,Diesel,2010,30793
CZ,C,DIESEL,Diesel,2011,27988
CZ,C,DIESEL,Diesel,2012,28478
CZ,C,DIESEL,Diesel,2013,28652
CZ,C,DIESEL,Diesel,2014,32523
CZ,C,DIESEL,Diesel,2015,38163
CZ,C,DIESEL,Diesel,2016,35297
CZ,C,DIESEL,Diesel,2017,30008
CZ,C,DIESEL,Diesel,2018,21184
CZ,C,DIESEL,Diesel,2019,18608
CZ,C,DIESEL,Diesel,2020,17101
CZ,C,DIESEL,Diesel,2021,12206
CZ,C,DIESEL,Diesel,2022,10972
CZ,C,DIESEL,Diesel,2023,15558
CZ,C,DIESEL,HEV,2020,223
CZ,C,DIESEL,HEV,2021,711
CZ,C,DIESEL,HEV,2022,603
CZ,C,DIESEL,HEV,2023,603
CZ,C,DIESEL-ELECTRIC,Other,2013,2
CZ,C,DIESEL-ELECTRIC,Other,2014,3
CZ,C,DIESEL/ELECTRIC,PHEV,2019,4
CZ,C,DIESEL/ELECTRIC,PHEV,2020,32
CZ,C,DIESEL/ELECTRIC,PHEV,2021,52
CZ,C,DIESEL/ELECTRIC,PHEV,2022,24
CZ,C,DIESEL/ELECTRIC,PHEV,2023,24
CZ,C,E85,Other,2010,20
CZ,C,E85,Other,2011,256
CZ,C,E85,Other,2012,215
CZ,C,E85,Other,2013,51
CZ,C,E85,Other,2014,21
CZ,C,E85,Other,2017,1
CZ,C,ELECTRIC,BEV,2015,86
CZ,C,ELECTRIC,BEV,2016,56
CZ,C,ELECTRIC,BEV,2017,145
CZ,C,ELECTRIC,BEV,2018,412
CZ,C,ELECTRIC,BEV,2019,312
CZ,C,ELECTRIC,BEV,2020,342
CZ,C,ELECTRIC,BEV,2021,280
CZ,C,ELECTRIC,BEV,2022,505
CZ,C,ELECTRIC,BEV,2023,787
CZ,C,ELECTRIC,Other,2010,1
CZ,C,ELECTRIC,Other,2011,2
CZ,C,ELECTRIC,Other,2012,6
CZ,C,ELECTRIC,Other,2015,49
CZ,C,ELECTRIC,Other,2018,10
CZ,C,LPG,Other,2010,52
CZ,C,LPG,Other,2011,106
CZ,C,LPG,Other,2012,388
CZ,C,LPG,Other,2013,170
CZ,C,LPG,Other,2014,449
CZ,C,LPG,Other,2015,411
CZ,C,LPG,Other,2016,87
CZ,C,LPG,Other,2017,261
CZ,C,LPG,Other,2018,35
CZ,C,LPG,Other,2019,7
CZ,C,LPG,Other,2020,213
CZ,C,LPG,Other,2021,101
CZ,C,LPG,Other,2022,1359
CZ,C,LPG,Other,2023,1546
CZ,C,NG,Other,2018,1172
CZ,C,NG,Other,2019,1306
CZ,C,NG,Other,2020,999
CZ,C,NG,Other,2021,621
CZ,C,NG,Other,2022,548
CZ,C,NG,Other,2023,415
CZ,C,NG-BIOMETHANE,Other,2010,5
CZ,C,NG-BIOMETHANE,Other,2011,10
CZ,C,NG-BIOMETHANE,Other,2012,21
CZ,C,NG-BIOMETHANE,Other,2013,16
CZ,C,NG-BIOMETHANE,Other,2014,762
CZ,C,NG-BIOMETHANE,Other,2015,2168
CZ,C,NG-BIOMETHANE,Other,2016,769
CZ,C,NG-BIOMETHANE,Other,2017,2341
CZ,C,NG-BIOMETHANE,Other,2019,17
CZ,C,PETROL,HEV,2019,1291
CZ,C,PETROL,HEV,2020,831
CZ,C,PETROL,HEV,2021,3010
CZ,C,PETROL,HEV,2022,6943
CZ,C,PETROL,HEV,2023,13163
CZ,C,PETROL,Other,2018,3
CZ,C,PETROL,Petrol,2010,32675
CZ,C,PETROL,Petrol,2011,37744
CZ,C,PETROL,Petrol,2012,31727
CZ,C,PETROL,Petrol,2013,35863
CZ,C,PETROL,Petrol,2014,39410
CZ,C,PETROL,Petrol,2015,43525
CZ,C,PETROL,Petrol,2016,42724
CZ,C,PETROL,Petrol,2017,44746
CZ,C,PETROL,Petrol,2018,58604
CZ,C,PETROL,Petrol,2019,56438
CZ,C,PETROL,Petrol,2020,39065
CZ,C,PETROL,Petrol,2021,37494
CZ,C,PETROL,Petrol,2022,28270
CZ,C,PETROL,Petrol,2023,33996
CZ,C,PETROL-ELECTRIC,Other,2013,6
CZ,C,PETROL-ELECTRIC,Other,2014,24
CZ,C,PETROL-ELECTRIC,Other,2015,72
CZ,C,PETROL-ELECTRIC,Other,2016,69
CZ,C,PETROL/ELECTRIC,Other,2017,49
CZ,C,PETROL/ELECTRIC,Other,2018,71
CZ,C,PETROL/ELECTRIC,PHEV,2019,65
CZ,C,PETROL/ELECTRIC,PHEV,2020,375
CZ,C,PETROL/ELECTRIC,PHEV,2021,1383
CZ,C,PETROL/ELECTRIC,PHEV,2022,934
CZ,C,PETROL/ELECTRIC,PHEV,2023,1214
CZ,D,CNG,Other,2020,7
CZ,D,DIESEL,Diesel,2010,8954
CZ,D,DIESEL,Diesel,2011,9853
CZ,D,DIESEL,Diesel,2012,11045
CZ,D,DIESEL,Diesel,2013,10081
CZ,D,DIESEL,Diesel,2014,10529
CZ,D,DIESEL,Diesel,2015,14954
CZ,D,DIESEL,Diesel,2016,19688
CZ,D,DIESEL,Diesel,2017,15633
CZ,D,DIESEL,Diesel,2018,11378
CZ,D,DIESEL,Diesel,2019,9352
CZ,D,DIESEL,Diesel,2020,7368
CZ,D,DIESEL,Diesel,2021,6700
CZ,D,DIESEL,Diesel,2022,6789
CZ,D,DIESEL,Diesel,2023,5996
CZ,D,DIESEL,HEV,2019,30
CZ,D,DIESEL,HEV,2020,517
CZ,D,DIESEL,HEV,2021,804
CZ,D,DIESEL,HEV,2022,1297
CZ,D,DIESEL,HEV,2023,939
CZ,D,DIESEL-ELECTRIC,Other,2014,8
CZ,D,DIESEL-ELECTRIC,Other,2015,5
CZ,D,DIESEL-ELECTRIC,Other,2016,1
CZ,D,E85,Other,2011,2
CZ,D,ELECTRIC,BEV,2019,16
CZ,D,ELECTRIC,BEV,2020,51
CZ,D,ELECTRIC,BEV,2021,244
CZ,D,ELECTRIC,BEV,2022,140
CZ,D,ELECTRIC,BEV,2023,499
CZ,D,LPG,Other,2014,26
CZ,D,LPG,Other,2015,67
CZ,D,LPG,Other,2016,2
CZ,D,LPG,Other,2017,58
CZ,D,LPG,Other,2018,66
CZ,D,LPG,Other,2019,74
CZ,D,NG,Other,2018,11
CZ,D,NG,Other,2019,4
CZ,D,NG,Other,2021,2
CZ,D,NG,Other,2022,3
CZ,D,NG-BIOMETHANE,Other,2010,35
CZ,D,NG-BIOMETHANE,Other,2011,64
CZ,D,NG-BIOMETHANE,Other,2012,174
CZ,D,NG-BIOMETHANE,Other,2013,85
CZ,D,NG-BIOMETHANE,Other,2014,77
CZ,D,NG-BIOMETHANE,Other,2015,21
CZ,D,NG-BIOMETHANE,Other,2017,10
CZ,D,PETROL,HEV,2019,15
CZ,D,PETROL,HEV,2020,228
CZ,D,PETROL,HEV,2021,168
CZ,D,PETROL,HEV,2022,564
CZ,D,PETROL,HEV,2023,837
CZ,D,PETROL,Other,2018,1
CZ,D,PETROL,Petrol,2010,5722
CZ,D,PETROL,Petrol,2011,5546
CZ,D,PETROL,Petrol,2012,4548
CZ,D,PETROL,Petrol,2013,2162
CZ,D,PETROL,Petrol,2014,1912
CZ,D,PETROL,Petrol,2015,2584
CZ,D,PETROL,Petrol,2016,3641
CZ,D,PETROL,Petrol,2017,3935
CZ,D,PETROL,Petrol,2018,3924
CZ,D,PETROL,Petrol,2019,5339
CZ,D,PETROL,Petrol,2020,3195
CZ,D,PETROL,Petrol,2021,3040
CZ,D,PETROL,Petrol,2022,4240
CZ,D,PETROL,Petrol,2023,3355
CZ,D,PETROL-ELECTRIC,Other,2015,23
CZ,D,PETROL/ELECTRIC,Other,2017,41
CZ,D,PETROL/ELECTRIC,Other,2018,24
CZ,D,PETROL/ELECTRIC,PHEV,2019,131
CZ,D,PETROL/ELECTRIC,PHEV,2020,969
CZ,D,PETROL/ELECTRIC,PHEV,2021,611
CZ,D,PETROL/ELECTRIC,PHEV,2022,492
CZ,D,PETROL/ELECTRIC,PHEV,2023,737
CZ,E,DIESEL,Diesel,2010,1002
CZ,E,DIESEL,Diesel,2011,1397
CZ,E,DIESEL,Diesel,2012,1405
CZ,E,DIESEL,Diesel,2013,1496
CZ,E,DIESEL,Diesel,2014,1475
CZ,E,DIESEL,Diesel,2015,1835
CZ,E,DIESEL,Diesel,2016,2291
CZ,E,DIESEL,Diesel,2017,2931
CZ,E,DIESEL,Diesel,2018,2520
CZ,E,DIESEL,Diesel,2019,1844
CZ,E,DIESEL,Diesel,2020,1197
CZ,E,DIESEL,Diesel,2021,1657
CZ,E,DIESEL,Diesel,2022,1017
CZ,E,DIESEL,Diesel,2023,980
CZ,E,DIESEL,HEV,2019,209
CZ,E,DIESEL,HEV,2020,385
CZ,E,DIESEL,HEV,2021,34
CZ,E,DIESEL,HEV,2022,480
CZ,E,DIESEL,HEV,2023,493
CZ,E,ELECTRIC,BEV,2021,3
CZ,E,ELECTRIC,BEV,2022,85
CZ,E,ELECTRIC,BEV,2023,150
CZ,E,HYDROGEN,Other,2021,8
CZ,E,HYDROGEN,Other,2022,3
CZ,E,HYDROGEN,Other,2023,12
CZ,E,NG,Other,2018,1
CZ,E,NG-BIOMETHANE,Other,2010,7
CZ,E,NG-BIOMETHANE,Other,2011,51
CZ,E,NG-BIOMETHANE,Other,2012,101
CZ,E,NG-BIOMETHANE,Other,2013,71
CZ,E,NG-BIOMETHANE,Other,2014,78
CZ,E,NG-BIOMETHANE,Other,2015,44
CZ,E,NG-BIOMETHANE,Other,2017,1
CZ,E,PETROL,HEV,2019,6
CZ,E,PETROL,HEV,2020,268
CZ,E,PETROL,HEV,2021,611
CZ,E,PETROL,HEV,2022,395
CZ,E,PETROL,HEV,2023,763
CZ,E,PETROL,Petrol,2010,300
CZ,E,PETROL,Petrol,2011,447
CZ,E,PETROL,Petrol,2012,374
CZ,E,PETROL,Petrol,2013,307
CZ,E,PETROL,Petrol,2014,280
CZ,E,PETROL,Petrol,2015,387
CZ,E,PETROL,Petrol,2016,794
CZ,E,PETROL,Petrol,2017,1664
CZ,E,PETROL,Petrol,2018,1848
CZ,E,PETROL,Petrol,2019,2256
CZ,E,PETROL,Petrol,2020,1731
CZ,E,PETROL,Petrol,2021,1504
CZ,E,PETROL,Petrol,2022,1072
CZ,E,PETROL,Petrol,2023,2192
CZ,E,PETROL-ELECTRIC,Other,2013,1
CZ,E,PETROL-ELECTRIC,Other,2015,1
CZ,E,PETROL/ELECTRIC,Other,2018,15
CZ,E,PETROL/ELECTRIC,PHEV,2019,16
CZ,E,PETROL/ELECTRIC,PHEV,2020,17
CZ,E,PETROL/ELECTRIC,PHEV,2021,33
CZ,E,PETROL/ELECTRIC,PHEV,2022,55
CZ,E,PETROL/ELECTRIC,PHEV,2023,56
CZ,F,DIESEL,Diesel,2010,720
CZ,F,DIESEL,Diesel,2011,803
CZ,F,DIESEL,Diesel,2012,732
CZ,F,DIESEL,Diesel,2013,823
CZ,F,DIESEL,Diesel,2014,789
CZ,F,DIESEL,Diesel,2015,833
CZ,F,DIESEL,Diesel,2016,1094
CZ,F,DIESEL,Diesel,2017,811
CZ,F,DIESEL,Diesel,2018,486
CZ,F,DIESEL,Diesel,2019,849
CZ,F,DIESEL,Diesel,2020,398
CZ,F,DIESEL,Diesel,2021,577
CZ,F,DIESEL,Diesel,2022,380
CZ,F,DIESEL,Diesel,2023,208
CZ,F,DIESEL,HEV,2019,59
CZ,F,DIESEL,HEV,2020,55
CZ,F,DIESEL,HEV,2021,32
CZ,F,DIESEL,HEV,2022,103
CZ,F,DIESEL,HEV,2023,144
CZ,F,ELECTRIC,BEV,2020,22
CZ,F,ELECTRIC,BEV,2021,87
CZ,F,ELECTRIC,BEV,2022,145
CZ,F,ELECTRIC,BEV,2023,198
CZ,F,LPG,Other,2010,1
CZ,F,LPG,Other,2011,1
CZ,F,NG-BIOMETHANE,Other,2010,48
CZ,F,NG-BIOMETHANE,Other,2011,22
CZ,F,NG-BIOMETHANE,Other,2014,3
CZ,F,PETROL,HEV,2020,53
CZ,F,PETROL,HEV,2021,42
CZ,F,PETROL,HEV,2022,82
CZ,F,PETROL,HEV,2023,187
CZ,F,PETROL,Petrol,2010,3687
CZ,F,PETROL,Petrol,2011,2235
CZ,F,PETROL,Petrol,2012,1488
CZ,F,PETROL,Petrol,2013,1179
CZ,F,PETROL,Petrol,2014,815
CZ,F,PETROL,Petrol,2015,868
CZ,F,PETROL,Petrol,2016,1303
CZ,F,PETROL,Petrol,2017,986
CZ,F,PETROL,Petrol,2018,992
CZ,F,PETROL,Petrol,2019,1490
CZ,F,PETROL,Petrol,2020,1541
CZ,F,PETROL,Petrol,2021,2436
CZ,F,PETROL,Petrol,2022,2162
CZ,F,PETROL,Petrol,2023,2086
CZ,F,PETROL-ELECTRIC,Other,2014,9
CZ,F,PETROL-ELECTRIC,Other,2015,19
CZ,F,PETROL-ELECTRIC,Other,2016,14
CZ,F,PETROL/ELECTRIC,Other,2017,9
CZ,F,PETROL/ELECTRIC,Other,2018,5
CZ,F,PETROL/ELECTRIC,PHEV,2019,14
CZ,F,PETROL/ELECTRIC,PHEV,2020,8
CZ,F,PETROL/ELECTRIC,PHEV,2021,9
CZ,F,PETROL/ELECTRIC,PHEV,2022,21
CZ,F,PETROL/ELECTRIC,PHEV,2023,74
CZ,JA,DIESEL,Diesel,2010,1183
CZ,JA,DIESEL,Diesel,2011,542
CZ,JA,DIESEL,Diesel,2012,824
CZ,JA,DIESEL,Diesel,2013,798
CZ,JA,DIESEL,Diesel,2014,1173
CZ,JA,DIESEL,Diesel,2015,1569
CZ,JA,DIESEL,Diesel,2016,1676
CZ,JA,DIESEL,Diesel,2017,1310
CZ,JA,DIESEL,Diesel,2018,1453
CZ,JA,DIESEL,Diesel,2019,1917
CZ,JA,DIESEL,Diesel,2020,2319
CZ,JA,DIESEL,Diesel,2021,886
CZ,JA,DIESEL,Diesel,2022,293
CZ,JA,DIESEL,Diesel,2023,58
CZ,JA,ELECTRIC,BEV,2021,2
CZ,JA,ELECTRIC,BEV,2022,7
CZ,JA,ELECTRIC,BEV,2023,42
CZ,JA,NG,Other,2020,94
CZ,JA,NG,Other,2021,73
CZ,JA,NG,Other,2022,58
CZ,JA,NG,Other,2023,10
CZ,JA,PETROL,HEV,2022,661
CZ,JA,PETROL,HEV,2023,685
CZ,JA,PETROL,Petrol,2010,670
CZ,JA,PETROL,Petrol,2011,279
CZ,JA,PETROL,Petrol,2012,251
CZ,JA,PETROL,Petrol,2013,194
CZ,JA,PETROL,Petrol,2014,139
CZ,JA,PETROL,Petrol,2015,121
CZ,JA,PETROL,Petrol,2016,311
CZ,JA,PETROL,Petrol,2017,570
CZ,JA,PETROL,Petrol,2018,1986
CZ,JA,PETROL,Petrol,2019,3364
CZ,JA,PETROL,Petrol,2020,8115
CZ,JA,PETROL,Petrol,2021,11933
CZ,JA,PETROL,Petrol,2022,6938
CZ,JA,PETROL,Petrol,2023,9497
CZ,JB,DIESEL,Diesel,2010,674
CZ,JB,DIESEL,Diesel,2011,1647
CZ,JB,DIESEL,Diesel,2012,2286
CZ,JB,DIESEL,Diesel,2013,2497
CZ,JB,DIESEL,Diesel,2014,3524
CZ,JB,DIESEL,Diesel,2015,5391
CZ,JB,DIESEL,Diesel,2016,3979
CZ,JB,DIESEL,Diesel,2017,4560
CZ,JB,DIESEL,Diesel,2018,5806
CZ,JB,DIESEL,Diesel,2019,5564
CZ,JB,DIESEL,Diesel,2020,4467
CZ,JB,DIESEL,Diesel,2021,4400
CZ,JB,DIESEL,Diesel,2022,4190
CZ,JB,DIESEL,Diesel,2023,4563
CZ,JB,DIESEL,HEV,2022,2
CZ,JB,E85,Other,2011,78
CZ,JB,E85,Other,2012,354
CZ,JB,E85,Other,2013,48
CZ,JB,ELECTRIC,BEV,2015,1
CZ,JB,ELECTRIC,BEV,2016,2
CZ,JB,ELECTRIC,BEV,2017,2
CZ,JB,ELECTRIC,BEV,2018,48
CZ,JB,ELECTRIC,BEV,2019,113
CZ,JB,ELECTRIC,BEV,2020,274
CZ,JB,ELECTRIC,BEV,2021,404
CZ,JB,ELECTRIC,BEV,2022,370
CZ,JB,ELECTRIC,BEV,2023,640
CZ,JB,ELECTRIC,Other,2011,18
CZ,JB,LPG,Other,2012,28
CZ,JB,LPG,Other,2013,157
CZ,JB,LPG,Other,2014,304
CZ,JB,LPG,Other,2015,198
CZ,JB,LPG,Other,2016,2
CZ,JB,LPG,Other,2017,164
CZ,JB,LPG,Other,2018,61
CZ,JB,LPG,Other,2019,128
CZ,JB,LPG,Other,2020,846
CZ,JB,LPG,Other,2021,1347
CZ,JB,LPG,Other,2022,1374
CZ,JB,LPG,Other,2023,1004
CZ,JB,NG,Other,2019,14
CZ,JB,NG,Other,2020,18
CZ,JB,NG,Other,2021,16
CZ,JB,NG,Other,2022,8
CZ,JB,NG,Other,2023,16
CZ,JB,PETROL,HEV,2020,594
CZ,JB,PETROL,HEV,2021,1816
CZ,JB,PETROL,HEV,2022,4384
CZ,JB,PETROL,HEV,2023,5613
CZ,JB,PETROL,Other,2018,7
CZ,JB,PETROL,Petrol,2010,781
CZ,JB,PETROL,Petrol,2011,1806
CZ,JB,PETROL,Petrol,2012,1169
CZ,JB,PETROL,Petrol,2013,2133
CZ,JB,PETROL,Petrol,2014,3637
CZ,JB,PETROL,Petrol,2015,6819
CZ,JB,PETROL,Petrol,2016,8766
CZ,JB,PETROL,Petrol,2017,11738
CZ,JB,PETROL,Petrol,2018,19301
CZ,JB,PETROL,Petrol,2019,26418
CZ,JB,PETROL,Petrol,2020,18849
CZ,JB,PETROL,Petrol,2021,22550
CZ,JB,PETROL,Petrol,2022,17262
CZ,JB,PETROL,Petrol,2023,17194
CZ,JB,PETROL/ELECTRIC,Other,2018,22
CZ,JB,PETROL/ELECTRIC,PHEV,2019,57
CZ,JB,PETROL/ELECTRIC,PHEV,2020,67
CZ,JB,PETROL/ELECTRIC,PHEV,2021,158
CZ,JB,PETROL/ELECTRIC,PHEV,2022,161
CZ,JB,PETROL/ELECTRIC,PHEV,2023,147
CZ,JC,DIESEL,Diesel,2010,7697
CZ,JC,DIESEL,Diesel,2011,8298
CZ,JC,DIESEL,Diesel,2012,9986
CZ,JC,DIESEL,Diesel,2013,8916
CZ,JC,DIESEL,Diesel,2014,8741
CZ,JC,DIESEL,Diesel,2015,11194
CZ,JC,DIESEL,Diesel,2016,10570
CZ,JC,DIESEL,Diesel,2017,12650
CZ,JC,DIESEL,Diesel,2018,13081
CZ,JC,DIESEL,Diesel,2019,12599
CZ,JC,DIESEL,Diesel,2020,10043
CZ,JC,DIESEL,Diesel,2021,8871
CZ,JC,DIESEL,Diesel,2022,6735
CZ,JC,DIESEL,Diesel,2023,7735
CZ,JC,DIESEL,HEV,2019,9
CZ,JC,DIESEL,HEV,2020,408
CZ,JC,DIESEL,HEV,2021,158
CZ,JC,DIESEL,HEV,2022,1161
CZ,JC,DIESEL,HEV,2023,1073
CZ,JC,ELECTRIC,BEV,2019,50
CZ,JC,ELECTRIC,BEV,2020,812
CZ,JC,ELECTRIC,BEV,2021,1013
CZ,JC,ELECTRIC,BEV,2022,1924
CZ,JC,ELECTRIC,BEV,2023,2187
CZ,JC,PETROL,HEV,2019,816
CZ,JC,PETROL,HEV,2020,359
CZ,JC,PETROL,HEV,2021,2489
CZ,JC,PETROL,HEV,2022,5979
CZ,JC,PETROL,HEV,2023,9225
CZ,JC,PETROL,Petrol,2010,3781
CZ,JC,PETROL,Petrol,2011,3936
CZ,JC,PETROL,Petrol,2012,4335
CZ,JC,PETROL,Petrol,2013,4080
CZ,JC,PETROL,Petrol,2014,6352
CZ,JC,PETROL,Petrol,2015,8480
CZ,JC,PETROL,Petrol,2016,6705
CZ,JC,PETROL,Petrol,2017,12000
CZ,JC,PETROL,Petrol,2018,16724
CZ,JC,PETROL,Petrol,2019,17538
CZ,JC,PETROL,Petrol,2020,11846
CZ,JC,PETROL,Petrol,2021,14749
CZ,JC,PETROL,Petrol,2022,13865
CZ,JC,PETROL,Petrol,2023,14759
CZ,JC,PETROL-ELECTRIC,Other,2015,6
CZ,JC,PETROL/ELECTRIC,Other,2018,22
CZ,JC,PETROL/ELECTRIC,PHEV,2019,35
CZ,JC,PETROL/ELECTRIC,PHEV,2020,354
CZ,JC,PETROL/ELECTRIC,PHEV,2021,394
CZ,JC,PETROL/ELECTRIC,PHEV,2022,631
CZ,JC,PETROL/ELECTRIC,PHEV,2023,1248
CZ,JD,DIESEL,Diesel,2010,2861
CZ,JD,DIESEL,Diesel,2011,3190
CZ,JD,DIESEL,Diesel,2012,3098
CZ,JD,DIESEL,Diesel,2013,2944
CZ,JD,DIESEL,Diesel,2014,3050
CZ,JD,DIESEL,Diesel,2015,4430
CZ,JD,DIESEL,Diesel,2016,1743
CZ,JD,DIESEL,Diesel,2017,4186
CZ,JD,DIESEL,Diesel,2018,3463
CZ,JD,DIESEL,Diesel,2019,3612
CZ,JD,DIESEL,Diesel,2020,2174
CZ,JD,DIESEL,Diesel,2021,2572
CZ,JD,DIESEL,Diesel,2022,1005
CZ,JD,DIESEL,Diesel,2023,1306
CZ,JD,DIESEL,HEV,2019,280
CZ,JD,DIESEL,HEV,2020,781
CZ,JD,DIESEL,HEV,2021,424
CZ,JD,DIESEL,HEV,2022,1531
CZ,JD,DIESEL,HEV,2023,2561
CZ,JD,DIESEL/ELECTRIC,Other,2017,4
CZ,JD,DIESEL/ELECTRIC,Other,2018,1
CZ,JD,DIESEL/ELECTRIC,PHEV,2020,16
CZ,JD,DIESEL/ELECTRIC,PHEV,2021,74
CZ,JD,DIESEL/ELECTRIC,PHEV,2022,56
CZ,JD,DIESEL/ELECTRIC,PHEV,2023,73
CZ,JD,E85,Other,2011,1
CZ,JD,E85,Other,2013,4
CZ,JD,E85,Other,2014,5
CZ,JD,E85,Other,2015,16
CZ,JD,E85,Other,2017,14
CZ,JD,ELECTRIC,BEV,2021,82
CZ,JD,ELECTRIC,BEV,2022,214
CZ,JD,ELECTRIC,BEV,2023,1135
CZ,JD,PETROL,HEV,2020,241
CZ,JD,PETROL,HEV,2021,1793
CZ,JD,PETROL,HEV,2022,2120
CZ,JD,PETROL,HEV,2023,2443
CZ,JD,PETROL,Other,2012,15
CZ,JD,PETROL,Petrol,2010,560
CZ,JD,PETROL,Petrol,2011,397
CZ,JD,PETROL,Petrol,2012,368
CZ,JD,PETROL,Petrol,2013,332
CZ,JD,PETROL,Petrol,2014,448
CZ,JD,PETROL,Petrol,2015,787
CZ,JD,PETROL,Petrol,2016,961
CZ,JD,PETROL,Petrol,2017,1174
CZ,JD,PETROL,Petrol,2018,1937
CZ,JD,PETROL,Petrol,2019,2997
CZ,JD,PETROL,Petrol,2020,2526
CZ,JD,PETROL,Petrol,2021,1158
CZ,JD,PETROL,Petrol,2022,963
CZ,JD,PETROL,Petrol,2023,959
CZ,JD,PETROL-ELECTRIC,Other,2015,17
CZ,JD,PETROL-ELECTRIC,Other,2016,3
CZ,JD,PETROL/ELECTRIC,Other,2017,31
CZ,JD,PETROL/ELECTRIC,Other,2018,31
CZ,JD,PETROL/ELECTRIC,PHEV,2019,106
CZ,JD,PETROL/ELECTRIC,PHEV,2020,197
CZ,JD,PETROL/ELECTRIC,PHEV,2021,498
CZ,JD,PETROL/ELECTRIC,PHEV,2022,714
CZ,JD,PETROL/ELECTRIC,PHEV,2023,1063
CZ,JE,DIESEL,Diesel,2010,842
CZ,JE,DIESEL,Diesel,2011,672
CZ,JE,DIESEL,Diesel,2012,775
CZ,JE,DIESEL,Diesel,2013,620
CZ,JE,DIESEL,Diesel,2014,1203
CZ,JE,DIESEL,Diesel,2015,1813
CZ,JE,DIESEL,Diesel,2016,138
CZ,JE,DIESEL,Diesel,2017,1248
CZ,JE,DIESEL,Diesel,2018,775
CZ,JE,DIESEL,Diesel,2019,1440
CZ,JE,DIESEL,Diesel,2020,1556
CZ,JE,DIESEL,Diesel,2021,1172
CZ,JE,DIESEL,Diesel,2022,535
CZ,JE,DIESEL,Diesel,2023,485
CZ,JE,DIESEL,HEV,2019,299
CZ,JE,DIESEL,HEV,2020,554
CZ,JE,DIESEL,HEV,2021,710
CZ,JE,DIESEL,HEV,2022,1177
CZ,JE,DIESEL,HEV,2023,1707
CZ,JE,DIESEL/ELECTRIC,PHEV,2020,74
CZ,JE,DIESEL/ELECTRIC,PHEV,2021,285
CZ,JE,DIESEL/ELECTRIC,PHEV,2022,174
CZ,JE,DIESEL/ELECTRIC,PHEV,2023,167
CZ,JE,ELECTRIC,BEV,2021,21
CZ,JE,ELECTRIC,BEV,2022,83
CZ,JE,ELECTRIC,BEV,2023,175
CZ,JE,PETROL,HEV,2020,303
CZ,JE,PETROL,HEV,2021,954
CZ,JE,PETROL,HEV,2022,1176
CZ,JE,PETROL,HEV,2023,1207
CZ,JE,PETROL,Petrol,2010,219
CZ,JE,PETROL,Petrol,2011,146
CZ,JE,PETROL,Petrol,2012,135
CZ,JE,PETROL,Petrol,2013,90
CZ,JE,PETROL,Petrol,2014,84
CZ,JE,PETROL,Petrol,2015,242
CZ,JE,PETROL,Petrol,2016,278
CZ,JE,PETROL,Petrol,2017,305
CZ,JE,PETROL,Petrol,2018,496
CZ,JE,PETROL,Petrol,2019,775
CZ,JE,PETROL,Petrol,2020,497
CZ,JE,PETROL,Petrol,2021,379
CZ,JE,PETROL,Petrol,2022,599
CZ,JE,PETROL,Petrol,2023,468
CZ,JE,PETROL-ELECTRIC,Other,2015,2
CZ,JE,PETROL/ELECTRIC,Other,2017,33
CZ,JE,PETROL/ELECTRIC,Other,2018,11
CZ,JE,PETROL/ELECTRIC,PHEV,2019,28
CZ,JE,PETROL/ELECTRIC,PHEV,2020,86
CZ,JE,PETROL/ELECTRIC,PHEV,2021,189
CZ,JE,PETROL/ELECTRIC,PHEV,2022,169
CZ,JE,PETROL/ELECTRIC,PHEV,2023,427
CZ,JF,DIESEL,Diesel,2010,322
CZ,JF,DIESEL,Diesel,2011,362
CZ,JF,DIESEL,Diesel,2012,528
CZ,JF,DIESEL,Diesel,2013,624
CZ,JF,DIESEL,Diesel,2014,682
CZ,JF,DIESEL,Diesel,2015,674
CZ,JF,DIESEL,Diesel,2016,51
CZ,JF,DIESEL,Diesel,2017,614
CZ,JF,DIESEL,Diesel,2018,443
CZ,JF,DIESEL,Diesel,2019,563
CZ,JF,DIESEL,Diesel,2020,611
CZ,JF,DIESEL,Diesel,2021,788
CZ,JF,DIESEL,Diesel,2022,498
CZ,JF,DIESEL,Diesel,2023,801
CZ,JF,DIESEL,HEV,2020,5
CZ,JF,DIESEL,HEV,2021,205
CZ,JF,DIESEL,HEV,2022,372
CZ,JF,DIESEL,HEV,2023,733
CZ,JF,ELECTRIC,BEV,2020,37
CZ,JF,ELECTRIC,BEV,2021,39
CZ,JF,ELECTRIC,BEV,2022,40
CZ,JF,ELECTRIC,BEV,2023,20
CZ,JF,PETROL,HEV,2020,46
CZ,JF,PETROL,HEV,2021,153
CZ,JF,PETROL,HEV,2022,137
CZ,JF,PETROL,HEV,2023,239
CZ,JF,PETROL,Petrol,2010,9
CZ,JF,PETROL,Petrol,2011,14
CZ,JF,PETROL,Petrol,2012,53
CZ,JF,PETROL,Petrol,2013,44
CZ,JF,PETROL,Petrol,2014,43
CZ,JF,PETROL,Petrol,2015,40
CZ,JF,PETROL,Petrol,2016,22
CZ,JF,PETROL,Petrol,2017,171
CZ,JF,PETROL,Petrol,2018,123
CZ,JF,PETROL,Petrol,2019,163
CZ,JF,PETROL,Petrol,2020,139
CZ,JF,PETROL,Petrol,2021,123
CZ,JF,PETROL,Petrol,2022,87
CZ,JF,PETROL,Petrol,2023,174
CZ,JF,PETROL/ELECTRIC,Other,2018,4
CZ,JF,PETROL/ELECTRIC,PHEV,2019,10
CZ,JF,PETROL/ELECTRIC,PHEV,2020,5
CZ,JF,PETROL/ELECTRIC,PHEV,2021,5
CZ,JF,PETROL/ELECTRIC,PHEV,2022,15
CZ,JF,PETROL/ELECTRIC,PHEV,2023,78
CZ,V,DIESEL,Diesel,2010,3973
CZ,V,DIESEL,Diesel,2011,4905
CZ,V,DIESEL,Diesel,2012,4291
CZ,V,DIESEL,Diesel,2013,4325
CZ,V,DIESEL,Diesel,2014,4675
CZ,V,DIESEL,Diesel,2015,6689
CZ,V,DIESEL,Diesel,2016,5292
CZ,V,DIESEL,Diesel,2017,6856
CZ,V,DIESEL,Diesel,2018,8396
CZ,V,DIESEL,Diesel,2019,9033
CZ,V,DIESEL,Diesel,2020,8813
CZ,V,DIESEL,Diesel,2021,6342
CZ,V,DIESEL,Diesel,2022,6001
CZ,V,DIESEL,Diesel,2023,7195
CZ,V,DIESEL,HEV,2019,3
CZ,V,DIESEL,HEV,2020,407
CZ,V,DIESEL,HEV,2021,587
CZ,V,DIESEL,HEV,2022,692
CZ,V,DIESEL,HEV,2023,375
CZ,V,ELECTRIC,BEV,2020,4
CZ,V,ELECTRIC,BEV,2021,43
CZ,V,ELECTRIC,BEV,2022,77
CZ,V,ELECTRIC,BEV,2023,274
CZ,V,LPG,Other,2011,5
CZ,V,LPG,Other,2012,26
CZ,V,LPG,Other,2013,10
CZ,V,LPG,Other,2014,7
CZ,V,LPG,Other,2015,2
CZ,V,NG,Other,2018,456
CZ,V,NG,Other,2019,184
CZ,V,NG,Other,2020,144
CZ,V,NG,Other,2021,27
CZ,V,NG,Other,2023,2
CZ,V,NG-BIOMETHANE,Other,2010,13
CZ,V,NG-BIOMETHANE,Other,2011,28
CZ,V,NG-BIOMETHANE,Other,2012,55
CZ,V,NG-BIOMETHANE,Other,2013,55
CZ,V,NG-BIOMETHANE,Other,2014,67
CZ,V,NG-BIOMETHANE,Other,2015,164
CZ,V,NG-BIOMETHANE,Other,2016,88
CZ,V,NG-BIOMETHANE,Other,2017,174
CZ,V,NG-BIOMETHANE,Other,2019,2
CZ,V,NG-BIOMETHANE,Other,2020,1
CZ,V,PETROL,HEV,2021,8
CZ,V,PETROL,HEV,2022,77
CZ,V,PETROL,HEV,2023,108
CZ,V,PETROL,Petrol,2010,136
CZ,V,PETROL,Petrol,2011,249
CZ,V,PETROL,Petrol,2012,161
CZ,V,PETROL,Petrol,2013,115
CZ,V,PETROL,Petrol,2014,161
CZ,V,PETROL,Petrol,2015,153
CZ,V,PETROL,Petrol,2016,398
CZ,V,PETROL,Petrol,2017,700
CZ,V,PETROL,Petrol,2018,634
CZ,V,PETROL,Petrol,2019,1473
CZ,V,PETROL,Petrol,2020,1182
CZ,V,PETROL,Petrol,2021,1321
CZ,V,PETROL,Petrol,2022,1538
CZ,V,PETROL,Petrol,2023,1271
CZ,V,PETROL/ELECTRIC,PHEV,2021,4
CZ,V,PETROL/ELECTRIC,PHEV,2022,45
CZ,V,PETROL/ELECTRIC,PHEV,2023,100
DE,,DIESEL,Diesel,2010,139092
DE,,DIESEL,Diesel,2011,158536
DE,,DIESEL,Diesel,2012,88272
DE,,DIESEL,Diesel,2013,49122
DE,,DIESEL,Diesel,2014,43415
DE,,DIESEL,Diesel,2015,57135
DE,,DIESEL,Diesel,2016,35062
DE,,DIESEL,Diesel,2017,28045
DE,,DIESEL,Diesel,2018,22309
DE,,DIESEL,Diesel,2019,24131
DE,,DIESEL,Diesel,2020,12863
DE,,DIESEL,Diesel,2021,6706
DE,,DIESEL,Diesel,2022,5688
DE,,DIESEL,Diesel,2023,6688
DE,,DIESEL,HEV,2020,529
DE,,DIESEL,HEV,2021,442
DE,,DIESEL,HEV,2022,467
DE,,DIESEL,HEV,2023,660
DE,,DIESEL-ELECTRIC,Other,2015,40
DE,,DIESEL-ELECTRIC,Other,2016,20
DE,,DIESEL/ELECTRIC,Other,2017,4
DE,,DIESEL/ELECTRIC,PHEV,2019,1
DE,,DIESEL/ELECTRIC,PHEV,2020,20
DE,,E85,Other,2010,185
DE,,E85,Other,2011,104
DE,,E85,Other,2012,60
DE,,E85,Other,2013,2
DE,,E85,Other,2014,3
DE,,E85,Other,2015,3
DE,,E85,Other,2016,7
DE,,E85,Other,2017,4
DE,,E85,Other,2018,1
DE,,E85,Other,2019,2
DE,,E85,Other,2021,26
DE,,E85,Other,2022,6
DE,,E85,Other,2023,28
DE,,ELECTRIC,BEV,2014,1942
DE,,ELECTRIC,BEV,2015,1216
DE,,ELECTRIC,BEV,2016,328
DE,,ELECTRIC,BEV,2017,707
DE,,ELECTRIC,BEV,2018,1125
DE,,ELECTRIC,BEV,2019,1874
DE,,ELECTRIC,BEV,2020,2791
DE,,ELECTRIC,BEV,2021,3302
DE,,ELECTRIC,BEV,2022,6518
DE,,ELECTRIC,BEV,2023,19581
DE,,ELECTRIC,Other,2010,12
DE,,ELECTRIC,Other,2011,994
DE,,ELECTRIC,Other,2012,1821
DE,,ELECTRIC,Other,2013,2382
DE,,ELECTRIC,Other,2014,5
DE,,HYBRID/PETROL/E,Petrol,2015,14
DE,,HYDROGEN,Other,2020,211
DE,,HYDROGEN,Other,2021,151
DE,,HYDROGEN,Other,2022,447
DE,,HYDROGEN,Other,2023,72
DE,,LPG,Other,2010,92
DE,,LPG,Other,2011,76
DE,,LPG,Other,2012,74
DE,,LPG,Other,2013,91
DE,,LPG,Other,2014,668
DE,,LPG,Other,2015,838
DE,,LPG,Other,2016,53
DE,,LPG,Other,2017,789
DE,,LPG,Other,2018,1384
DE,,LPG,Other,2019,1575
DE,,LPG,Other,2020,48
DE,,LPG,Other,2021,139
DE,,LPG,Other,2022,80
DE,,LPG,Other,2023,170
DE,,NG,Other,2018,13
DE,,NG-BIOMETHANE,Other,2010,32
DE,,NG-BIOMETHANE,Other,2011,34
DE,,NG-BIOMETHANE,Other,2012,109
DE,,NG-BIOMETHANE,Other,2013,61
DE,,NG-BIOMETHANE,Other,2014,12
DE,,NG-BIOMETHANE,Other,2015,194
DE,,NG-BIOMETHANE,Other,2016,27
DE,,NG-BIOMETHANE,Other,2017,13
DE,,NG-BIOMETHANE,Other,2019,14
DE,,PETROL,HEV,2020,2899
DE,,PETROL,HEV,2021,4160
DE,,PETROL,HEV,2022,4573
DE,,PETROL,HEV,2023,6144
DE,,PETROL,Other,2018,2
DE,,PETROL,Petrol,2010,98445
DE,,PETROL,Petrol,2011,58891
DE,,PETROL,Petrol,2012,35329
DE,,PETROL,Petrol,2013,56768
DE,,PETROL,Petrol,2014,50155
DE,,PETROL,Petrol,2015,79816
DE,,PETROL,Petrol,2016,39981
DE,,PETROL,Petrol,2017,40617
DE,,PETROL,Petrol,2018,42074
DE,,PETROL,Petrol,2019,39786
DE,,PETROL,Petrol,2020,25144
DE,,PETROL,Petrol,2021,13763
DE,,PETROL,Petrol,2022,8070
DE,,PETROL,Petrol,2023,5147
DE,,PETROL-ELECTRIC,Other,2013,344
DE,,PETROL-ELECTRIC,Other,2014,132
DE,,PETROL-ELECTRIC,Other,2015,107
DE,,PETROL-ELECTRIC,Other,2016,384
DE,,PETROL/ELECTRIC,Other,2017,409
DE,,PETROL/ELECTRIC,Other,2018,559
DE,,PETROL/ELECTRIC,PHEV,2019,980
DE,,PETROL/ELECTRIC,PHEV,2020,980
DE,,PETROL/ELECTRIC,PHEV,2021,4083
DE,,PETROL/ELECTRIC,PHEV,2022,4119
DE,,PETROL/ELECTRIC,PHEV,2023,4246
DE,,UNKNOWN,Other,2019,3
DE,,UNKNOWN,Other,2020,5
DE,,UNKNOWN,Other,2021,1
DE,A,DIESEL,Diesel,2010,13817
DE,A,DIESEL,Diesel,2011,13015
DE,A,DIESEL,Diesel,2012,10786
DE,A,DIESEL,Diesel,2013,12923
DE,A,DIESEL,Diesel,2014,10125
DE,A,DIESEL,Diesel,2015,11231
DE,A,DIESEL,Diesel,2016,9038
DE,A,DIESEL,Diesel,2017,4639
DE,A,DIESEL,Diesel,2018,3770
DE,A,DIESEL,Diesel,2019,3064
DE,A,DIESEL,Diesel,2020,3116
DE,A,DIESEL,Diesel,2021,635
DE,A,DIESEL,Diesel,2022,98
DE,A,DIESEL,Diesel,2023,935
DE,A,DIESEL,HEV,2021,4
DE,A,DIESEL,HEV,2022,1
DE,A,DIESEL,HEV,2023,38
DE,A,DIESEL-ELECTRIC,Other,2013,1
DE,A,E85,Other,2012,1
DE,A,E85,Other,2013,6
DE,A,E85,Other,2014,6
DE,A,E85,Other,2015,1
DE,A,E85,Other,2021,5
DE,A,E85,Other,2022,4
DE,A,ELECTRIC,BEV,2014,2469
DE,A,ELECTRIC,BEV,2015,2282
DE,A,ELECTRIC,BEV,2016,3465
DE,A,ELECTRIC,BEV,2017,9182
DE,A,ELECTRIC,BEV,2018,14125
DE,A,ELECTRIC,BEV,2019,17532
DE,A,ELECTRIC,BEV,2020,66106
DE,A,ELECTRIC,BEV,2021,111118
DE,A,ELECTRIC,BEV,2022,88695
DE,A,ELECTRIC,BEV,2023,61845
DE,A,ELECTRIC,Other,2010,106
DE,A,ELECTRIC,Other,2011,283
DE,A,ELECTRIC,Other,2012,184
DE,A,ELECTRIC,Other,2013,1852
DE,A,LPG,Other,2010,218
DE,A,LPG,Other,2011,207
DE,A,LPG,Other,2012,192
DE,A,LPG,Other,2013,179
DE,A,LPG,Other,2014,972
DE,A,LPG,Other,2015,875
DE,A,LPG,Other,2016,770
DE,A,LPG,Other,2017,649
DE,A,LPG,Other,2018,309
DE,A,LPG,Other,2019,371
DE,A,LPG,Other,2020,207
DE,A,LPG,Other,2021,107
DE,A,LPG,Other,2022,82
DE,A,LPG,Other,2023,15
DE,A,NG,Other,2018,1525
DE,A,NG,Other,2019,4
DE,A,NG,Other,2020,332
DE,A,NG,Other,2021,238
DE,A,NG,Other,2022,147
DE,A,NG,Other,2023,184
DE,A,NG-BIOMETHANE,Other,2010,248
DE,A,NG-BIOMETHANE,Other,2011,263
DE,A,NG-BIOMETHANE,Other,2012,151
DE,A,NG-BIOMETHANE,Other,2013,4520
DE,A,NG-BIOMETHANE,Other,2014,3247
DE,A,NG-BIOMETHANE,Other,2015,1831
DE,A,NG-BIOMETHANE,Other,2016,1162
DE,A,NG-BIOMETHANE,Other,2017,867
DE,A,NG-BIOMETHANE,Other,2019,1094
DE,A,NG-BIOMETHANE,Other,2020,56
DE,A,NG-BIOMETHANE,Other,2021,17
DE,A,PETROL,HEV,2019,2
DE,A,PETROL,HEV,2020,15699
DE,A,PETROL,HEV,2021,23788
DE,A,PETROL,HEV,2022,27444
DE,A,PETROL,HEV,2023,39936
DE,A,PETROL,Petrol,2010,224482
DE,A,PETROL,Petrol,2011,178041
DE,A,PETROL,Petrol,2012,222214
DE,A,PETROL,Petrol,2013,253712
DE,A,PETROL,Petrol,2014,253242
DE,A,PETROL,Petrol,2015,279992
DE,A,PETROL,Petrol,2016,272602
DE,A,PETROL,Petrol,2017,266657
DE,A,PETROL,Petrol,2018,277480
DE,A,PETROL,Petrol,2019,275359
DE,A,PETROL,Petrol,2020,126379
DE,A,PETROL,Petrol,2021,74988
DE,A,PETROL,Petrol,2022,62708
DE,A,PETROL,Petrol,2023,77453
DE,A,PETROL-ELECTRIC,Other,2013,11
DE,A,PETROL-ELECTRIC,Other,2014,90
DE,A,PETROL-ELECTRIC,Other,2015,220
DE,A,PETROL-ELECTRIC,Other,2016,213
DE,A,PETROL/ELECTRIC,Other,2017,112
DE,A,PETROL/ELECTRIC,Other,2018,1
DE,A,PETROL/ELECTRIC,PHEV,2019,7
DE,A,PETROL/ELECTRIC,PHEV,2020,943
DE,A,PETROL/ELECTRIC,PHEV,2021,5849
DE,A,PETROL/ELECTRIC,PHEV,2022,7296
DE,A,PETROL/ELECTRIC,PHEV,2023,5148
DE,B,DIESEL,Diesel,2010,110836
DE,B,DIESEL,Diesel,2011,151804
DE,B,DIESEL,Diesel,2012,178704
DE,B,DIESEL,Diesel,2013,151814
DE,B,DIESEL,Diesel,2014,147099
DE,B,DIESEL,Diesel,2015,151368
DE,B,DIESEL,Diesel,2016,122263
DE,B,DIESEL,Diesel,2017,91979
DE,B,DIESEL,Diesel,2018,73201
DE,B,DIESEL,Diesel,2019,62489
DE,B,DIESEL,Diesel,2020,27665
DE,B,DIESEL,Diesel,2021,11209
DE,B,DIESEL,Diesel,2022,8441
DE,B,DIESEL,Diesel,2023,7059
DE,B,DIESEL,HEV,2020,8565
DE,B,DIESEL,HEV,2021,9284
DE,B,DIESEL,HEV,2022,14803
DE,B,DIESEL,HEV,2023,20565
DE,B,E85,Other,2010,31
DE,B,E85,Other,2011,18
DE,B,E85,Other,2012,781
DE,B,E85,Other,2013,101
DE,B,E85,Other,2017,2
DE,B,ELECTRIC,BEV,2014,110
DE,B,ELECTRIC,BEV,2015,3998
DE,B,ELECTRIC,BEV,2016,1560
DE,B,ELECTRIC,BEV,2017,3121
DE,B,ELECTRIC,BEV,2018,3489
DE,B,ELECTRIC,BEV,2019,2728
DE,B,ELECTRIC,BEV,2020,15995
DE,B,ELECTRIC,BEV,2021,32324
DE,B,ELECTRIC,BEV,2022,37530
DE,B,ELECTRIC,BEV,2023,40141
DE,B,ELECTRIC,Other,2011,6
DE,B,ELECTRIC,Other,2012,12
DE,B,ELECTRIC,Other,2013,13
DE,B,HYDROGEN,Other,2022,34
DE,B,LPG,Other,2010,1323
DE,B,LPG,Other,2011,401
DE,B,LPG,Other,2012,2209
DE,B,LPG,Other,2013,2031
DE,B,LPG,Other,2014,1116
DE,B,LPG,Other,2015,650
DE,B,LPG,Other,2016,732
DE,B,LPG,Other,2017,742
DE,B,LPG,Other,2018,935
DE,B,LPG,Other,2019,1691
DE,B,LPG,Other,2020,2526
DE,B,LPG,Other,2021,6256
DE,B,LPG,Other,2022,7816
DE,B,LPG,Other,2023,5646
DE,B,NG,Other,2018,1301
DE,B,NG,Other,2020,166
DE,B,NG,Other,2021,1100
DE,B,NG,Other,2022,457
DE,B,NG,Other,2023,368
DE,B,NG-BIOMETHANE,Other,2010,259
DE,B,NG-BIOMETHANE,Other,2011,731
DE,B,NG-BIOMETHANE,Other,2012,609
DE,B,NG-BIOMETHANE,Other,2013,113
DE,B,NG-BIOMETHANE,Other,2014,79
DE,B,NG-BIOMETHANE,Other,2015,44
DE,B,NG-BIOMETHANE,Other,2016,19
DE,B,NG-BIOMETHANE,Other,2017,52
DE,B,NG-BIOMETHANE,Other,2019,1039
DE,B,NG-BIOMETHANE,Other,2020,1026
DE,B,PETROL,HEV,2019,1
DE,B,PETROL,HEV,2020,28626
DE,B,PETROL,HEV,2021,32134
DE,B,PETROL,HEV,2022,35338
DE,B,PETROL,HEV,2023,40219
DE,B,PETROL,Other,2018,2
DE,B,PETROL,Petrol,2010,477736
DE,B,PETROL,Petrol,2011,385186
DE,B,PETROL,Petrol,2012,348735
DE,B,PETROL,Petrol,2013,414486
DE,B,PETROL,Petrol,2014,426374
DE,B,PETROL,Petrol,2015,398902
DE,B,PETROL,Petrol,2016,455710
DE,B,PETROL,Petrol,2017,475714
DE,B,PETROL,Petrol,2018,439881
DE,B,PETROL,Petrol,2019,422633
DE,B,PETROL,Petrol,2020,290979
DE,B,PETROL,Petrol,2021,226608
DE,B,PETROL,Petrol,2022,195203
DE,B,PETROL,Petrol,2023,228744
DE,B,PETROL-ELECTRIC,Other,2013,21
DE,B,PETROL-ELECTRIC,Other,2014,34
DE,B,PETROL-ELECTRIC,Other,2015,119
DE,B,PETROL-ELECTRIC,Other,2016,1293
DE,B,PETROL/ELECTRIC,Other,2017,4171
DE,B,PETROL/ELECTRIC,Other,2018,4904
DE,B,PETROL/ELECTRIC,PHEV,2019,7444
DE,B,PETROL/ELECTRIC,PHEV,2020,2698
DE,B,PETROL/ELECTRIC,PHEV,2021,819
DE,B,PETROL/ELECTRIC,PHEV,2022,2114
DE,B,PETROL/ELECTRIC,PHEV,2023,1518
DE,B,UNKNOWN,Other,2019,1214
DE,B,UNKNOWN,Other,2020,1
DE,B,UNKNOWN,Other,2021,4
DE,C,CNG,Other,2020,130
DE,C,DIESEL,Diesel,2010,471447
DE,C,DIESEL,Diesel,2011,460869
DE,C,DIESEL,Diesel,2012,338635
DE,C,DIESEL,Diesel,2013,411260
DE,C,DIESEL,Diesel,2014,436979
DE,C,DIESEL,Diesel,2015,432278
DE,C,DIESEL,Diesel,2016,393720
DE,C,DIESEL,Diesel,2017,320238
DE,C,DIESEL,Diesel,2018,238759
DE,C,DIESEL,Diesel,2019,255262
DE,C,DIESEL,Diesel,2020,179052
DE,C,DIESEL,Diesel,2021,102407
DE,C,DIESEL,Diesel,2022,89654
DE,C,DIESEL,Diesel,2023,101658
DE,C,DIESEL,HEV,2020,18505
DE,C,DIESEL,HEV,2021,29651
DE,C,DIESEL,HEV,2022,24338
DE,C,DIESEL,HEV,2023,27374
DE,C,DIESEL-ELECTRIC,Other,2015,15
DE,C,DIESEL-ELECTRIC,Other,2016,22
DE,C,DIESEL/ELECTRIC,Other,2017,532
DE,C,DIESEL/ELECTRIC,Other,2018,59
DE,C,DIESEL/ELECTRIC,PHEV,2019,7385
DE,C,DIESEL/ELECTRIC,PHEV,2020,15944
DE,C,DIESEL/ELECTRIC,PHEV,2021,8983
DE,C,DIESEL/ELECTRIC,PHEV,2022,6183
DE,C,DIESEL/ELECTRIC,PHEV,2023,2656
DE,C,E85,HEV,2022,2
DE,C,E85,Other,2010,936
DE,C,E85,Other,2011,2169
DE,C,E85,Other,2012,1604
DE,C,E85,Other,2013,151
DE,C,E85,Other,2014,47
DE,C,E85,Other,2015,10
DE,C,E85,Other,2016,7
DE,C,E85,Other,2017,6
DE,C,E85,Other,2018,1
DE,C,E85,Other,2021,3
DE,C,E85,Other,2022,4
DE,C,ELECTRIC,BEV,2014,1986
DE,C,ELECTRIC,BEV,2015,2181
DE,C,ELECTRIC,BEV,2016,3923
DE,C,ELECTRIC,BEV,2017,7304
DE,C,ELECTRIC,BEV,2018,12929
DE,C,ELECTRIC,BEV,2019,22440
DE,C,ELECTRIC,BEV,2020,49759
DE,C,ELECTRIC,BEV,2021,53565
DE,C,ELECTRIC,BEV,2022,82292
DE,C,ELECTRIC,BEV,2023,79733
DE,C,ELECTRIC,Other,2011,100
DE,C,ELECTRIC,Other,2012,848
DE,C,ELECTRIC,Other,2013,1463
DE,C,ELECTRIC,Other,2014,1218
DE,C,ELECTRIC,Other,2015,1016
DE,C,HYBRID/PETROL/E,Petrol,2015,4
DE,C,LPG,Other,2010,3003
DE,C,LPG,Other,2011,977
DE,C,LPG,Other,2012,1860
DE,C,LPG,Other,2013,1346
DE,C,LPG,Other,2014,1045
DE,C,LPG,Other,2015,642
DE,C,LPG,Other,2016,634
DE,C,LPG,Other,2017,674
DE,C,LPG,Other,2018,679
DE,C,LPG,Other,2019,481
DE,C,LPG,Other,2020,578
DE,C,LPG,Other,2021,33
DE,C,LPG,Other,2022,4536
DE,C,LPG,Other,2023,5604
DE,C,NG,Other,2018,5636
DE,C,NG,Other,2019,1
DE,C,NG,Other,2020,146
DE,C,NG,Other,2021,643
DE,C,NG,Other,2022,769
DE,C,NG,Other,2023,393
DE,C,NG-BIOMETHANE,Other,2010,688
DE,C,NG-BIOMETHANE,Other,2012,3
DE,C,NG-BIOMETHANE,Other,2013,801
DE,C,NG-BIOMETHANE,Other,2014,2886
DE,C,NG-BIOMETHANE,Other,2015,2260
DE,C,NG-BIOMETHANE,Other,2016,1419
DE,C,NG-BIOMETHANE,Other,2017,1655
DE,C,NG-BIOMETHANE,Other,2019,3016
DE,C,NG-BIOMETHANE,Other,2020,2156
DE,C,NG-BIOMETHANE,Other,2021,2
DE,C,PETROL,HEV,2019,6
DE,C,PETROL,HEV,2020,53606
DE,C,PETROL,HEV,2021,61390
DE,C,PETROL,HEV,2022,62447
DE,C,PETROL,HEV,2023,99372
DE,C,PETROL,Other,2018,1
DE,C,PETROL,Petrol,2010,544594
DE,C,PETROL,Petrol,2011,437887
DE,C,PETROL,Petrol,2012,354270
DE,C,PETROL,Petrol,2013,450329
DE,C,PETROL,Petrol,2014,445128
DE,C,PETROL,Petrol,2015,455184
DE,C,PETROL,Petrol,2016,488539
DE,C,PETROL,Petrol,2017,530093
DE,C,PETROL,Petrol,2018,568273
DE,C,PETROL,Petrol,2019,555423
DE,C,PETROL,Petrol,2020,309883
DE,C,PETROL,Petrol,2021,183542
DE,C,PETROL,Petrol,2022,148106
DE,C,PETROL,Petrol,2023,162616
DE,C,PETROL PHEV,Other,2015,56
DE,C,PETROL-ELECTRIC,Other,2013,688
DE,C,PETROL-ELECTRIC,Other,2014,2116
DE,C,PETROL-ELECTRIC,Other,2015,5816
DE,C,PETROL-ELECTRIC,Other,2016,5727
DE,C,PETROL/ELECTRIC,Other,2017,12326
DE,C,PETROL/ELECTRIC,Other,2018,11548
DE,C,PETROL/ELECTRIC,PHEV,2019,8123
DE,C,PETROL/ELECTRIC,PHEV,2020,64975
DE,C,PETROL/ELECTRIC,PHEV,2021,109203
DE,C,PETROL/ELECTRIC,PHEV,2022,121563
DE,C,PETROL/ELECTRIC,PHEV,2023,48120
DE,C,UNKNOWN,Other,2019,2
DE,C,UNKNOWN,Other,2021,1
DE,C,UNKNOWN,PHEV,2021,2
DE,D,CNG,Other,2020,316
DE,D,DIESEL,Diesel,2010,124079
DE,D,DIESEL,Diesel,2011,146094
DE,D,DIESEL,Diesel,2012,187440
DE,D,DIESEL,Diesel,2013,187176
DE,D,DIESEL,Diesel,2014,200638
DE,D,DIESEL,Diesel,2015,227672
DE,D,DIESEL,Diesel,2016,240513
DE,D,DIESEL,Diesel,2017,201662
DE,D,DIESEL,Diesel,2018,162750
DE,D,DIESEL,Diesel,2019,171006
DE,D,DIESEL,Diesel,2020,105637
DE,D,DIESEL,Diesel,2021,63512
DE,D,DIESEL,Diesel,2022,56632
DE,D,DIESEL,Diesel,2023,63306
DE,D,DIESEL,HEV,2020,18741
DE,D,DIESEL,HEV,2021,25245
DE,D,DIESEL,HEV,2022,28289
DE,D,DIESEL,HEV,2023,37892
DE,D,DIESEL-ELECTRIC,Other,2013,340
DE,D,DIESEL-ELECTRIC,Other,2014,392
DE,D,DIESEL-ELECTRIC,Other,2015,322
DE,D,DIESEL-ELECTRIC,Other,2016,282
DE,D,DIESEL/ELECTRIC,Other,2017,489
DE,D,DIESEL/ELECTRIC,Other,2018,177
DE,D,DIESEL/ELECTRIC,PHEV,2019,2
DE,D,E85,Other,2010,181
DE,D,E85,Other,2011,95
DE,D,E85,Other,2012,144
DE,D,E85,Other,2013,61
DE,D,E85,Other,2014,65
DE,D,E85,Other,2015,22
DE,D,E85,Other,2016,3
DE,D,E85,Other,2018,1
DE,D,ELECTRIC,BEV,2015,2
DE,D,ELECTRIC,BEV,2016,2
DE,D,ELECTRIC,BEV,2017,1
DE,D,ELECTRIC,BEV,2018,2
DE,D,ELECTRIC,BEV,2019,9475
DE,D,ELECTRIC,BEV,2020,18430
DE,D,ELECTRIC,BEV,2021,39337
DE,D,ELECTRIC,BEV,2022,39439
DE,D,ELECTRIC,BEV,2023,20512
DE,D,ELECTRIC,Other,2012,10
DE,D,LPG,Other,2012,5
DE,D,LPG,Other,2013,33
DE,D,LPG,Other,2014,536
DE,D,LPG,Other,2015,544
DE,D,LPG,Other,2016,53
DE,D,LPG,Other,2017,427
DE,D,LPG,Other,2018,551
DE,D,LPG,Other,2019,928
DE,D,LPG,Other,2020,202
DE,D,LPG,Other,2021,42
DE,D,LPG,Other,2022,4
DE,D,LPG,Other,2023,4
DE,D,NG,Other,2018,1342
DE,D,NG,Other,2021,121
DE,D,NG,Other,2022,78
DE,D,NG,Other,2023,65
DE,D,NG-BIOMETHANE,Other,2010,914
DE,D,NG-BIOMETHANE,Other,2011,777
DE,D,NG-BIOMETHANE,Other,2012,884
DE,D,NG-BIOMETHANE,Other,2013,693
DE,D,NG-BIOMETHANE,Other,2014,475
DE,D,NG-BIOMETHANE,Other,2015,2
DE,D,NG-BIOMETHANE,Other,2017,473
DE,D,NG-BIOMETHANE,Other,2019,394
DE,D,PETROL,HEV,2020,17061
DE,D,PETROL,HEV,2021,18053
DE,D,PETROL,HEV,2022,21202
DE,D,PETROL,HEV,2023,31065
DE,D,PETROL,Petrol,2010,47279
DE,D,PETROL,Petrol,2011,49080
DE,D,PETROL,Petrol,2012,59792
DE,D,PETROL,Petrol,2013,46073
DE,D,PETROL,Petrol,2014,48558
DE,D,PETROL,Petrol,2015,57298
DE,D,PETROL,Petrol,2016,68376
DE,D,PETROL,Petrol,2017,102524
DE,D,PETROL,Petrol,2018,113045
DE,D,PETROL,Petrol,2019,92850
DE,D,PETROL,Petrol,2020,37171
DE,D,PETROL,Petrol,2021,32806
DE,D,PETROL,Petrol,2022,35256
DE,D,PETROL,Petrol,2023,50905
DE,D,PETROL-ELECTRIC,Other,2014,1
DE,D,PETROL-ELECTRIC,Other,2015,972
DE,D,PETROL-ELECTRIC,Other,2016,1310
DE,D,PETROL/ELECTRIC,Other,2017,2517
DE,D,PETROL/ELECTRIC,Other,2018,2371
DE,D,PETROL/ELECTRIC,PHEV,2019,2346
DE,D,PETROL/ELECTRIC,PHEV,2020,28387
DE,D,PETROL/ELECTRIC,PHEV,2021,33340
DE,D,PETROL/ELECTRIC,PHEV,2022,34095
DE,D,PETROL/ELECTRIC,PHEV,2023,13911
DE,E,DIESEL,Diesel,2010,58177
DE,E,DIESEL,Diesel,2011,52676
DE,E,DIESEL,Diesel,2012,91114
DE,E,DIESEL,Diesel,2013,109370
DE,E,DIESEL,Diesel,2014,108272
DE,E,DIESEL,Diesel,2015,105003
DE,E,DIESEL,Diesel,2016,115384
DE,E,DIESEL,Diesel,2017,108070
DE,E,DIESEL,Diesel,2018,99277
DE,E,DIESEL,Diesel,2019,100686
DE,E,DIESEL,Diesel,2020,38146
DE,E,DIESEL,Diesel,2021,27185
DE,E,DIESEL,Diesel,2022,20307
DE,E,DIESEL,Diesel,2023,22047
DE,E,DIESEL,HEV,2020,20113
DE,E,DIESEL,HEV,2021,17068
DE,E,DIESEL,HEV,2022,20238
DE,E,DIESEL,HEV,2023,24397
DE,E,DIESEL-ELECTRIC,Other,2013,1
DE,E,DIESEL/ELECTRIC,Other,2018,1
DE,E,E85,Other,2014,1
DE,E,E85,Other,2015,2
DE,E,E85,Other,2016,2
DE,E,ELECTRIC,BEV,2014,1
DE,E,ELECTRIC,BEV,2015,2
DE,E,ELECTRIC,BEV,2017,1
DE,E,ELECTRIC,BEV,2018,19
DE,E,ELECTRIC,BEV,2019,3
DE,E,ELECTRIC,BEV,2020,1071
DE,E,ELECTRIC,BEV,2021,3132
DE,E,ELECTRIC,BEV,2022,11894
DE,E,ELECTRIC,BEV,2023,20505
DE,E,ELECTRIC,Other,2012,3
DE,E,ELECTRIC,Other,2013,23
DE,E,HYDROGEN,BEV,2017,60
DE,E,HYDROGEN,BEV,2018,52
DE,E,HYDROGEN,Other,2016,25
DE,E,HYDROGEN,Other,2019,67
DE,E,HYDROGEN,Other,2020,94
DE,E,HYDROGEN,Other,2021,305
DE,E,HYDROGEN,Other,2022,337
DE,E,HYDROGEN,Other,2023,170
DE,E,LPG,Other,2012,3
DE,E,LPG,Other,2013,2
DE,E,LPG,Other,2014,3
DE,E,LPG,Other,2023,1
DE,E,NG-BIOMETHANE,Other,2010,839
DE,E,NG-BIOMETHANE,Other,2011,925
DE,E,NG-BIOMETHANE,Other,2012,941
DE,E,NG-BIOMETHANE,Other,2013,668
DE,E,NG-BIOMETHANE,Other,2014,807
DE,E,NG-BIOMETHANE,Other,2015,385
DE,E,NG-BIOMETHANE,Other,2016,12
DE,E,NG-BIOMETHANE,Other,2017,1
DE,E,NG-BIOMETHANE,Other,2019,1
DE,E,NG-BIOMETHANE,Other,2020,8
DE,E,PETROL,HEV,2019,1
DE,E,PETROL,HEV,2020,8713
DE,E,PETROL,HEV,2021,7345
DE,E,PETROL,HEV,2022,8641
DE,E,PETROL,HEV,2023,14787
DE,E,PETROL,Petrol,2010,32669
DE,E,PETROL,Petrol,2011,28097
DE,E,PETROL,Petrol,2012,29456
DE,E,PETROL,Petrol,2013,34193
DE,E,PETROL,Petrol,2014,29540
DE,E,PETROL,Petrol,2015,24457
DE,E,PETROL,Petrol,2016,34913
DE,E,PETROL,Petrol,2017,45653
DE,E,PETROL,Petrol,2018,57482
DE,E,PETROL,Petrol,2019,47930
DE,E,PETROL,Petrol,2020,21364
DE,E,PETROL,Petrol,2021,15176
DE,E,PETROL,Petrol,2022,16357
DE,E,PETROL,Petrol,2023,17841
DE,E,PETROL-ELECTRIC,Other,2013,209
DE,E,PETROL-ELECTRIC,Other,2014,172
DE,E,PETROL-ELECTRIC,Other,2015,158
DE,E,PETROL-ELECTRIC,Other,2016,97
DE,E,PETROL/ELECTRIC,Other,2017,853
DE,E,PETROL/ELECTRIC,Other,2018,1580
DE,E,PETROL/ELECTRIC,PHEV,2019,1597
DE,E,PETROL/ELECTRIC,PHEV,2020,7278
DE,E,PETROL/ELECTRIC,PHEV,2021,10225
DE,E,PETROL/ELECTRIC,PHEV,2022,8343
DE,E,PETROL/ELECTRIC,PHEV,2023,6906
DE,F,DIESEL,Diesel,2010,57976
DE,F,DIESEL,Diesel,2011,41105
DE,F,DIESEL,Diesel,2012,54206
DE,F,DIESEL,Diesel,2013,57091
DE,F,DIESEL,Diesel,2014,47108
DE,F,DIESEL,Diesel,2015,43293
DE,F,DIESEL,Diesel,2016,37088
DE,F,DIESEL,Diesel,2017,29492
DE,F,DIESEL,Diesel,2018,26640
DE,F,DIESEL,Diesel,2019,24461
DE,F,DIESEL,Diesel,2020,15770
DE,F,DIESEL,Diesel,2021,9907
DE,F,DIESEL,Diesel,2022,7855
DE,F,DIESEL,Diesel,2023,7328
DE,F,DIESEL,HEV,2020,1904
DE,F,DIESEL,HEV,2021,2124
DE,F,DIESEL,HEV,2022,2146
DE,F,DIESEL,HEV,2023,3478
DE,F,DIESEL-ELECTRIC,Other,2013,29
DE,F,DIESEL-ELECTRIC,Other,2014,44
DE,F,DIESEL-ELECTRIC,Other,2015,33
DE,F,DIESEL-ELECTRIC,Other,2016,2
DE,F,DIESEL/ELECTRIC,Other,2017,1
DE,F,DIESEL/ELECTRIC,Other,2018,7
DE,F,E85,Other,2012,2
DE,F,E85,Other,2013,30
DE,F,E85,Other,2014,1
DE,F,E85,Other,2015,1
DE,F,E85,Other,2023,42
DE,F,ELECTRIC,BEV,2014,817
DE,F,ELECTRIC,BEV,2015,1587
DE,F,ELECTRIC,BEV,2016,1484
DE,F,ELECTRIC,BEV,2017,2241
DE,F,ELECTRIC,BEV,2018,1257
DE,F,ELECTRIC,BEV,2019,1031
DE,F,ELECTRIC,BEV,2020,4092
DE,F,ELECTRIC,BEV,2021,7719
DE,F,ELECTRIC,BEV,2022,11039
DE,F,ELECTRIC,BEV,2023,17152
DE,F,ELECTRIC,Other,2012,43
DE,F,ELECTRIC,Other,2013,228
DE,F,LPG,Other,2012,10
DE,F,LPG,Other,2013,5
DE,F,LPG,Other,2014,4
DE,F,LPG,Other,2015,3
DE,F,LPG,Other,2016,2
DE,F,LPG,Other,2017,2
DE,F,LPG,Other,2018,3
DE,F,LPG,Other,2019,1
DE,F,LPG,Other,2020,1
DE,F,LPG,Other,2022,4
DE,F,LPG,Other,2023,1
DE,F,NG-BIOMETHANE,Other,2010,626
DE,F,NG-BIOMETHANE,Other,2011,139
DE,F,NG-BIOMETHANE,Other,2012,1
DE,F,NG-BIOMETHANE,Other,2014,1
DE,F,PETROL,HEV,2020,961
DE,F,PETROL,HEV,2021,1950
DE,F,PETROL,HEV,2022,6428
DE,F,PETROL,HEV,2023,16052
DE,F,PETROL,Petrol,2010,134657
DE,F,PETROL,Petrol,2011,90447
DE,F,PETROL,Petrol,2012,100113
DE,F,PETROL,Petrol,2013,115388
DE,F,PETROL,Petrol,2014,109089
DE,F,PETROL,Petrol,2015,109625
DE,F,PETROL,Petrol,2016,117021
DE,F,PETROL,Petrol,2017,110411
DE,F,PETROL,Petrol,2018,112877
DE,F,PETROL,Petrol,2019,103985
DE,F,PETROL,Petrol,2020,83533
DE,F,PETROL,Petrol,2021,74994
DE,F,PETROL,Petrol,2022,60326
DE,F,PETROL,Petrol,2023,57367
DE,F,PETROL-ELECTRIC,Other,2014,447
DE,F,PETROL-ELECTRIC,Other,2015,471
DE,F,PETROL-ELECTRIC,Other,2016,249
DE,F,PETROL/ELECTRIC,Other,2017,257
DE,F,PETROL/ELECTRIC,Other,2018,470
DE,F,PETROL/ELECTRIC,PHEV,2019,505
DE,F,PETROL/ELECTRIC,PHEV,2020,1936
DE,F,PETROL/ELECTRIC,PHEV,2021,2584
DE,F,PETROL/ELECTRIC,PHEV,2022,7695
DE,F,PETROL/ELECTRIC,PHEV,2023,4309
DE,F,UNKNOWN,Other,2020,1
DE,JA,DIESEL,Diesel,2010,7222
DE,JA,DIESEL,Diesel,2011,6235
DE,JA,DIESEL,Diesel,2012,7356
DE,JA,DIESEL,Diesel,2013,7256
DE,JA,DIESEL,Diesel,2014,6805
DE,JA,DIESEL,Diesel,2015,7493
DE,JA,DIESEL,Diesel,2016,9127
DE,JA,DIESEL,Diesel,2017,13420
DE,JA,DIESEL,Diesel,2018,9535
DE,JA,DIESEL,Diesel,2019,10497
DE,JA,DIESEL,Diesel,2020,9943
DE,JA,DIESEL,Diesel,2021,4142
DE,JA,DIESEL,Diesel,2022,3448
DE,JA,DIESEL,Diesel,2023,5877
DE,JA,ELECTRIC,BEV,2018,2
DE,JA,ELECTRIC,BEV,2019,4
DE,JA,ELECTRIC,BEV,2020,2
DE,JA,ELECTRIC,BEV,2021,149
DE,JA,ELECTRIC,BEV,2022,800
DE,JA,ELECTRIC,BEV,2023,1829
DE,JA,NG,Other,2021,650
DE,JA,NG,Other,2022,123
DE,JA,NG,Other,2023,29
DE,JA,NG-BIOMETHANE,Other,2019,2
DE,JA,NG-BIOMETHANE,Other,2020,508
DE,JA,PETROL,HEV,2020,18885
DE,JA,PETROL,HEV,2021,17036
DE,JA,PETROL,HEV,2022,10759
DE,JA,PETROL,HEV,2023,13243
DE,JA,PETROL,Petrol,2010,4633
DE,JA,PETROL,Petrol,2011,4088
DE,JA,PETROL,Petrol,2012,3847
DE,JA,PETROL,Petrol,2013,2698
DE,JA,PETROL,Petrol,2014,2274
DE,JA,PETROL,Petrol,2015,1979
DE,JA,PETROL,Petrol,2016,4234
DE,JA,PETROL,Petrol,2017,27416
DE,JA,PETROL,Petrol,2018,27786
DE,JA,PETROL,Petrol,2019,36324
DE,JA,PETROL,Petrol,2020,34611
DE,JA,PETROL,Petrol,2021,28458
DE,JA,PETROL,Petrol,2022,24115
DE,JA,PETROL,Petrol,2023,32623
DE,JB,DIESEL,Diesel,2010,6597
DE,JB,DIESEL,Diesel,2011,12785
DE,JB,DIESEL,Diesel,2012,30103
DE,JB,DIESEL,Diesel,2013,45085
DE,JB,DIESEL,Diesel,2014,54063
DE,JB,DIESEL,Diesel,2015,62205
DE,JB,DIESEL,Diesel,2016,62546
DE,JB,DIESEL,Diesel,2017,41001
DE,JB,DIESEL,Diesel,2018,35646
DE,JB,DIESEL,Diesel,2019,38200
DE,JB,DIESEL,Diesel,2020,31400
DE,JB,DIESEL,Diesel,2021,21665
DE,JB,DIESEL,Diesel,2022,23224
DE,JB,DIESEL,Diesel,2023,24523
DE,JB,DIESEL,HEV,2020,35
DE,JB,DIESEL,HEV,2022,64
DE,JB,DIESEL,HEV,2023,11
DE,JB,E85,HEV,2022,1
DE,JB,E85,Other,2011,90
DE,JB,E85,Other,2012,103
DE,JB,E85,Other,2013,33
DE,JB,E85,Other,2021,4
DE,JB,E85,Other,2022,5
DE,JB,ELECTRIC,BEV,2014,33
DE,JB,ELECTRIC,BEV,2015,20
DE,JB,ELECTRIC,BEV,2016,233
DE,JB,ELECTRIC,BEV,2017,1149
DE,JB,ELECTRIC,BEV,2018,2217
DE,JB,ELECTRIC,BEV,2019,5377
DE,JB,ELECTRIC,BEV,2020,17927
DE,JB,ELECTRIC,BEV,2021,37636
DE,JB,ELECTRIC,BEV,2022,50893
DE,JB,ELECTRIC,BEV,2023,47627
DE,JB,ELECTRIC,Other,2010,1
DE,JB,ELECTRIC,Other,2011,182
DE,JB,ELECTRIC,Other,2012,262
DE,JB,ELECTRIC,Other,2013,48
DE,JB,LPG,Other,2011,309
DE,JB,LPG,Other,2012,2289
DE,JB,LPG,Other,2013,1230
DE,JB,LPG,Other,2014,1189
DE,JB,LPG,Other,2015,759
DE,JB,LPG,Other,2016,530
DE,JB,LPG,Other,2017,883
DE,JB,LPG,Other,2018,590
DE,JB,LPG,Other,2019,2001
DE,JB,LPG,Other,2020,2883
DE,JB,LPG,Other,2021,3504
DE,JB,LPG,Other,2022,2420
DE,JB,LPG,Other,2023,1675
DE,JB,NG,Other,2018,2
DE,JB,NG,Other,2021,1102
DE,JB,NG,Other,2022,255
DE,JB,NG,Other,2023,211
DE,JB,NG-BIOMETHANE,Other,2019,1021
DE,JB,NG-BIOMETHANE,Other,2020,1793
DE,JB,PETROL,HEV,2020,31326
DE,JB,PETROL,HEV,2021,51118
DE,JB,PETROL,HEV,2022,58338
DE,JB,PETROL,HEV,2023,70993
DE,JB,PETROL,Other,2018,1
DE,JB,PETROL,Petrol,2010,16389
DE,JB,PETROL,Petrol,2011,22584
DE,JB,PETROL,Petrol,2012,33258
DE,JB,PETROL,Petrol,2013,49065
DE,JB,PETROL,Petrol,2014,79146
DE,JB,PETROL,Petrol,2015,91010
DE,JB,PETROL,Petrol,2016,120717
DE,JB,PETROL,Petrol,2017,157470
DE,JB,PETROL,Petrol,2018,224419
DE,JB,PETROL,Petrol,2019,282395
DE,JB,PETROL,Petrol,2020,189686
DE,JB,PETROL,Petrol,2021,145641
DE,JB,PETROL,Petrol,2022,141432
DE,JB,PETROL,Petrol,2023,155420
DE,JB,PETROL/ELECTRIC,Other,2017,262
DE,JB,PETROL/ELECTRIC,Other,2018,1050
DE,JB,PETROL/ELECTRIC,PHEV,2019,970
DE,JB,PETROL/ELECTRIC,PHEV,2020,6780
DE,JB,PETROL/ELECTRIC,PHEV,2021,21584
DE,JB,PETROL/ELECTRIC,PHEV,2022,28547
DE,JB,PETROL/ELECTRIC,PHEV,2023,7567
DE,JB,UNKNOWN,Other,2019,1
DE,JC,DIESEL,Diesel,2010,78727
DE,JC,DIESEL,Diesel,2011,102476
DE,JC,DIESEL,Diesel,2012,152491
DE,JC,DIESEL,Diesel,2013,164730
DE,JC,DIESEL,Diesel,2014,174059
DE,JC,DIESEL,Diesel,2015,173174
DE,JC,DIESEL,Diesel,2016,196400
DE,JC,DIESEL,Diesel,2017,183073
DE,JC,DIESEL,Diesel,2018,164088
DE,JC,DIESEL,Diesel,2019,201988
DE,JC,DIESEL,Diesel,2020,127058
DE,JC,DIESEL,Diesel,2021,86171
DE,JC,DIESEL,Diesel,2022,77653
DE,JC,DIESEL,Diesel,2023,82089
DE,JC,DIESEL,HEV,2020,14539
DE,JC,DIESEL,HEV,2021,21041
DE,JC,DIESEL,HEV,2022,25615
DE,JC,DIESEL,HEV,2023,30885
DE,JC,DIESEL/ELECTRIC,Other,2018,1
DE,JC,DIESEL/ELECTRIC,PHEV,2019,7
DE,JC,E85,Other,2021,2
DE,JC,E85,Other,2022,1
DE,JC,ELECTRIC,BEV,2015,72
DE,JC,ELECTRIC,BEV,2016,24
DE,JC,ELECTRIC,BEV,2017,18
DE,JC,ELECTRIC,BEV,2018,216
DE,JC,ELECTRIC,BEV,2019,1456
DE,JC,ELECTRIC,BEV,2020,7832
DE,JC,ELECTRIC,BEV,2021,45064
DE,JC,ELECTRIC,BEV,2022,75772
DE,JC,ELECTRIC,BEV,2023,134230
DE,JC,ELECTRIC,Other,2011,1
DE,JC,ELECTRIC,Other,2013,4
DE,JC,ELECTRIC,Other,2014,3
DE,JC,LPG,Other,2012,1
DE,JC,LPG,Other,2013,2
DE,JC,LPG,Other,2014,1
DE,JC,LPG,Other,2015,4
DE,JC,LPG,Other,2016,3
DE,JC,LPG,Other,2018,3
DE,JC,LPG,Other,2023,1
DE,JC,NG-BIOMETHANE,Other,2015,2
DE,JC,NG-BIOMETHANE,Other,2019,1
DE,JC,PETROL,HEV,2019,2
DE,JC,PETROL,HEV,2020,16372
DE,JC,PETROL,HEV,2021,28043
DE,JC,PETROL,HEV,2022,52532
DE,JC,PETROL,HEV,2023,89449
DE,JC,PETROL,Petrol,2010,58394
DE,JC,PETROL,Petrol,2011,58538
DE,JC,PETROL,Petrol,2012,65727
DE,JC,PETROL,Petrol,2013,85346
DE,JC,PETROL,Petrol,2014,92561
DE,JC,PETROL,Petrol,2015,105946
DE,JC,PETROL,Petrol,2016,130537
DE,JC,PETROL,Petrol,2017,205663
DE,JC,PETROL,Petrol,2018,266140
DE,JC,PETROL,Petrol,2019,290952
DE,JC,PETROL,Petrol,2020,184655
DE,JC,PETROL,Petrol,2021,154336
DE,JC,PETROL,Petrol,2022,122678
DE,JC,PETROL,Petrol,2023,146123
DE,JC,PETROL-ELECTRIC,Other,2015,16
DE,JC,PETROL-ELECTRIC,Other,2016,6
DE,JC,PETROL/ELECTRIC,Other,2017,1109
DE,JC,PETROL/ELECTRIC,Other,2018,2250
DE,JC,PETROL/ELECTRIC,PHEV,2019,3529
DE,JC,PETROL/ELECTRIC,PHEV,2020,32805
DE,JC,PETROL/ELECTRIC,PHEV,2021,57848
DE,JC,PETROL/ELECTRIC,PHEV,2022,85139
DE,JC,PETROL/ELECTRIC,PHEV,2023,40167
DE,JD,DIESEL,Diesel,2010,26088
DE,JD,DIESEL,Diesel,2011,27260
DE,JD,DIESEL,Diesel,2012,44573
DE,JD,DIESEL,Diesel,2013,51496
DE,JD,DIESEL,Diesel,2014,53141
DE,JD,DIESEL,Diesel,2015,80206
DE,JD,DIESEL,Diesel,2016,97749
DE,JD,DIESEL,Diesel,2017,93770
DE,JD,DIESEL,Diesel,2018,79920
DE,JD,DIESEL,Diesel,2019,86822
DE,JD,DIESEL,Diesel,2020,54295
DE,JD,DIESEL,Diesel,2021,21627
DE,JD,DIESEL,Diesel,2022,16368
DE,JD,DIESEL,Diesel,2023,11513
DE,JD,DIESEL,HEV,2020,11700
DE,JD,DIESEL,HEV,2021,18516
DE,JD,DIESEL,HEV,2022,21499
DE,JD,DIESEL,HEV,2023,42337
DE,JD,DIESEL-ELECTRIC,Other,2015,6
DE,JD,DIESEL-ELECTRIC,Other,2016,730
DE,JD,DIESEL/ELECTRIC,Other,2017,354
DE,JD,DIESEL/ELECTRIC,Other,2018,308
DE,JD,DIESEL/ELECTRIC,PHEV,2019,6
DE,JD,DIESEL/ELECTRIC,PHEV,2020,3719
DE,JD,DIESEL/ELECTRIC,PHEV,2021,9083
DE,JD,DIESEL/ELECTRIC,PHEV,2022,4583
DE,JD,DIESEL/ELECTRIC,PHEV,2023,3979
DE,JD,E85,Other,2013,36
DE,JD,E85,Other,2014,34
DE,JD,E85,Other,2015,28
DE,JD,E85,Other,2016,6
DE,JD,E85,Other,2022,1
DE,JD,ELECTRIC,BEV,2017,34
DE,JD,ELECTRIC,BEV,2018,102
DE,JD,ELECTRIC,BEV,2019,3
DE,JD,ELECTRIC,BEV,2020,131
DE,JD,ELECTRIC,BEV,2021,7569
DE,JD,ELECTRIC,BEV,2022,39842
DE,JD,ELECTRIC,BEV,2023,53025
DE,JD,ELECTRIC,Other,2013,1
DE,JD,HYDROGEN,Other,2020,4
DE,JD,HYDROGEN,Other,2021,10
DE,JD,LPG,Other,2012,1
DE,JD,LPG,Other,2013,1
DE,JD,LPG,Other,2014,2
DE,JD,LPG,Other,2016,3
DE,JD,LPG,Other,2018,1
DE,JD,LPG,Other,2019,4
DE,JD,LPG,Other,2020,1
DE,JD,LPG,Other,2021,1
DE,JD,LPG,Other,2022,2
DE,JD,LPG,Other,2023,10
DE,JD,NG-BIOMETHANE,Other,2012,1
DE,JD,NG-BIOMETHANE,Other,2014,2
DE,JD,NG-BIOMETHANE,Other,2015,1
DE,JD,NG-BIOMETHANE,Other,2016,1
DE,JD,PETROL,HEV,2020,16973
DE,JD,PETROL,HEV,2021,10960
DE,JD,PETROL,HEV,2022,16340
DE,JD,PETROL,HEV,2023,25161
DE,JD,PETROL,Other,2012,99
DE,JD,PETROL,Petrol,2010,7734
DE,JD,PETROL,Petrol,2011,4122
DE,JD,PETROL,Petrol,2012,4860
DE,JD,PETROL,Petrol,2013,6056
DE,JD,PETROL,Petrol,2014,7079
DE,JD,PETROL,Petrol,2015,10789
DE,JD,PETROL,Petrol,2016,24735
DE,JD,PETROL,Petrol,2017,38582
DE,JD,PETROL,Petrol,2018,51095
DE,JD,PETROL,Petrol,2019,62215
DE,JD,PETROL,Petrol,2020,27024
DE,JD,PETROL,Petrol,2021,21316
DE,JD,PETROL,Petrol,2022,15159
DE,JD,PETROL,Petrol,2023,15450
DE,JD,PETROL-ELECTRIC,Other,2014,1058
DE,JD,PETROL-ELECTRIC,Other,2015,2234
DE,JD,PETROL-ELECTRIC,Other,2016,2480
DE,JD,PETROL/ELECTRIC,Other,2017,5146
DE,JD,PETROL/ELECTRIC,Other,2018,4477
DE,JD,PETROL/ELECTRIC,PHEV,2019,8967
DE,JD,PETROL/ELECTRIC,PHEV,2020,25848
DE,JD,PETROL/ELECTRIC,PHEV,2021,39159
DE,JD,PETROL/ELECTRIC,PHEV,2022,27347
DE,JD,PETROL/ELECTRIC,PHEV,2023,21757
DE,JD,UNKNOWN,Other,2019,98
DE,JD,UNKNOWN,Other,2020,66
DE,JD,UNKNOWN,PHEV,2021,2
DE,JE,DIESEL,Diesel,2010,3554
DE,JE,DIESEL,Diesel,2011,6633
DE,JE,DIESEL,Diesel,2012,9695
DE,JE,DIESEL,Diesel,2013,14517
DE,JE,DIESEL,Diesel,2014,17777
DE,JE,DIESEL,Diesel,2015,22872
DE,JE,DIESEL,Diesel,2016,28478
DE,JE,DIESEL,Diesel,2017,21788
DE,JE,DIESEL,Diesel,2018,19392
DE,JE,DIESEL,Diesel,2019,26471
DE,JE,DIESEL,Diesel,2020,17735
DE,JE,DIESEL,Diesel,2021,5765
DE,JE,DIESEL,Diesel,2022,4800
DE,JE,DIESEL,Diesel,2023,4156
DE,JE,DIESEL,HEV,2020,6027
DE,JE,DIESEL,HEV,2021,8652
DE,JE,DIESEL,HEV,2022,11307
DE,JE,DIESEL,HEV,2023,14819
DE,JE,DIESEL-ELECTRIC,Other,2016,1
DE,JE,DIESEL/ELECTRIC,Other,2018,31
DE,JE,DIESEL/ELECTRIC,PHEV,2019,42
DE,JE,DIESEL/ELECTRIC,PHEV,2020,2718
DE,JE,DIESEL/ELECTRIC,PHEV,2021,5474
DE,JE,DIESEL/ELECTRIC,PHEV,2022,6202
DE,JE,DIESEL/ELECTRIC,PHEV,2023,2463
DE,JE,E85,Other,2022,8
DE,JE,E85,Other,2023,9
DE,JE,ELECTRIC,BEV,2016,429
DE,JE,ELECTRIC,BEV,2017,1093
DE,JE,ELECTRIC,BEV,2018,654
DE,JE,ELECTRIC,BEV,2019,721
DE,JE,ELECTRIC,BEV,2020,829
DE,JE,ELECTRIC,BEV,2021,1245
DE,JE,ELECTRIC,BEV,2022,4600
DE,JE,ELECTRIC,BEV,2023,12156
DE,JE,LPG,Other,2013,2
DE,JE,LPG,Other,2014,1
DE,JE,LPG,Other,2020,7
DE,JE,LPG,Other,2022,2
DE,JE,LPG,Other,2023,1
DE,JE,PETROL,HEV,2019,1
DE,JE,PETROL,HEV,2020,5194
DE,JE,PETROL,HEV,2021,5043
DE,JE,PETROL,HEV,2022,5098
DE,JE,PETROL,HEV,2023,6904
DE,JE,PETROL,Petrol,2010,4286
DE,JE,PETROL,Petrol,2011,3642
DE,JE,PETROL,Petrol,2012,1979
DE,JE,PETROL,Petrol,2013,2867
DE,JE,PETROL,Petrol,2014,2436
DE,JE,PETROL,Petrol,2015,4272
DE,JE,PETROL,Petrol,2016,6871
DE,JE,PETROL,Petrol,2017,7439
DE,JE,PETROL,Petrol,2018,11545
DE,JE,PETROL,Petrol,2019,13052
DE,JE,PETROL,Petrol,2020,7049
DE,JE,PETROL,Petrol,2021,5143
DE,JE,PETROL,Petrol,2022,6178
DE,JE,PETROL,Petrol,2023,7209
DE,JE,PETROL-ELECTRIC,Other,2013,18
DE,JE,PETROL-ELECTRIC,Other,2014,140
DE,JE,PETROL-ELECTRIC,Other,2015,668
DE,JE,PETROL-ELECTRIC,Other,2016,1070
DE,JE,PETROL/ELECTRIC,Other,2017,923
DE,JE,PETROL/ELECTRIC,Other,2018,1105
DE,JE,PETROL/ELECTRIC,PHEV,2019,1632
DE,JE,PETROL/ELECTRIC,PHEV,2020,6006
DE,JE,PETROL/ELECTRIC,PHEV,2021,14048
DE,JE,PETROL/ELECTRIC,PHEV,2022,12989
DE,JE,PETROL/ELECTRIC,PHEV,2023,8269
DE,JE,UNKNOWN,Other,2021,1
DE,JF,DIESEL,Diesel,2010,6034
DE,JF,DIESEL,Diesel,2011,3327
DE,JF,DIESEL,Diesel,2012,3414
DE,JF,DIESEL,Diesel,2013,11614
DE,JF,DIESEL,Diesel,2014,13531
DE,JF,DIESEL,Diesel,2015,13766
DE,JF,DIESEL,Diesel,2016,17350
DE,JF,DIESEL,Diesel,2017,17841
DE,JF,DIESEL,Diesel,2018,13152
DE,JF,DIESEL,Diesel,2019,11003
DE,JF,DIESEL,Diesel,2020,5073
DE,JF,DIESEL,Diesel,2021,4764
DE,JF,DIESEL,Diesel,2022,3347
DE,JF,DIESEL,Diesel,2023,2614
DE,JF,DIESEL,HEV,2020,2989
DE,JF,DIESEL,HEV,2021,1086
DE,JF,DIESEL,HEV,2022,3941
DE,JF,DIESEL,HEV,2023,5545
DE,JF,DIESEL/ELECTRIC,PHEV,2019,1
DE,JF,DIESEL/ELECTRIC,PHEV,2020,17
DE,JF,E85,Other,2020,1
DE,JF,ELECTRIC,BEV,2018,12
DE,JF,ELECTRIC,BEV,2019,29
DE,JF,ELECTRIC,BEV,2020,7409
DE,JF,ELECTRIC,BEV,2021,10243
DE,JF,ELECTRIC,BEV,2022,15269
DE,JF,ELECTRIC,BEV,2023,4924
DE,JF,LPG,Other,2015,1
DE,JF,PETROL,HEV,2020,1390
DE,JF,PETROL,HEV,2021,1039
DE,JF,PETROL,HEV,2022,2158
DE,JF,PETROL,HEV,2023,2056
DE,JF,PETROL,Petrol,2010,231
DE,JF,PETROL,Petrol,2011,10
DE,JF,PETROL,Petrol,2012,38
DE,JF,PETROL,Petrol,2013,904
DE,JF,PETROL,Petrol,2014,1200
DE,JF,PETROL,Petrol,2015,1343
DE,JF,PETROL,Petrol,2016,2352
DE,JF,PETROL,Petrol,2017,3712
DE,JF,PETROL,Petrol,2018,3987
DE,JF,PETROL,Petrol,2019,4459
DE,JF,PETROL,Petrol,2020,2128
DE,JF,PETROL,Petrol,2021,3029
DE,JF,PETROL,Petrol,2022,2038
DE,JF,PETROL,Petrol,2023,2065
DE,JF,PETROL/ELECTRIC,Other,2018,180
DE,JF,PETROL/ELECTRIC,PHEV,2019,1096
DE,JF,PETROL/ELECTRIC,PHEV,2020,1028
DE,JF,PETROL/ELECTRIC,PHEV,2021,2064
DE,JF,PETROL/ELECTRIC,PHEV,2022,1974
DE,JF,PETROL/ELECTRIC,PHEV,2023,2068
DE,V,DIESEL,Diesel,2010,94020
DE,V,DIESEL,Diesel,2011,110219
DE,V,DIESEL,Diesel,2012,99517
DE,V,DIESEL,Diesel,2013,108079
DE,V,DIESEL,Diesel,2014,116015
DE,V,DIESEL,Diesel,2015,127211
DE,V,DIESEL,Diesel,2016,139870
DE,V,DIESEL,Diesel,2017,138804
DE,V,DIESEL,Diesel,2018,129473
DE,V,DIESEL,Diesel,2019,143722
DE,V,DIESEL,Diesel,2020,113342
DE,V,DIESEL,Diesel,2021,80736
DE,V,DIESEL,Diesel,2022,81248
DE,V,DIESEL,Diesel,2023,71349
DE,V,DIESEL,HEV,2020,257
DE,V,DIESEL,HEV,2021,236
DE,V,DIESEL,HEV,2022,164
DE,V,DIESEL,HEV,2023,91
DE,V,DIESEL/ELECTRIC,PHEV,2019,1
DE,V,E85,Other,2010,44
DE,V,E85,Other,2011,78
DE,V,E85,Other,2012,16
DE,V,ELECTRIC,BEV,2016,1
DE,V,ELECTRIC,BEV,2017,1
DE,V,ELECTRIC,BEV,2018,4
DE,V,ELECTRIC,BEV,2019,242
DE,V,ELECTRIC,BEV,2020,1770
DE,V,ELECTRIC,BEV,2021,3147
DE,V,ELECTRIC,BEV,2022,5365
DE,V,ELECTRIC,BEV,2023,10360
DE,V,ELECTRIC,Other,2012,10
DE,V,ELECTRIC,Other,2013,13
DE,V,LPG,Other,2011,219
DE,V,LPG,Other,2012,656
DE,V,LPG,Other,2013,245
DE,V,LPG,Other,2014,169
DE,V,LPG,Other,2015,75
DE,V,LPG,Other,2017,2
DE,V,NG,Other,2018,974
DE,V,NG,Other,2019,945
DE,V,NG,Other,2020,506
DE,V,NG,Other,2021,39
DE,V,NG,Other,2022,13
DE,V,NG,Other,2023,67
DE,V,NG-BIOMETHANE,Other,2010,1303
DE,V,NG-BIOMETHANE,Other,2011,2128
DE,V,NG-BIOMETHANE,Other,2012,1274
DE,V,NG-BIOMETHANE,Other,2013,950
DE,V,NG-BIOMETHANE,Other,2014,679
DE,V,NG-BIOMETHANE,Other,2015,522
DE,V,NG-BIOMETHANE,Other,2016,598
DE,V,NG-BIOMETHANE,Other,2017,654
DE,V,NG-BIOMETHANE,Other,2019,70
DE,V,NG-BIOMETHANE,Other,2020,16
DE,V,NG-BIOMETHANE,Other,2021,1
DE,V,PETROL,HEV,2021,145
DE,V,PETROL,HEV,2022,385
DE,V,PETROL,HEV,2023,844
DE,V,PETROL,Petrol,2010,13033
DE,V,PETROL,Petrol,2011,14671
DE,V,PETROL,Petrol,2012,11204
DE,V,PETROL,Petrol,2013,10169
DE,V,PETROL,Petrol,2014,10582
DE,V,PETROL,Petrol,2015,9480
DE,V,PETROL,Petrol,2016,15335
DE,V,PETROL,Petrol,2017,24525
DE,V,PETROL,Petrol,2018,28226
DE,V,PETROL,Petrol,2019,26953
DE,V,PETROL,Petrol,2020,20362
DE,V,PETROL,Petrol,2021,13258
DE,V,PETROL,Petrol,2022,21072
DE,V,PETROL,Petrol,2023,16927
DE,V,PETROL/ELECTRIC,PHEV,2019,24
DE,V,PETROL/ELECTRIC,PHEV,2020,79
DE,V,PETROL/ELECTRIC,PHEV,2021,684
DE,V,PETROL/ELECTRIC,PHEV,2022,3242
DE,V,PETROL/ELECTRIC,PHEV,2023,2333
DE,V,UNKNOWN,Other,2019,1
DE,V,UNKNOWN,Other,2021,1
DK,,DIESEL,Diesel,2010,5321
DK,,DIESEL,Diesel,2011,5387
DK,,DIESEL,Diesel,2012,3285
DK,,DIESEL,Diesel,2013,2429
DK,,DIESEL,Diesel,2014,1795
DK,,DIESEL,Diesel,2015,1685
DK,,DIESEL,Diesel,2016,1281
DK,,DIESEL,Diesel,2017,1095
DK,,DIESEL,Diesel,2018,1237
DK,,DIESEL,Diesel,2019,1019
DK,,DIESEL,Diesel,2020,590
DK,,DIESEL,Diesel,2021,222
DK,,DIESEL,Diesel,2022,5600
DK,,DIESEL,Diesel,2023,1152
DK,,DIESEL,HEV,2022,2511
DK,,DIESEL-ELECTRIC,Other,2015,95
DK,,DIESEL/ELECTRIC,PHEV,2023,3
DK,,ELECTRIC,BEV,2014,22
DK,,ELECTRIC,BEV,2015,31
DK,,ELECTRIC,BEV,2017,1
DK,,ELECTRIC,BEV,2020,80
DK,,ELECTRIC,BEV,2021,257
DK,,ELECTRIC,BEV,2022,20695
DK,,ELECTRIC,BEV,2023,3618
DK,,ELECTRIC,Other,2011,234
DK,,ELECTRIC,Other,2012,306
DK,,ELECTRIC,Other,2013,37
DK,,HYDROGEN,Other,2019,3
DK,,HYDROGEN,Other,2020,5
DK,,HYDROGEN,Other,2021,3
DK,,PETROL,HEV,2020,31
DK,,PETROL,HEV,2021,54
DK,,PETROL,HEV,2022,5811
DK,,PETROL,HEV,2023,15
DK,,PETROL,Petrol,2010,4792
DK,,PETROL,Petrol,2011,3763
DK,,PETROL,Petrol,2012,2841
DK,,PETROL,Petrol,2013,3219
DK,,PETROL,Petrol,2014,2673
DK,,PETROL,Petrol,2015,1879
DK,,PETROL,Petrol,2016,1504
DK,,PETROL,Petrol,2017,975
DK,,PETROL,Petrol,2018,558
DK,,PETROL,Petrol,2019,367
DK,,PETROL,Petrol,2020,64
DK,,PETROL,Petrol,2021,17
DK,,PETROL,Petrol,2022,36223
DK,,PETROL,Petrol,2023,206
DK,,PETROL-ELECTRIC,Other,2015,3
DK,,PETROL-ELECTRIC,Other,2016,2
DK,,PETROL/ELECTRIC,Other,2017,2
DK,,PETROL/ELECTRIC,Other,2018,3
DK,,PETROL/ELECTRIC,PHEV,2019,7
DK,,PETROL/ELECTRIC,PHEV,2020,11
DK,,PETROL/ELECTRIC,PHEV,2021,679
DK,,PETROL/ELECTRIC,PHEV,2022,13439
DK,,PETROL/ELECTRIC,PHEV,2023,343
DK,A,DIESEL,Diesel,2010,1921
DK,A,DIESEL,Diesel,2011,1700
DK,A,DIESEL,Diesel,2012,1781
DK,A,DIESEL,Diesel,2013,1348
DK,A,DIESEL,Diesel,2014,455
DK,A,DIESEL,Diesel,2015,412
DK,A,DIESEL,Diesel,2016,287
DK,A,DIESEL,Diesel,2017,218
DK,A,DIESEL,Diesel,2018,412
DK,A,DIESEL,Diesel,2019,255
DK,A,DIESEL,Diesel,2020,1105
DK,A,DIESEL,Diesel,2021,34
DK,A,DIESEL,Diesel,2023,59
DK,A,ELECTRIC,BEV,2014,364
DK,A,ELECTRIC,BEV,2015,407
DK,A,ELECTRIC,BEV,2016,671
DK,A,ELECTRIC,BEV,2017,432
DK,A,ELECTRIC,BEV,2018,440
DK,A,ELECTRIC,BEV,2019,594
DK,A,ELECTRIC,BEV,2020,1465
DK,A,ELECTRIC,BEV,2021,3060
DK,A,ELECTRIC,BEV,2022,657
DK,A,ELECTRIC,BEV,2023,717
DK,A,ELECTRIC,Other,2013,121
DK,A,NG,Other,2018,4
DK,A,NG,Other,2019,4
DK,A,NG-BIOMETHANE,Other,2013,14
DK,A,NG-BIOMETHANE,Other,2014,23
DK,A,NG-BIOMETHANE,Other,2015,1
DK,A,NG-BIOMETHANE,Other,2016,4
DK,A,NG-BIOMETHANE,Other,2017,45
DK,A,PETROL,HEV,2020,1895
DK,A,PETROL,HEV,2021,2049
DK,A,PETROL,HEV,2022,1
DK,A,PETROL,HEV,2023,2209
DK,A,PETROL,Petrol,2010,22551
DK,A,PETROL,Petrol,2011,29041
DK,A,PETROL,Petrol,2012,48109
DK,A,PETROL,Petrol,2013,54498
DK,A,PETROL,Petrol,2014,45863
DK,A,PETROL,Petrol,2015,42687
DK,A,PETROL,Petrol,2016,41561
DK,A,PETROL,Petrol,2017,35487
DK,A,PETROL,Petrol,2018,24318
DK,A,PETROL,Petrol,2019,20810
DK,A,PETROL,Petrol,2020,12556
DK,A,PETROL,Petrol,2021,8820
DK,A,PETROL,Petrol,2022,4043
DK,A,PETROL,Petrol,2023,6851
DK,A,PETROL-ELECTRIC,Other,2015,344
DK,A,PETROL-ELECTRIC,Other,2016,2
DK,A,PETROL/ELECTRIC,PHEV,2020,118
DK,A,PETROL/ELECTRIC,PHEV,2021,226
DK,A,PETROL/ELECTRIC,PHEV,2023,50
DK,B,DIESEL,Diesel,2010,16154
DK,B,DIESEL,Diesel,2011,18099
DK,B,DIESEL,Diesel,2012,19844
DK,B,DIESEL,Diesel,2013,14023
DK,B,DIESEL,Diesel,2014,10447
DK,B,DIESEL,Diesel,2015,11027
DK,B,DIESEL,Diesel,2016,18787
DK,B,DIESEL,Diesel,2017,19014
DK,B,DIESEL,Diesel,2018,15713
DK,B,DIESEL,Diesel,2019,10375
DK,B,DIESEL,Diesel,2020,8165
DK,B,DIESEL,Diesel,2021,2513
DK,B,DIESEL,Diesel,2022,382
DK,B,DIESEL,Diesel,2023,241
DK,B,DIESEL,HEV,2020,481
DK,B,DIESEL,HEV,2021,914
DK,B,DIESEL,HEV,2022,1173
DK,B,DIESEL,HEV,2023,1222
DK,B,DIESEL-ELECTRIC,Other,2015,2548
DK,B,ELECTRIC,BEV,2014,3
DK,B,ELECTRIC,BEV,2015,242
DK,B,ELECTRIC,BEV,2016,44
DK,B,ELECTRIC,BEV,2017,20
DK,B,ELECTRIC,BEV,2018,21
DK,B,ELECTRIC,BEV,2019,65
DK,B,ELECTRIC,BEV,2020,658
DK,B,ELECTRIC,BEV,2021,783
DK,B,ELECTRIC,BEV,2022,249
DK,B,ELECTRIC,BEV,2023,951
DK,B,NG-BIOMETHANE,Other,2014,1
DK,B,PETROL,HEV,2020,5302
DK,B,PETROL,HEV,2021,6036
DK,B,PETROL,HEV,2022,3822
DK,B,PETROL,HEV,2023,4366
DK,B,PETROL,Petrol,2010,16596
DK,B,PETROL,Petrol,2011,22203
DK,B,PETROL,Petrol,2012,24310
DK,B,PETROL,Petrol,2013,31563
DK,B,PETROL,Petrol,2014,35023
DK,B,PETROL,Petrol,2015,43242
DK,B,PETROL,Petrol,2016,39921
DK,B,PETROL,Petrol,2017,36481
DK,B,PETROL,Petrol,2018,38214
DK,B,PETROL,Petrol,2019,44231
DK,B,PETROL,Petrol,2020,29565
DK,B,PETROL,Petrol,2021,25243
DK,B,PETROL,Petrol,2022,5005
DK,B,PETROL,Petrol,2023,21728
DK,B,PETROL-ELECTRIC,Other,2015,1702
DK,B,PETROL-ELECTRIC,Other,2016,21
DK,B,PETROL/ELECTRIC,Other,2017,13
DK,B,PETROL/ELECTRIC,Other,2018,32
DK,B,PETROL/ELECTRIC,PHEV,2019,81
DK,B,PETROL/ELECTRIC,PHEV,2020,19
DK,B,PETROL/ELECTRIC,PHEV,2021,3
DK,B,PETROL/ELECTRIC,PHEV,2022,41
DK,B,PETROL/ELECTRIC,PHEV,2023,227
DK,B,UNKNOWN,Other,2019,5
DK,C,BIODIESEL,Other,2010,50
DK,C,BIODIESEL,Other,2012,11
DK,C,BIODIESEL,Other,2013,2
DK,C,DIESEL,Diesel,2010,25173
DK,C,DIESEL,Diesel,2011,30372
DK,C,DIESEL,Diesel,2012,22330
DK,C,DIESEL,Diesel,2013,20895
DK,C,DIESEL,Diesel,2014,22441
DK,C,DIESEL,Diesel,2015,20817
DK,C,DIESEL,Diesel,2016,26326
DK,C,DIESEL,Diesel,2017,21553
DK,C,DIESEL,Diesel,2018,18382
DK,C,DIESEL,Diesel,2019,15013
DK,C,DIESEL,Diesel,2020,9814
DK,C,DIESEL,Diesel,2021,3416
DK,C,DIESEL,Diesel,2022,541
DK,C,DIESEL,Diesel,2023,1988
DK,C,DIESEL,HEV,2020,857
DK,C,DIESEL,HEV,2021,1764
DK,C,DIESEL,HEV,2022,780
DK,C,DIESEL,HEV,2023,334
DK,C,DIESEL-ELECTRIC,Other,2014,5
DK,C,DIESEL-ELECTRIC,Other,2015,3950
DK,C,DIESEL/ELECTRIC,PHEV,2019,113
DK,C,DIESEL/ELECTRIC,PHEV,2020,392
DK,C,DIESEL/ELECTRIC,PHEV,2021,418
DK,C,DIESEL/ELECTRIC,PHEV,2022,131
DK,C,DIESEL/ELECTRIC,PHEV,2023,50
DK,C,E85,Other,2010,2
DK,C,E85,Other,2011,3
DK,C,E85,Other,2023,1
DK,C,ELECTRIC,BEV,2014,520
DK,C,ELECTRIC,BEV,2015,301
DK,C,ELECTRIC,BEV,2016,322
DK,C,ELECTRIC,BEV,2017,80
DK,C,ELECTRIC,BEV,2018,758
DK,C,ELECTRIC,BEV,2019,955
DK,C,ELECTRIC,BEV,2020,3292
DK,C,ELECTRIC,BEV,2021,3438
DK,C,ELECTRIC,BEV,2022,1852
DK,C,ELECTRIC,BEV,2023,9226
DK,C,ELECTRIC,Other,2011,3
DK,C,ELECTRIC,Other,2012,73
DK,C,ELECTRIC,Other,2013,193
DK,C,ELECTRIC,Other,2014,62
DK,C,ELECTRIC,Other,2015,486
DK,C,PETROL,HEV,2020,5194
DK,C,PETROL,HEV,2021,6280
DK,C,PETROL,HEV,2022,3350
DK,C,PETROL,HEV,2023,5408
DK,C,PETROL,Petrol,2010,11174
DK,C,PETROL,Petrol,2011,14284
DK,C,PETROL,Petrol,2012,8683
DK,C,PETROL,Petrol,2013,15857
DK,C,PETROL,Petrol,2014,22026
DK,C,PETROL,Petrol,2015,20945
DK,C,PETROL,Petrol,2016,26922
DK,C,PETROL,Petrol,2017,30700
DK,C,PETROL,Petrol,2018,31080
DK,C,PETROL,Petrol,2019,34415
DK,C,PETROL,Petrol,2020,15813
DK,C,PETROL,Petrol,2021,7340
DK,C,PETROL,Petrol,2022,2896
DK,C,PETROL,Petrol,2023,5431
DK,C,PETROL-ELECTRIC,Other,2014,75
DK,C,PETROL-ELECTRIC,Other,2015,2194
DK,C,PETROL-ELECTRIC,Other,2016,324
DK,C,PETROL/ELECTRIC,Other,2017,204
DK,C,PETROL/ELECTRIC,Other,2018,593
DK,C,PETROL/ELECTRIC,PHEV,2019,338
DK,C,PETROL/ELECTRIC,PHEV,2020,5682
DK,C,PETROL/ELECTRIC,PHEV,2021,12232
DK,C,PETROL/ELECTRIC,PHEV,2022,4290
DK,C,PETROL/ELECTRIC,PHEV,2023,3161
DK,D,DIESEL,Diesel,2010,9559
DK,D,DIESEL,Diesel,2011,14588
DK,D,DIESEL,Diesel,2012,11524
DK,D,DIESEL,Diesel,2013,8630
DK,D,DIESEL,Diesel,2014,8495
DK,D,DIESEL,Diesel,2015,7769
DK,D,DIESEL,Diesel,2016,9857
DK,D,DIESEL,Diesel,2017,9212
DK,D,DIESEL,Diesel,2018,6951
DK,D,DIESEL,Diesel,2019,7875
DK,D,DIESEL,Diesel,2020,6396
DK,D,DIESEL,Diesel,2021,2667
DK,D,DIESEL,Diesel,2022,106
DK,D,DIESEL,Diesel,2023,1370
DK,D,DIESEL,HEV,2020,298
DK,D,DIESEL,HEV,2021,1167
DK,D,DIESEL,HEV,2022,233
DK,D,DIESEL,HEV,2023,104
DK,D,DIESEL-ELECTRIC,Other,2013,4
DK,D,DIESEL-ELECTRIC,Other,2015,111
DK,D,DIESEL-ELECTRIC,Other,2016,2
DK,D,DIESEL/ELECTRIC,Other,2017,1
DK,D,DIESEL/ELECTRIC,Other,2018,1
DK,D,E85,Other,2010,1
DK,D,ELECTRIC,BEV,2019,2456
DK,D,ELECTRIC,BEV,2020,4502
DK,D,ELECTRIC,BEV,2021,2228
DK,D,ELECTRIC,BEV,2022,305
DK,D,ELECTRIC,BEV,2023,4548
DK,D,NG-BIOMETHANE,Other,2014,1
DK,D,NG_BIOMETHANE,Other,2011,3
DK,D,PETROL,HEV,2020,1571
DK,D,PETROL,HEV,2021,1859
DK,D,PETROL,HEV,2022,67
DK,D,PETROL,HEV,2023,42
DK,D,PETROL,Petrol,2010,5390
DK,D,PETROL,Petrol,2011,5934
DK,D,PETROL,Petrol,2012,4204
DK,D,PETROL,Petrol,2013,2557
DK,D,PETROL,Petrol,2014,2574
DK,D,PETROL,Petrol,2015,4046
DK,D,PETROL,Petrol,2016,6335
DK,D,PETROL,Petrol,2017,7460
DK,D,PETROL,Petrol,2018,7917
DK,D,PETROL,Petrol,2019,6763
DK,D,PETROL,Petrol,2020,2380
DK,D,PETROL,Petrol,2021,1362
DK,D,PETROL,Petrol,2022,203
DK,D,PETROL,Petrol,2023,4902
DK,D,PETROL-ELECTRIC,Other,2015,2
DK,D,PETROL-ELECTRIC,Other,2016,131
DK,D,PETROL/ELECTRIC,Other,2017,104
DK,D,PETROL/ELECTRIC,Other,2018,466
DK,D,PETROL/ELECTRIC,PHEV,2019,953
DK,D,PETROL/ELECTRIC,PHEV,2020,2133
DK,D,PETROL/ELECTRIC,PHEV,2021,4390
DK,D,PETROL/ELECTRIC,PHEV,2023,1089
DK,E,DIESEL,Diesel,2010,984
DK,E,DIESEL,Diesel,2011,2404
DK,E,DIESEL,Diesel,2012,3083
DK,E,DIESEL,Diesel,2013,3996
DK,E,DIESEL,Diesel,2014,4301
DK,E,DIESEL,Diesel,2015,3685
DK,E,DIESEL,Diesel,2016,5464
DK,E,DIESEL,Diesel,2017,5027
DK,E,DIESEL,Diesel,2018,5837
DK,E,DIESEL,Diesel,2019,4626
DK,E,DIESEL,Diesel,2020,1844
DK,E,DIESEL,Diesel,2021,915
DK,E,DIESEL,Diesel,2022,79
DK,E,DIESEL,Diesel,2023,1179
DK,E,DIESEL,HEV,2020,903
DK,E,DIESEL,HEV,2021,558
DK,E,DIESEL,HEV,2022,263
DK,E,DIESEL,HEV,2023,542
DK,E,DIESEL-ELECTRIC,Other,2015,33
DK,E,ELECTRIC,BEV,2016,2
DK,E,ELECTRIC,BEV,2017,3
DK,E,ELECTRIC,BEV,2020,1
DK,E,ELECTRIC,BEV,2021,729
DK,E,ELECTRIC,BEV,2022,1987
DK,E,ELECTRIC,BEV,2023,3879
DK,E,HYDROGEN,Other,2016,5
DK,E,HYDROGEN,Other,2017,1
DK,E,HYDROGEN,Other,2018,5
DK,E,HYDROGEN,Other,2019,5
DK,E,HYDROGEN,Other,2020,40
DK,E,HYDROGEN,Other,2021,73
DK,E,HYDROGEN,Other,2022,6
DK,E,HYDROGEN,Other,2023,1
DK,E,NG-BIOMETHANE,Other,2014,1
DK,E,PETROL,HEV,2020,252
DK,E,PETROL,HEV,2021,131
DK,E,PETROL,HEV,2022,94
DK,E,PETROL,HEV,2023,76
DK,E,PETROL,Petrol,2010,218
DK,E,PETROL,Petrol,2011,675
DK,E,PETROL,Petrol,2012,417
DK,E,PETROL,Petrol,2013,1302
DK,E,PETROL,Petrol,2014,1015
DK,E,PETROL,Petrol,2015,965
DK,E,PETROL,Petrol,2016,2206
DK,E,PETROL,Petrol,2017,3225
DK,E,PETROL,Petrol,2018,3669
DK,E,PETROL,Petrol,2019,3875
DK,E,PETROL,Petrol,2020,2141
DK,E,PETROL,Petrol,2021,1204
DK,E,PETROL,Petrol,2022,29
DK,E,PETROL,Petrol,2023,629
DK,E,PETROL-ELECTRIC,Other,2015,1
DK,E,PETROL/ELECTRIC,Other,2017,4
DK,E,PETROL/ELECTRIC,Other,2018,14
DK,E,PETROL/ELECTRIC,PHEV,2019,18
DK,E,PETROL/ELECTRIC,PHEV,2020,85
DK,E,PETROL/ELECTRIC,PHEV,2021,735
DK,E,PETROL/ELECTRIC,PHEV,2023,317
DK,F,DIESEL,Diesel,2010,623
DK,F,DIESEL,Diesel,2011,888
DK,F,DIESEL,Diesel,2012,1261
DK,F,DIESEL,Diesel,2013,2010
DK,F,DIESEL,Diesel,2014,1561
DK,F,DIESEL,Diesel,2015,1496
DK,F,DIESEL,Diesel,2016,1537
DK,F,DIESEL,Diesel,2017,1516
DK,F,DIESEL,Diesel,2018,1797
DK,F,DIESEL,Diesel,2019,898
DK,F,DIESEL,Diesel,2020,448
DK,F,DIESEL,Diesel,2021,594
DK,F,DIESEL,Diesel,2022,155
DK,F,DIESEL,Diesel,2023,440
DK,F,DIESEL,HEV,2021,1
DK,F,DIESEL-ELECTRIC,Other,2015,4
DK,F,ELECTRIC,BEV,2015,959
DK,F,ELECTRIC,BEV,2016,57
DK,F,ELECTRIC,BEV,2017,41
DK,F,ELECTRIC,BEV,2018,47
DK,F,ELECTRIC,BEV,2019,187
DK,F,ELECTRIC,BEV,2020,511
DK,F,ELECTRIC,BEV,2021,1342
DK,F,ELECTRIC,BEV,2023,1761
DK,F,PETROL,HEV,2020,5
DK,F,PETROL,HEV,2021,5
DK,F,PETROL,HEV,2022,2
DK,F,PETROL,HEV,2023,7
DK,F,PETROL,Petrol,2010,6736
DK,F,PETROL,Petrol,2011,7758
DK,F,PETROL,Petrol,2012,10057
DK,F,PETROL,Petrol,2013,9689
DK,F,PETROL,Petrol,2014,11087
DK,F,PETROL,Petrol,2015,5775
DK,F,PETROL,Petrol,2016,8290
DK,F,PETROL,Petrol,2017,7782
DK,F,PETROL,Petrol,2018,4789
DK,F,PETROL,Petrol,2019,7553
DK,F,PETROL,Petrol,2020,7532
DK,F,PETROL,Petrol,2021,5329
DK,F,PETROL,Petrol,2022,514
DK,F,PETROL,Petrol,2023,1395
DK,F,PETROL-ELECTRIC,Other,2014,1
DK,F,PETROL-ELECTRIC,Other,2015,3173
DK,F,PETROL-ELECTRIC,Other,2016,1
DK,F,PETROL/ELECTRIC,Other,2017,1
DK,F,PETROL/ELECTRIC,Other,2018,2
DK,F,PETROL/ELECTRIC,PHEV,2019,1
DK,F,PETROL/ELECTRIC,PHEV,2020,9
DK,F,PETROL/ELECTRIC,PHEV,2021,26
DK,F,PETROL/ELECTRIC,PHEV,2022,3
DK,F,PETROL/ELECTRIC,PHEV,2023,47
DK,JA,DIESEL,Diesel,2010,637
DK,JA,DIESEL,Diesel,2011,313
DK,JA,DIESEL,Diesel,2012,181
DK,JA,DIESEL,Diesel,2013,204
DK,JA,DIESEL,Diesel,2014,123
DK,JA,DIESEL,Diesel,2015,1
DK,JA,DIESEL,Diesel,2016,305
DK,JA,DIESEL,Diesel,2017,591
DK,JA,DIESEL,Diesel,2018,686
DK,JA,DIESEL,Diesel,2019,662
DK,JA,DIESEL,Diesel,2020,499
DK,JA,DIESEL,Diesel,2021,118
DK,JA,DIESEL,Diesel,2023,47
DK,JA,DIESEL-ELECTRIC,Other,2015,148
DK,JA,ELECTRIC,BEV,2023,31
DK,JA,PETROL,HEV,2020,1454
DK,JA,PETROL,HEV,2021,2391
DK,JA,PETROL,HEV,2022,1558
DK,JA,PETROL,HEV,2023,1116
DK,JA,PETROL,Petrol,2010,14
DK,JA,PETROL,Petrol,2012,53
DK,JA,PETROL,Petrol,2013,136
DK,JA,PETROL,Petrol,2014,114
DK,JA,PETROL,Petrol,2016,100
DK,JA,PETROL,Petrol,2017,2204
DK,JA,PETROL,Petrol,2018,1703
DK,JA,PETROL,Petrol,2019,3055
DK,JA,PETROL,Petrol,2020,2692
DK,JA,PETROL,Petrol,2021,3435
DK,JA,PETROL,Petrol,2023,4055
DK,JA,PETROL-ELECTRIC,Other,2015,64
DK,JB,DIESEL,Diesel,2010,14
DK,JB,DIESEL,Diesel,2011,161
DK,JB,DIESEL,Diesel,2012,260
DK,JB,DIESEL,Diesel,2013,1322
DK,JB,DIESEL,Diesel,2014,3266
DK,JB,DIESEL,Diesel,2015,3690
DK,JB,DIESEL,Diesel,2016,4961
DK,JB,DIESEL,Diesel,2017,5635
DK,JB,DIESEL,Diesel,2018,4814
DK,JB,DIESEL,Diesel,2019,4001
DK,JB,DIESEL,Diesel,2020,2801
DK,JB,DIESEL,Diesel,2021,1202
DK,JB,DIESEL,Diesel,2022,415
DK,JB,DIESEL,Diesel,2023,865
DK,JB,ELECTRIC,BEV,2014,1
DK,JB,ELECTRIC,BEV,2017,28
DK,JB,ELECTRIC,BEV,2018,158
DK,JB,ELECTRIC,BEV,2019,854
DK,JB,ELECTRIC,BEV,2020,1563
DK,JB,ELECTRIC,BEV,2021,2903
DK,JB,ELECTRIC,BEV,2022,15
DK,JB,ELECTRIC,BEV,2023,2537
DK,JB,ELECTRIC,Other,2011,128
DK,JB,ELECTRIC,Other,2012,90
DK,JB,ELECTRIC,Other,2013,3
DK,JB,PETROL,HEV,2020,2449
DK,JB,PETROL,HEV,2021,3195
DK,JB,PETROL,HEV,2022,3602
DK,JB,PETROL,HEV,2023,3974
DK,JB,PETROL,Petrol,2010,196
DK,JB,PETROL,Petrol,2011,512
DK,JB,PETROL,Petrol,2012,757
DK,JB,PETROL,Petrol,2013,1871
DK,JB,PETROL,Petrol,2014,4193
DK,JB,PETROL,Petrol,2015,6295
DK,JB,PETROL,Petrol,2016,6669
DK,JB,PETROL,Petrol,2017,7541
DK,JB,PETROL,Petrol,2018,11177
DK,JB,PETROL,Petrol,2019,14242
DK,JB,PETROL,Petrol,2020,14254
DK,JB,PETROL,Petrol,2021,9167
DK,JB,PETROL,Petrol,2022,1368
DK,JB,PETROL,Petrol,2023,7826
DK,JB,PETROL/ELECTRIC,Other,2018,363
DK,JB,PETROL/ELECTRIC,PHEV,2019,436
DK,JB,PETROL/ELECTRIC,PHEV,2020,975
DK,JB,PETROL/ELECTRIC,PHEV,2021,3114
DK,JB,PETROL/ELECTRIC,PHEV,2022,1091
DK,JB,PETROL/ELECTRIC,PHEV,2023,986
DK,JC,DIESEL,Diesel,2010,2182
DK,JC,DIESEL,Diesel,2011,2507
DK,JC,DIESEL,Diesel,2012,3249
DK,JC,DIESEL,Diesel,2013,3504
DK,JC,DIESEL,Diesel,2014,3862
DK,JC,DIESEL,Diesel,2015,3416
DK,JC,DIESEL,Diesel,2016,6739
DK,JC,DIESEL,Diesel,2017,8494
DK,JC,DIESEL,Diesel,2018,11038
DK,JC,DIESEL,Diesel,2019,10382
DK,JC,DIESEL,Diesel,2020,6655
DK,JC,DIESEL,Diesel,2021,4377
DK,JC,DIESEL,Diesel,2022,925
DK,JC,DIESEL,Diesel,2023,2675
DK,JC,DIESEL,HEV,2020,121
DK,JC,DIESEL,HEV,2021,646
DK,JC,DIESEL,HEV,2023,99
DK,JC,ELECTRIC,BEV,2018,12
DK,JC,ELECTRIC,BEV,2019,242
DK,JC,ELECTRIC,BEV,2020,1235
DK,JC,ELECTRIC,BEV,2021,7507
DK,JC,ELECTRIC,BEV,2022,2958
DK,JC,ELECTRIC,BEV,2023,16412
DK,JC,PETROL,HEV,2020,1808
DK,JC,PETROL,HEV,2021,2523
DK,JC,PETROL,HEV,2022,3904
DK,JC,PETROL,HEV,2023,4303
DK,JC,PETROL,Petrol,2010,596
DK,JC,PETROL,Petrol,2011,577
DK,JC,PETROL,Petrol,2012,1086
DK,JC,PETROL,Petrol,2013,1983
DK,JC,PETROL,Petrol,2014,2255
DK,JC,PETROL,Petrol,2015,4434
DK,JC,PETROL,Petrol,2016,5748
DK,JC,PETROL,Petrol,2017,8899
DK,JC,PETROL,Petrol,2018,14543
DK,JC,PETROL,Petrol,2019,16926
DK,JC,PETROL,Petrol,2020,11003
DK,JC,PETROL,Petrol,2021,7821
DK,JC,PETROL,Petrol,2022,2033
DK,JC,PETROL,Petrol,2023,3667
DK,JC,PETROL/ELECTRIC,Other,2017,152
DK,JC,PETROL/ELECTRIC,Other,2018,1122
DK,JC,PETROL/ELECTRIC,PHEV,2019,1207
DK,JC,PETROL/ELECTRIC,PHEV,2020,6392
DK,JC,PETROL/ELECTRIC,PHEV,2021,11384
DK,JC,PETROL/ELECTRIC,PHEV,2022,2260
DK,JC,PETROL/ELECTRIC,PHEV,2023,8519
DK,JD,DIESEL,Diesel,2010,428
DK,JD,DIESEL,Diesel,2011,354
DK,JD,DIESEL,Diesel,2012,497
DK,JD,DIESEL,Diesel,2013,526
DK,JD,DIESEL,Diesel,2014,613
DK,JD,DIESEL,Diesel,2015,995
DK,JD,DIESEL,Diesel,2016,1425
DK,JD,DIESEL,Diesel,2017,1178
DK,JD,DIESEL,Diesel,2018,1285
DK,JD,DIESEL,Diesel,2019,826
DK,JD,DIESEL,Diesel,2020,655
DK,JD,DIESEL,Diesel,2021,268
DK,JD,DIESEL,Diesel,2022,538
DK,JD,DIESEL,Diesel,2023,95
DK,JD,DIESEL,HEV,2020,3
DK,JD,DIESEL,HEV,2021,28
DK,JD,DIESEL,HEV,2023,406
DK,JD,DIESEL-ELECTRIC,Other,2015,5
DK,JD,DIESEL-ELECTRIC,Other,2016,1
DK,JD,DIESEL/ELECTRIC,PHEV,2020,32
DK,JD,DIESEL/ELECTRIC,PHEV,2021,306
DK,JD,DIESEL/ELECTRIC,PHEV,2022,284
DK,JD,DIESEL/ELECTRIC,PHEV,2023,122
DK,JD,ELECTRIC,BEV,2021,1790
DK,JD,ELECTRIC,BEV,2022,1164
DK,JD,ELECTRIC,BEV,2023,19368
DK,JD,HYDROGEN,Other,2013,15
DK,JD,HYDROGEN,Other,2014,1
DK,JD,HYDROGEN,Other,2016,9
DK,JD,HYDROGEN,Other,2017,7
DK,JD,PETROL,HEV,2020,1553
DK,JD,PETROL,HEV,2021,891
DK,JD,PETROL,HEV,2022,551
DK,JD,PETROL,HEV,2023,407
DK,JD,PETROL,Petrol,2010,27
DK,JD,PETROL,Petrol,2011,27
DK,JD,PETROL,Petrol,2012,24
DK,JD,PETROL,Petrol,2013,12
DK,JD,PETROL,Petrol,2014,49
DK,JD,PETROL,Petrol,2015,84
DK,JD,PETROL,Petrol,2016,677
DK,JD,PETROL,Petrol,2017,1173
DK,JD,PETROL,Petrol,2018,1863
DK,JD,PETROL,Petrol,2019,2833
DK,JD,PETROL,Petrol,2020,797
DK,JD,PETROL,Petrol,2021,319
DK,JD,PETROL,Petrol,2022,105
DK,JD,PETROL,Petrol,2023,123
DK,JD,PETROL-ELECTRIC,Other,2015,3
DK,JD,PETROL-ELECTRIC,Other,2016,36
DK,JD,PETROL/ELECTRIC,Other,2017,82
DK,JD,PETROL/ELECTRIC,Other,2018,150
DK,JD,PETROL/ELECTRIC,PHEV,2019,600
DK,JD,PETROL/ELECTRIC,PHEV,2020,1658
DK,JD,PETROL/ELECTRIC,PHEV,2021,3078
DK,JD,PETROL/ELECTRIC,PHEV,2022,1919
DK,JD,PETROL/ELECTRIC,PHEV,2023,1672
DK,JE,DIESEL,Diesel,2011,1
DK,JE,DIESEL,Diesel,2012,12
DK,JE,DIESEL,Diesel,2013,15
DK,JE,DIESEL,Diesel,2014,47
DK,JE,DIESEL,Diesel,2015,7
DK,JE,DIESEL,Diesel,2016,28
DK,JE,DIESEL,Diesel,2017,23
DK,JE,DIESEL,Diesel,2018,63
DK,JE,DIESEL,Diesel,2019,26
DK,JE,DIESEL,Diesel,2020,15
DK,JE,DIESEL,Diesel,2021,11
DK,JE,DIESEL,Diesel,2022,10
DK,JE,DIESEL,Diesel,2023,100
DK,JE,DIESEL,HEV,2022,1
DK,JE,DIESEL,HEV,2023,69
DK,JE,DIESEL/ELECTRIC,PHEV,2020,27
DK,JE,DIESEL/ELECTRIC,PHEV,2021,108
DK,JE,DIESEL/ELECTRIC,PHEV,2022,105
DK,JE,DIESEL/ELECTRIC,PHEV,2023,106
DK,JE,ELECTRIC,BEV,2016,98
DK,JE,ELECTRIC,BEV,2017,49
DK,JE,ELECTRIC,BEV,2018,48
DK,JE,ELECTRIC,BEV,2019,107
DK,JE,ELECTRIC,BEV,2020,195
DK,JE,ELECTRIC,BEV,2021,28
DK,JE,ELECTRIC,BEV,2022,311
DK,JE,ELECTRIC,BEV,2023,544
DK,JE,PETROL,HEV,2020,7
DK,JE,PETROL,HEV,2021,9
DK,JE,PETROL,HEV,2022,18
DK,JE,PETROL,HEV,2023,36
DK,JE,PETROL,Petrol,2010,11
DK,JE,PETROL,Petrol,2011,6
DK,JE,PETROL,Petrol,2012,11
DK,JE,PETROL,Petrol,2013,5
DK,JE,PETROL,Petrol,2014,13
DK,JE,PETROL,Petrol,2015,7
DK,JE,PETROL,Petrol,2016,14
DK,JE,PETROL,Petrol,2017,4
DK,JE,PETROL,Petrol,2018,10
DK,JE,PETROL,Petrol,2019,6
DK,JE,PETROL,Petrol,2020,2
DK,JE,PETROL,Petrol,2021,3
DK,JE,PETROL,Petrol,2022,2
DK,JE,PETROL,Petrol,2023,14
DK,JE,PETROL-ELECTRIC,Other,2014,1
DK,JE,PETROL-ELECTRIC,Other,2015,1
DK,JE,PETROL/ELECTRIC,PHEV,2021,1026
DK,JE,PETROL/ELECTRIC,PHEV,2022,2
DK,JE,PETROL/ELECTRIC,PHEV,2023,205
DK,JF,DIESEL,Diesel,2010,1
DK,JF,DIESEL,Diesel,2011,4
DK,JF,DIESEL,Diesel,2012,28
DK,JF,DIESEL,Diesel,2013,73
DK,JF,DIESEL,Diesel,2014,55
DK,JF,DIESEL,Diesel,2016,4
DK,JF,DIESEL,Diesel,2017,8
DK,JF,DIESEL,Diesel,2018,24
DK,JF,DIESEL,Diesel,2019,3
DK,JF,DIESEL,Diesel,2023,15
DK,JF,DIESEL,HEV,2023,3
DK,JF,ELECTRIC,BEV,2019,19
DK,JF,ELECTRIC,BEV,2020,472
DK,JF,ELECTRIC,BEV,2021,340
DK,JF,ELECTRIC,BEV,2023,88
DK,JF,PETROL,HEV,2023,5
DK,JF,PETROL,Petrol,2012,2
DK,JF,PETROL,Petrol,2013,13
DK,JF,PETROL,Petrol,2014,15
DK,JF,PETROL,Petrol,2016,4
DK,JF,PETROL,Petrol,2017,6
DK,JF,PETROL,Petrol,2018,6
DK,JF,PETROL,Petrol,2019,1
DK,JF,PETROL,Petrol,2023,31
DK,JF,PETROL/ELECTRIC,Other,2018,1
DK,JF,PETROL/ELECTRIC,PHEV,2023,127
DK,V,DIESEL,Diesel,2010,1812
DK,V,DIESEL,Diesel,2011,2258
DK,V,DIESEL,Diesel,2012,2314
DK,V,DIESEL,Diesel,2013,1882
DK,V,DIESEL,Diesel,2014,2021
DK,V,DIESEL,Diesel,2015,1643
DK,V,DIESEL,Diesel,2016,2115
DK,V,DIESEL,Diesel,2017,2468
DK,V,DIESEL,Diesel,2018,1691
DK,V,DIESEL,Diesel,2019,2220
DK,V,DIESEL,Diesel,2020,1762
DK,V,DIESEL,Diesel,2021,1319
DK,V,DIESEL,Diesel,2022,429
DK,V,DIESEL,Diesel,2023,1222
DK,V,DIESEL-ELECTRIC,Other,2015,89
DK,V,DIESEL/ELECTRIC,PHEV,2023,2
DK,V,ELECTRIC,BEV,2014,1
DK,V,ELECTRIC,BEV,2020,57
DK,V,ELECTRIC,BEV,2021,138
DK,V,ELECTRIC,BEV,2022,234
DK,V,ELECTRIC,BEV,2023,1415
DK,V,NG,Other,2018,3
DK,V,NG,Other,2019,2
DK,V,NG-BIOMETHANE,Other,2014,2
DK,V,NG-BIOMETHANE,Other,2015,1
DK,V,NG-BIOMETHANE,Other,2016,11
DK,V,NG-BIOMETHANE,Other,2017,2
DK,V,PETROL,HEV,2021,12
DK,V,PETROL,HEV,2023,3
DK,V,PETROL,Petrol,2010,146
DK,V,PETROL,Petrol,2011,1043
DK,V,PETROL,Petrol,2012,558
DK,V,PETROL,Petrol,2013,310
DK,V,PETROL,Petrol,2014,151
DK,V,PETROL,Petrol,2015,160
DK,V,PETROL,Petrol,2016,258
DK,V,PETROL,Petrol,2017,301
DK,V,PETROL,Petrol,2018,197
DK,V,PETROL,Petrol,2019,224
DK,V,PETROL,Petrol,2020,121
DK,V,PETROL,Petrol,2021,132
DK,V,PETROL,Petrol,2022,143
DK,V,PETROL,Petrol,2023,85
DK,V,PETROL/ELECTRIC,PHEV,2020,6
DK,V,PETROL/ELECTRIC,PHEV,2021,6
DK,V,PETROL/ELECTRIC,PHEV,2022,264
DK,V,PETROL/ELECTRIC,PHEV,2023,310
EE,,DIESEL,Diesel,2010,321
EE,,DIESEL,Diesel,2011,534
EE,,DIESEL,Diesel,2012,599
EE,,DIESEL,Diesel,2013,629
EE,,DIESEL,Diesel,2014,552
EE,,DIESEL,Diesel,2015,396
EE,,DIESEL,Diesel,2016,335
EE,,DIESEL,Diesel,2017,208
EE,,DIESEL,Diesel,2018,141
EE,,DIESEL,Diesel,2019,87
EE,,DIESEL,Diesel,2020,47
EE,,DIESEL,Diesel,2021,74
EE,,DIESEL,Diesel,2022,36
EE,,DIESEL,Diesel,2023,111
EE,,DIESEL,HEV,2021,1
EE,,DIESEL,HEV,2022,1
EE,,DIESEL,HEV,2023,1
EE,,E85,Other,2011,2
EE,,E85,Other,2012,4
EE,,ELECTRIC,BEV,2014,39
EE,,ELECTRIC,BEV,2016,2
EE,,ELECTRIC,BEV,2020,17
EE,,ELECTRIC,BEV,2022,25
EE,,ELECTRIC,BEV,2023,37
EE,,ELECTRIC,Other,2011,54
EE,,ELECTRIC,Other,2012,456
EE,,ELECTRIC,Other,2013,37
EE,,HYDROGEN,Other,2023,1
EE,,LPG,Other,2018,2
EE,,LPG,Other,2019,7
EE,,NG-BIOMETHANE,Other,2012,1
EE,,NG-BIOMETHANE,Other,2013,1
EE,,PETROL,HEV,2019,1
EE,,PETROL,HEV,2020,3
EE,,PETROL,HEV,2021,19
EE,,PETROL,HEV,2022,40
EE,,PETROL,HEV,2023,51
EE,,PETROL,Petrol,2010,757
EE,,PETROL,Petrol,2011,1106
EE,,PETROL,Petrol,2012,972
EE,,PETROL,Petrol,2013,862
EE,,PETROL,Petrol,2014,597
EE,,PETROL,Petrol,2015,582
EE,,PETROL,Petrol,2016,727
EE,,PETROL,Petrol,2017,336
EE,,PETROL,Petrol,2018,146
EE,,PETROL,Petrol,2019,125
EE,,PETROL,Petrol,2020,27
EE,,PETROL,Petrol,2021,23
EE,,PETROL,Petrol,2022,36
EE,,PETROL,Petrol,2023,28
EE,,PETROL-ELECTRIC,Other,2014,6
EE,,PETROL-ELECTRIC,Other,2015,1
EE,,PETROL/ELECTRIC,PHEV,2021,7
EE,,PETROL/ELECTRIC,PHEV,2022,3
EE,,PETROL/ELECTRIC,PHEV,2023,21
EE,A,DIESEL,Diesel,2010,8
EE,A,DIESEL,Diesel,2011,9
EE,A,DIESEL,Diesel,2012,12
EE,A,DIESEL,Diesel,2013,17
EE,A,DIESEL,Diesel,2014,19
EE,A,DIESEL,Diesel,2015,25
EE,A,DIESEL,Diesel,2016,7
EE,A,DIESEL,Diesel,2017,4
EE,A,DIESEL,Diesel,2018,2
EE,A,ELECTRIC,BEV,2014,52
EE,A,ELECTRIC,BEV,2015,4
EE,A,ELECTRIC,BEV,2016,2
EE,A,ELECTRIC,BEV,2017,1
EE,A,ELECTRIC,BEV,2020,65
EE,A,ELECTRIC,BEV,2021,38
EE,A,ELECTRIC,BEV,2022,42
EE,A,ELECTRIC,BEV,2023,45
EE,A,NG-BIOMETHANE,Other,2014,1
EE,A,NG-BIOMETHANE,Other,2015,2
EE,A,NG-BIOMETHANE,Other,2016,2
EE,A,NG-BIOMETHANE,Other,2017,2
EE,A,PETROL,HEV,2020,2
EE,A,PETROL,HEV,2021,15
EE,A,PETROL,HEV,2022,10
EE,A,PETROL,HEV,2023,36
EE,A,PETROL,Petrol,2010,160
EE,A,PETROL,Petrol,2011,250
EE,A,PETROL,Petrol,2012,339
EE,A,PETROL,Petrol,2013,268
EE,A,PETROL,Petrol,2014,381
EE,A,PETROL,Petrol,2015,253
EE,A,PETROL,Petrol,2016,264
EE,A,PETROL,Petrol,2017,126
EE,A,PETROL,Petrol,2018,147
EE,A,PETROL,Petrol,2019,310
EE,A,PETROL,Petrol,2020,90
EE,A,PETROL,Petrol,2021,95
EE,A,PETROL,Petrol,2022,22
EE,A,PETROL,Petrol,2023,98
EE,B,DIESEL,Diesel,2010,152
EE,B,DIESEL,Diesel,2011,174
EE,B,DIESEL,Diesel,2012,331
EE,B,DIESEL,Diesel,2013,369
EE,B,DIESEL,Diesel,2014,280
EE,B,DIESEL,Diesel,2015,194
EE,B,DIESEL,Diesel,2016,150
EE,B,DIESEL,Diesel,2017,203
EE,B,DIESEL,Diesel,2018,157
EE,B,DIESEL,Diesel,2019,63
EE,B,DIESEL,Diesel,2020,40
EE,B,DIESEL,Diesel,2021,8
EE,B,DIESEL,Diesel,2022,9
EE,B,DIESEL,Diesel,2023,4
EE,B,DIESEL,HEV,2020,3
EE,B,DIESEL,HEV,2021,20
EE,B,DIESEL,HEV,2022,15
EE,B,DIESEL,HEV,2023,11
EE,B,ELECTRIC,BEV,2014,9
EE,B,ELECTRIC,BEV,2015,5
EE,B,ELECTRIC,BEV,2016,4
EE,B,ELECTRIC,BEV,2017,1
EE,B,ELECTRIC,BEV,2018,3
EE,B,ELECTRIC,BEV,2020,19
EE,B,ELECTRIC,BEV,2021,26
EE,B,ELECTRIC,BEV,2022,7
EE,B,ELECTRIC,BEV,2023,3
EE,B,LPG,Other,2012,3
EE,B,LPG,Other,2013,2
EE,B,LPG,Other,2018,2
EE,B,LPG,Other,2019,8
EE,B,LPG,Other,2020,26
EE,B,LPG,Other,2021,106
EE,B,LPG,Other,2022,109
EE,B,LPG,Other,2023,97
EE,B,NG,Other,2021,1
EE,B,PETROL,HEV,2019,82
EE,B,PETROL,HEV,2020,156
EE,B,PETROL,HEV,2021,349
EE,B,PETROL,HEV,2022,317
EE,B,PETROL,HEV,2023,308
EE,B,PETROL,Petrol,2010,851
EE,B,PETROL,Petrol,2011,1409
EE,B,PETROL,Petrol,2012,1482
EE,B,PETROL,Petrol,2013,1437
EE,B,PETROL,Petrol,2014,1455
EE,B,PETROL,Petrol,2015,1923
EE,B,PETROL,Petrol,2016,2116
EE,B,PETROL,Petrol,2017,2861
EE,B,PETROL,Petrol,2018,2906
EE,B,PETROL,Petrol,2019,2738
EE,B,PETROL,Petrol,2020,2157
EE,B,PETROL,Petrol,2021,1663
EE,B,PETROL,Petrol,2022,951
EE,B,PETROL,Petrol,2023,1087
EE,B,PETROL-ELECTRIC,Other,2016,2
EE,B,PETROL/ELECTRIC,PHEV,2019,3
EE,B,PETROL/ELECTRIC,PHEV,2022,1
EE,B,PETROL/ELECTRIC,PHEV,2023,1
EE,C,DIESEL,Diesel,2010,1502
EE,C,DIESEL,Diesel,2011,1825
EE,C,DIESEL,Diesel,2012,1671
EE,C,DIESEL,Diesel,2013,2168
EE,C,DIESEL,Diesel,2014,1975
EE,C,DIESEL,Diesel,2015,1540
EE,C,DIESEL,Diesel,2016,1345
EE,C,DIESEL,Diesel,2017,1076
EE,C,DIESEL,Diesel,2018,1042
EE,C,DIESEL,Diesel,2019,1042
EE,C,DIESEL,Diesel,2020,993
EE,C,DIESEL,Diesel,2021,870
EE,C,DIESEL,Diesel,2022,538
EE,C,DIESEL,Diesel,2023,543
EE,C,DIESEL,HEV,2020,3
EE,C,DIESEL,HEV,2021,135
EE,C,DIESEL,HEV,2022,57
EE,C,DIESEL,HEV,2023,102
EE,C,DIESEL/ELECTRIC,PHEV,2022,3
EE,C,DIESEL/ELECTRIC,PHEV,2023,1
EE,C,E85,Other,2011,18
EE,C,E85,Other,2012,15
EE,C,E85,Other,2013,7
EE,C,ELECTRIC,BEV,2014,208
EE,C,ELECTRIC,BEV,2015,13
EE,C,ELECTRIC,BEV,2016,13
EE,C,ELECTRIC,BEV,2017,12
EE,C,ELECTRIC,BEV,2018,65
EE,C,ELECTRIC,BEV,2019,50
EE,C,ELECTRIC,BEV,2020,72
EE,C,ELECTRIC,BEV,2021,92
EE,C,ELECTRIC,BEV,2022,122
EE,C,ELECTRIC,BEV,2023,247
EE,C,ELECTRIC,Other,2012,56
EE,C,ELECTRIC,Other,2013,92
EE,C,ELECTRIC,Other,2014,4
EE,C,ELECTRIC,Other,2015,2
EE,C,LPG,Other,2012,10
EE,C,LPG,Other,2013,3
EE,C,LPG,Other,2014,1
EE,C,LPG,Other,2018,10
EE,C,LPG,Other,2019,6
EE,C,LPG,Other,2020,7
EE,C,LPG,Other,2021,11
EE,C,LPG,Other,2022,75
EE,C,LPG,Other,2023,82
EE,C,NG,Other,2018,101
EE,C,NG,Other,2019,558
EE,C,NG,Other,2020,542
EE,C,NG,Other,2021,365
EE,C,NG,Other,2022,263
EE,C,NG,Other,2023,62
EE,C,NG-BIOMETHANE,Other,2011,5
EE,C,NG-BIOMETHANE,Other,2012,5
EE,C,NG-BIOMETHANE,Other,2013,6
EE,C,NG-BIOMETHANE,Other,2014,9
EE,C,NG-BIOMETHANE,Other,2015,7
EE,C,NG-BIOMETHANE,Other,2016,1
EE,C,NG-BIOMETHANE,Other,2017,4
EE,C,PETROL,HEV,2019,636
EE,C,PETROL,HEV,2020,714
EE,C,PETROL,HEV,2021,1541
EE,C,PETROL,HEV,2022,1190
EE,C,PETROL,HEV,2023,2578
EE,C,PETROL,Petrol,2010,2541
EE,C,PETROL,Petrol,2011,3980
EE,C,PETROL,Petrol,2012,3976
EE,C,PETROL,Petrol,2013,4085
EE,C,PETROL,Petrol,2014,4976
EE,C,PETROL,Petrol,2015,5175
EE,C,PETROL,Petrol,2016,5599
EE,C,PETROL,Petrol,2017,5896
EE,C,PETROL,Petrol,2018,5796
EE,C,PETROL,Petrol,2019,5006
EE,C,PETROL,Petrol,2020,2289
EE,C,PETROL,Petrol,2021,2313
EE,C,PETROL,Petrol,2022,1879
EE,C,PETROL,Petrol,2023,1754
EE,C,PETROL-ELECTRIC,Other,2014,5
EE,C,PETROL-ELECTRIC,Other,2015,8
EE,C,PETROL-ELECTRIC,Other,2016,2
EE,C,PETROL/ELECTRIC,Other,2017,11
EE,C,PETROL/ELECTRIC,Other,2018,7
EE,C,PETROL/ELECTRIC,PHEV,2019,3
EE,C,PETROL/ELECTRIC,PHEV,2020,15
EE,C,PETROL/ELECTRIC,PHEV,2021,46
EE,C,PETROL/ELECTRIC,PHEV,2022,41
EE,C,PETROL/ELECTRIC,PHEV,2023,52
EE,D,CNG,Other,2020,2
EE,D,DIESEL,Diesel,2010,242
EE,D,DIESEL,Diesel,2011,578
EE,D,DIESEL,Diesel,2012,859
EE,D,DIESEL,Diesel,2013,721
EE,D,DIESEL,Diesel,2014,859
EE,D,DIESEL,Diesel,2015,680
EE,D,DIESEL,Diesel,2016,706
EE,D,DIESEL,Diesel,2017,682
EE,D,DIESEL,Diesel,2018,734
EE,D,DIESEL,Diesel,2019,559
EE,D,DIESEL,Diesel,2020,438
EE,D,DIESEL,Diesel,2021,524
EE,D,DIESEL,Diesel,2022,292
EE,D,DIESEL,Diesel,2023,207
EE,D,DIESEL,HEV,2019,1
EE,D,DIESEL,HEV,2020,4
EE,D,DIESEL,HEV,2021,18
EE,D,DIESEL,HEV,2022,35
EE,D,DIESEL,HEV,2023,32
EE,D,DIESEL-ELECTRIC,Other,2014,1
EE,D,ELECTRIC,BEV,2019,1
EE,D,ELECTRIC,BEV,2020,3
EE,D,ELECTRIC,BEV,2021,30
EE,D,ELECTRIC,BEV,2022,25
EE,D,ELECTRIC,BEV,2023,55
EE,D,LPG,Other,2018,1
EE,D,LPG,Other,2019,14
EE,D,NG,Other,2019,3
EE,D,NG,Other,2021,1
EE,D,PETROL,HEV,2019,51
EE,D,PETROL,HEV,2020,58
EE,D,PETROL,HEV,2021,118
EE,D,PETROL,HEV,2022,125
EE,D,PETROL,HEV,2023,302
EE,D,PETROL,Petrol,2010,1152
EE,D,PETROL,Petrol,2011,1901
EE,D,PETROL,Petrol,2012,1852
EE,D,PETROL,Petrol,2013,1546
EE,D,PETROL,Petrol,2014,1487
EE,D,PETROL,Petrol,2015,1693
EE,D,PETROL,Petrol,2016,2156
EE,D,PETROL,Petrol,2017,2549
EE,D,PETROL,Petrol,2018,2276
EE,D,PETROL,Petrol,2019,1492
EE,D,PETROL,Petrol,2020,639
EE,D,PETROL,Petrol,2021,647
EE,D,PETROL,Petrol,2022,664
EE,D,PETROL,Petrol,2023,611
EE,D,PETROL-ELECTRIC,Other,2016,2
EE,D,PETROL/ELECTRIC,Other,2017,5
EE,D,PETROL/ELECTRIC,Other,2018,3
EE,D,PETROL/ELECTRIC,PHEV,2020,33
EE,D,PETROL/ELECTRIC,PHEV,2021,20
EE,D,PETROL/ELECTRIC,PHEV,2022,21
EE,D,PETROL/ELECTRIC,PHEV,2023,37
EE,E,DIESEL,Diesel,2010,36
EE,E,DIESEL,Diesel,2011,93
EE,E,DIESEL,Diesel,2012,220
EE,E,DIESEL,Diesel,2013,174
EE,E,DIESEL,Diesel,2014,85
EE,E,DIESEL,Diesel,2015,124
EE,E,DIESEL,Diesel,2016,100
EE,E,DIESEL,Diesel,2017,155
EE,E,DIESEL,Diesel,2018,156
EE,E,DIESEL,Diesel,2019,82
EE,E,DIESEL,Diesel,2020,29
EE,E,DIESEL,Diesel,2021,84
EE,E,DIESEL,Diesel,2022,36
EE,E,DIESEL,Diesel,2023,32
EE,E,DIESEL,HEV,2019,43
EE,E,DIESEL,HEV,2020,10
EE,E,DIESEL,HEV,2021,17
EE,E,DIESEL,HEV,2022,18
EE,E,DIESEL,HEV,2023,30
EE,E,ELECTRIC,BEV,2021,2
EE,E,ELECTRIC,BEV,2022,13
EE,E,ELECTRIC,BEV,2023,35
EE,E,HYDROGEN,Other,2021,1
EE,E,HYDROGEN,Other,2022,1
EE,E,NG-BIOMETHANE,Other,2014,2
EE,E,NG-BIOMETHANE,Other,2015,1
EE,E,PETROL,HEV,2019,298
EE,E,PETROL,HEV,2020,200
EE,E,PETROL,HEV,2021,251
EE,E,PETROL,HEV,2022,168
EE,E,PETROL,HEV,2023,231
EE,E,PETROL,Petrol,2010,52
EE,E,PETROL,Petrol,2011,78
EE,E,PETROL,Petrol,2012,151
EE,E,PETROL,Petrol,2013,175
EE,E,PETROL,Petrol,2014,111
EE,E,PETROL,Petrol,2015,140
EE,E,PETROL,Petrol,2016,114
EE,E,PETROL,Petrol,2017,156
EE,E,PETROL,Petrol,2018,196
EE,E,PETROL,Petrol,2019,141
EE,E,PETROL,Petrol,2020,52
EE,E,PETROL,Petrol,2021,87
EE,E,PETROL,Petrol,2022,83
EE,E,PETROL,Petrol,2023,79
EE,E,PETROL-ELECTRIC,Other,2014,2
EE,E,PETROL/ELECTRIC,Other,2017,3
EE,E,PETROL/ELECTRIC,Other,2018,14
EE,E,PETROL/ELECTRIC,PHEV,2019,4
EE,E,PETROL/ELECTRIC,PHEV,2020,8
EE,E,PETROL/ELECTRIC,PHEV,2021,11
EE,E,PETROL/ELECTRIC,PHEV,2022,24
EE,E,PETROL/ELECTRIC,PHEV,2023,14
EE,F,DIESEL,Diesel,2010,10
EE,F,DIESEL,Diesel,2011,26
EE,F,DIESEL,Diesel,2012,31
EE,F,DIESEL,Diesel,2013,25
EE,F,DIESEL,Diesel,2014,17
EE,F,DIESEL,Diesel,2015,13
EE,F,DIESEL,Diesel,2016,12
EE,F,DIESEL,Diesel,2017,11
EE,F,DIESEL,Diesel,2018,24
EE,F,DIESEL,Diesel,2019,7
EE,F,DIESEL,Diesel,2020,3
EE,F,DIESEL,Diesel,2021,6
EE,F,DIESEL,Diesel,2022,25
EE,F,DIESEL,Diesel,2023,7
EE,F,DIESEL,HEV,2019,9
EE,F,DIESEL,HEV,2020,3
EE,F,DIESEL,HEV,2021,1
EE,F,DIESEL,HEV,2022,6
EE,F,DIESEL,HEV,2023,6
EE,F,ELECTRIC,BEV,2014,19
EE,F,ELECTRIC,BEV,2015,6
EE,F,ELECTRIC,BEV,2016,7
EE,F,ELECTRIC,BEV,2017,4
EE,F,ELECTRIC,BEV,2018,2
EE,F,ELECTRIC,BEV,2019,1
EE,F,ELECTRIC,BEV,2020,26
EE,F,ELECTRIC,BEV,2021,38
EE,F,ELECTRIC,BEV,2022,47
EE,F,ELECTRIC,BEV,2023,67
EE,F,ELECTRIC,Other,2013,1
EE,F,PETROL,HEV,2019,7
EE,F,PETROL,HEV,2020,7
EE,F,PETROL,HEV,2021,10
EE,F,PETROL,HEV,2022,15
EE,F,PETROL,HEV,2023,16
EE,F,PETROL,Petrol,2010,105
EE,F,PETROL,Petrol,2011,77
EE,F,PETROL,Petrol,2012,74
EE,F,PETROL,Petrol,2013,74
EE,F,PETROL,Petrol,2014,64
EE,F,PETROL,Petrol,2015,55
EE,F,PETROL,Petrol,2016,74
EE,F,PETROL,Petrol,2017,74
EE,F,PETROL,Petrol,2018,85
EE,F,PETROL,Petrol,2019,97
EE,F,PETROL,Petrol,2020,80
EE,F,PETROL,Petrol,2021,372
EE,F,PETROL,Petrol,2022,226
EE,F,PETROL,Petrol,2023,265
EE,F,PETROL-ELECTRIC,Other,2014,1
EE,F,PETROL-ELECTRIC,Other,2015,3
EE,F,PETROL/ELECTRIC,Other,2017,1
EE,F,PETROL/ELECTRIC,Other,2018,1
EE,F,PETROL/ELECTRIC,PHEV,2020,1
EE,F,PETROL/ELECTRIC,PHEV,2021,1
EE,F,PETROL/ELECTRIC,PHEV,2022,3
EE,F,PETROL/ELECTRIC,PHEV,2023,5
EE,JA,DIESEL,Diesel,2010,98
EE,JA,DIESEL,Diesel,2011,167
EE,JA,DIESEL,Diesel,2012,209
EE,JA,DIESEL,Diesel,2013,192
EE,JA,DIESEL,Diesel,2014,223
EE,JA,DIESEL,Diesel,2015,250
EE,JA,DIESEL,Diesel,2016,222
EE,JA,DIESEL,Diesel,2017,309
EE,JA,DIESEL,Diesel,2018,157
EE,JA,DIESEL,Diesel,2019,433
EE,JA,DIESEL,Diesel,2020,505
EE,JA,DIESEL,Diesel,2021,347
EE,JA,DIESEL,Diesel,2022,53
EE,JA,DIESEL,Diesel,2023,14
EE,JA,ELECTRIC,BEV,2022,1
EE,JA,ELECTRIC,BEV,2023,20
EE,JA,NG,Other,2020,98
EE,JA,NG,Other,2021,90
EE,JA,NG,Other,2022,22
EE,JA,NG,Other,2023,4
EE,JA,PETROL,HEV,2020,34
EE,JA,PETROL,HEV,2021,79
EE,JA,PETROL,HEV,2022,59
EE,JA,PETROL,HEV,2023,49
EE,JA,PETROL,Petrol,2010,66
EE,JA,PETROL,Petrol,2011,75
EE,JA,PETROL,Petrol,2012,63
EE,JA,PETROL,Petrol,2013,65
EE,JA,PETROL,Petrol,2014,46
EE,JA,PETROL,Petrol,2015,30
EE,JA,PETROL,Petrol,2016,82
EE,JA,PETROL,Petrol,2017,194
EE,JA,PETROL,Petrol,2018,323
EE,JA,PETROL,Petrol,2019,533
EE,JA,PETROL,Petrol,2020,332
EE,JA,PETROL,Petrol,2021,414
EE,JA,PETROL,Petrol,2022,430
EE,JA,PETROL,Petrol,2023,1144
EE,JB,DIESEL,Diesel,2010,21
EE,JB,DIESEL,Diesel,2011,128
EE,JB,DIESEL,Diesel,2012,278
EE,JB,DIESEL,Diesel,2013,448
EE,JB,DIESEL,Diesel,2014,895
EE,JB,DIESEL,Diesel,2015,902
EE,JB,DIESEL,Diesel,2016,731
EE,JB,DIESEL,Diesel,2017,561
EE,JB,DIESEL,Diesel,2018,534
EE,JB,DIESEL,Diesel,2019,333
EE,JB,DIESEL,Diesel,2020,568
EE,JB,DIESEL,Diesel,2021,649
EE,JB,DIESEL,Diesel,2022,462
EE,JB,DIESEL,Diesel,2023,418
EE,JB,E85,Other,2011,1
EE,JB,E85,Other,2012,3
EE,JB,ELECTRIC,BEV,2017,2
EE,JB,ELECTRIC,BEV,2018,7
EE,JB,ELECTRIC,BEV,2019,19
EE,JB,ELECTRIC,BEV,2020,49
EE,JB,ELECTRIC,BEV,2021,59
EE,JB,ELECTRIC,BEV,2022,53
EE,JB,ELECTRIC,BEV,2023,137
EE,JB,ELECTRIC,Other,2011,2
EE,JB,LPG,Other,2012,8
EE,JB,LPG,Other,2013,11
EE,JB,LPG,Other,2014,3
EE,JB,LPG,Other,2018,2
EE,JB,LPG,Other,2019,17
EE,JB,LPG,Other,2020,61
EE,JB,LPG,Other,2021,116
EE,JB,LPG,Other,2022,77
EE,JB,LPG,Other,2023,106
EE,JB,NG,Other,2019,10
EE,JB,NG,Other,2020,13
EE,JB,NG,Other,2021,9
EE,JB,PETROL,HEV,2019,186
EE,JB,PETROL,HEV,2020,185
EE,JB,PETROL,HEV,2021,533
EE,JB,PETROL,HEV,2022,984
EE,JB,PETROL,HEV,2023,1160
EE,JB,PETROL,Petrol,2010,310
EE,JB,PETROL,Petrol,2011,694
EE,JB,PETROL,Petrol,2012,731
EE,JB,PETROL,Petrol,2013,1137
EE,JB,PETROL,Petrol,2014,1334
EE,JB,PETROL,Petrol,2015,1640
EE,JB,PETROL,Petrol,2016,2287
EE,JB,PETROL,Petrol,2017,2210
EE,JB,PETROL,Petrol,2018,2478
EE,JB,PETROL,Petrol,2019,2639
EE,JB,PETROL,Petrol,2020,1608
EE,JB,PETROL,Petrol,2021,1582
EE,JB,PETROL,Petrol,2022,1550
EE,JB,PETROL,Petrol,2023,1228
EE,JB,PETROL/ELECTRIC,Other,2017,1
EE,JB,PETROL/ELECTRIC,Other,2018,7
EE,JB,PETROL/ELECTRIC,PHEV,2019,5
EE,JB,PETROL/ELECTRIC,PHEV,2020,10
EE,JB,PETROL/ELECTRIC,PHEV,2021,18
EE,JB,PETROL/ELECTRIC,PHEV,2022,30
EE,JB,PETROL/ELECTRIC,PHEV,2023,16
EE,JC,DIESEL,Diesel,2010,395
EE,JC,DIESEL,Diesel,2011,763
EE,JC,DIESEL,Diesel,2012,956
EE,JC,DIESEL,Diesel,2013,1022
EE,JC,DIESEL,Diesel,2014,1021
EE,JC,DIESEL,Diesel,2015,1226
EE,JC,DIESEL,Diesel,2016,937
EE,JC,DIESEL,Diesel,2017,1254
EE,JC,DIESEL,Diesel,2018,1611
EE,JC,DIESEL,Diesel,2019,1766
EE,JC,DIESEL,Diesel,2020,951
EE,JC,DIESEL,Diesel,2021,697
EE,JC,DIESEL,Diesel,2022,659
EE,JC,DIESEL,Diesel,2023,681
EE,JC,DIESEL,HEV,2020,50
EE,JC,DIESEL,HEV,2021,185
EE,JC,DIESEL,HEV,2022,173
EE,JC,DIESEL,HEV,2023,390
EE,JC,ELECTRIC,BEV,2018,1
EE,JC,ELECTRIC,BEV,2019,5
EE,JC,ELECTRIC,BEV,2020,8
EE,JC,ELECTRIC,BEV,2021,154
EE,JC,ELECTRIC,BEV,2022,184
EE,JC,ELECTRIC,BEV,2023,427
EE,JC,PETROL,HEV,2019,431
EE,JC,PETROL,HEV,2020,368
EE,JC,PETROL,HEV,2021,1134
EE,JC,PETROL,HEV,2022,1874
EE,JC,PETROL,HEV,2023,1947
EE,JC,PETROL,Petrol,2010,547
EE,JC,PETROL,Petrol,2011,1240
EE,JC,PETROL,Petrol,2012,1602
EE,JC,PETROL,Petrol,2013,1715
EE,JC,PETROL,Petrol,2014,1718
EE,JC,PETROL,Petrol,2015,1741
EE,JC,PETROL,Petrol,2016,2052
EE,JC,PETROL,Petrol,2017,3174
EE,JC,PETROL,Petrol,2018,3416
EE,JC,PETROL,Petrol,2019,3065
EE,JC,PETROL,Petrol,2020,1688
EE,JC,PETROL,Petrol,2021,2055
EE,JC,PETROL,Petrol,2022,1455
EE,JC,PETROL,Petrol,2023,987
EE,JC,PETROL/ELECTRIC,Other,2018,4
EE,JC,PETROL/ELECTRIC,PHEV,2019,2
EE,JC,PETROL/ELECTRIC,PHEV,2020,32
EE,JC,PETROL/ELECTRIC,PHEV,2021,38
EE,JC,PETROL/ELECTRIC,PHEV,2022,83
EE,JC,PETROL/ELECTRIC,PHEV,2023,75
EE,JD,DIESEL,Diesel,2010,184
EE,JD,DIESEL,Diesel,2011,472
EE,JD,DIESEL,Diesel,2012,611
EE,JD,DIESEL,Diesel,2013,575
EE,JD,DIESEL,Diesel,2014,695
EE,JD,DIESEL,Diesel,2015,614
EE,JD,DIESEL,Diesel,2016,508
EE,JD,DIESEL,Diesel,2017,590
EE,JD,DIESEL,Diesel,2018,639
EE,JD,DIESEL,Diesel,2019,468
EE,JD,DIESEL,Diesel,2020,225
EE,JD,DIESEL,Diesel,2021,169
EE,JD,DIESEL,Diesel,2022,80
EE,JD,DIESEL,Diesel,2023,108
EE,JD,DIESEL,HEV,2019,120
EE,JD,DIESEL,HEV,2020,98
EE,JD,DIESEL,HEV,2021,264
EE,JD,DIESEL,HEV,2022,309
EE,JD,DIESEL,HEV,2023,335
EE,JD,DIESEL-ELECTRIC,Other,2016,1
EE,JD,DIESEL/ELECTRIC,Other,2017,1
EE,JD,DIESEL/ELECTRIC,PHEV,2021,4
EE,JD,DIESEL/ELECTRIC,PHEV,2022,1
EE,JD,DIESEL/ELECTRIC,PHEV,2023,6
EE,JD,E85,Other,2013,1
EE,JD,ELECTRIC,BEV,2021,3
EE,JD,ELECTRIC,BEV,2022,3
EE,JD,ELECTRIC,BEV,2023,208
EE,JD,PETROL,HEV,2019,654
EE,JD,PETROL,HEV,2020,561
EE,JD,PETROL,HEV,2021,720
EE,JD,PETROL,HEV,2022,850
EE,JD,PETROL,HEV,2023,920
EE,JD,PETROL,Petrol,2010,241
EE,JD,PETROL,Petrol,2011,427
EE,JD,PETROL,Petrol,2012,571
EE,JD,PETROL,Petrol,2013,684
EE,JD,PETROL,Petrol,2014,712
EE,JD,PETROL,Petrol,2015,644
EE,JD,PETROL,Petrol,2016,875
EE,JD,PETROL,Petrol,2017,1350
EE,JD,PETROL,Petrol,2018,1600
EE,JD,PETROL,Petrol,2019,1670
EE,JD,PETROL,Petrol,2020,1178
EE,JD,PETROL,Petrol,2021,1371
EE,JD,PETROL,Petrol,2022,1209
EE,JD,PETROL,Petrol,2023,1160
EE,JD,PETROL-ELECTRIC,Other,2014,11
EE,JD,PETROL-ELECTRIC,Other,2015,1
EE,JD,PETROL-ELECTRIC,Other,2016,7
EE,JD,PETROL/ELECTRIC,Other,2017,1
EE,JD,PETROL/ELECTRIC,Other,2018,8
EE,JD,PETROL/ELECTRIC,PHEV,2019,3
EE,JD,PETROL/ELECTRIC,PHEV,2020,15
EE,JD,PETROL/ELECTRIC,PHEV,2021,41
EE,JD,PETROL/ELECTRIC,PHEV,2022,117
EE,JD,PETROL/ELECTRIC,PHEV,2023,170
EE,JE,DIESEL,Diesel,2010,32
EE,JE,DIESEL,Diesel,2011,104
EE,JE,DIESEL,Diesel,2012,123
EE,JE,DIESEL,Diesel,2013,113
EE,JE,DIESEL,Diesel,2014,198
EE,JE,DIESEL,Diesel,2015,143
EE,JE,DIESEL,Diesel,2016,201
EE,JE,DIESEL,Diesel,2017,274
EE,JE,DIESEL,Diesel,2018,178
EE,JE,DIESEL,Diesel,2019,177
EE,JE,DIESEL,Diesel,2020,132
EE,JE,DIESEL,Diesel,2021,84
EE,JE,DIESEL,Diesel,2022,54
EE,JE,DIESEL,Diesel,2023,40
EE,JE,DIESEL,HEV,2019,48
EE,JE,DIESEL,HEV,2020,41
EE,JE,DIESEL,HEV,2021,210
EE,JE,DIESEL,HEV,2022,225
EE,JE,DIESEL,HEV,2023,178
EE,JE,DIESEL/ELECTRIC,PHEV,2021,6
EE,JE,DIESEL/ELECTRIC,PHEV,2022,25
EE,JE,DIESEL/ELECTRIC,PHEV,2023,13
EE,JE,ELECTRIC,BEV,2016,4
EE,JE,ELECTRIC,BEV,2017,4
EE,JE,ELECTRIC,BEV,2018,6
EE,JE,ELECTRIC,BEV,2019,1
EE,JE,ELECTRIC,BEV,2021,3
EE,JE,ELECTRIC,BEV,2022,23
EE,JE,ELECTRIC,BEV,2023,100
EE,JE,PETROL,HEV,2019,54
EE,JE,PETROL,HEV,2020,64
EE,JE,PETROL,HEV,2021,312
EE,JE,PETROL,HEV,2022,276
EE,JE,PETROL,HEV,2023,276
EE,JE,PETROL,Petrol,2010,67
EE,JE,PETROL,Petrol,2011,73
EE,JE,PETROL,Petrol,2012,126
EE,JE,PETROL,Petrol,2013,84
EE,JE,PETROL,Petrol,2014,89
EE,JE,PETROL,Petrol,2015,66
EE,JE,PETROL,Petrol,2016,104
EE,JE,PETROL,Petrol,2017,97
EE,JE,PETROL,Petrol,2018,111
EE,JE,PETROL,Petrol,2019,68
EE,JE,PETROL,Petrol,2020,57
EE,JE,PETROL,Petrol,2021,54
EE,JE,PETROL,Petrol,2022,85
EE,JE,PETROL,Petrol,2023,93
EE,JE,PETROL-ELECTRIC,Other,2014,1
EE,JE,PETROL-ELECTRIC,Other,2015,4
EE,JE,PETROL-ELECTRIC,Other,2016,3
EE,JE,PETROL/ELECTRIC,Other,2017,3
EE,JE,PETROL/ELECTRIC,Other,2018,7
EE,JE,PETROL/ELECTRIC,PHEV,2019,9
EE,JE,PETROL/ELECTRIC,PHEV,2020,12
EE,JE,PETROL/ELECTRIC,PHEV,2021,33
EE,JE,PETROL/ELECTRIC,PHEV,2022,29
EE,JE,PETROL/ELECTRIC,PHEV,2023,108
EE,JF,DIESEL,Diesel,2010,177
EE,JF,DIESEL,Diesel,2011,237
EE,JF,DIESEL,Diesel,2012,388
EE,JF,DIESEL,Diesel,2013,296
EE,JF,DIESEL,Diesel,2014,403
EE,JF,DIESEL,Diesel,2015,269
EE,JF,DIESEL,Diesel,2016,459
EE,JF,DIESEL,Diesel,2017,241
EE,JF,DIESEL,Diesel,2018,218
EE,JF,DIESEL,Diesel,2019,177
EE,JF,DIESEL,Diesel,2020,75
EE,JF,DIESEL,Diesel,2021,96
EE,JF,DIESEL,Diesel,2022,166
EE,JF,DIESEL,Diesel,2023,97
EE,JF,DIESEL,HEV,2020,9
EE,JF,DIESEL,HEV,2021,29
EE,JF,DIESEL,HEV,2022,49
EE,JF,DIESEL,HEV,2023,148
EE,JF,ELECTRIC,BEV,2020,6
EE,JF,ELECTRIC,BEV,2021,34
EE,JF,ELECTRIC,BEV,2022,117
EE,JF,ELECTRIC,BEV,2023,27
EE,JF,PETROL,HEV,2020,1
EE,JF,PETROL,HEV,2021,7
EE,JF,PETROL,HEV,2022,22
EE,JF,PETROL,HEV,2023,25
EE,JF,PETROL,Petrol,2010,3
EE,JF,PETROL,Petrol,2011,12
EE,JF,PETROL,Petrol,2012,39
EE,JF,PETROL,Petrol,2013,17
EE,JF,PETROL,Petrol,2014,38
EE,JF,PETROL,Petrol,2015,48
EE,JF,PETROL,Petrol,2016,75
EE,JF,PETROL,Petrol,2017,77
EE,JF,PETROL,Petrol,2018,9
EE,JF,PETROL,Petrol,2019,37
EE,JF,PETROL,Petrol,2020,15
EE,JF,PETROL,Petrol,2021,24
EE,JF,PETROL,Petrol,2022,46
EE,JF,PETROL,Petrol,2023,61
EE,JF,PETROL/ELECTRIC,PHEV,2019,1
EE,JF,PETROL/ELECTRIC,PHEV,2021,2
EE,JF,PETROL/ELECTRIC,PHEV,2022,5
EE,JF,PETROL/ELECTRIC,PHEV,2023,22
EE,V,DIESEL,Diesel,2010,189
EE,V,DIESEL,Diesel,2011,481
EE,V,DIESEL,Diesel,2012,545
EE,V,DIESEL,Diesel,2013,557
EE,V,DIESEL,Diesel,2014,477
EE,V,DIESEL,Diesel,2015,594
EE,V,DIESEL,Diesel,2016,561
EE,V,DIESEL,Diesel,2017,952
EE,V,DIESEL,Diesel,2018,1016
EE,V,DIESEL,Diesel,2019,816
EE,V,DIESEL,Diesel,2020,488
EE,V,DIESEL,Diesel,2021,508
EE,V,DIESEL,Diesel,2022,697
EE,V,DIESEL,Diesel,2023,454
EE,V,DIESEL,HEV,2020,1
EE,V,DIESEL,HEV,2021,8
EE,V,DIESEL,HEV,2023,1
EE,V,ELECTRIC,BEV,2021,6
EE,V,ELECTRIC,BEV,2022,29
EE,V,ELECTRIC,BEV,2023,23
EE,V,LPG,Other,2012,2
EE,V,NG,Other,2018,1
EE,V,NG,Other,2019,7
EE,V,NG,Other,2020,5
EE,V,NG-BIOMETHANE,Other,2010,2
EE,V,NG-BIOMETHANE,Other,2012,1
EE,V,NG-BIOMETHANE,Other,2014,5
EE,V,NG-BIOMETHANE,Other,2015,7
EE,V,NG-BIOMETHANE,Other,2017,4
EE,V,PETROL,HEV,2022,6
EE,V,PETROL,HEV,2023,6
EE,V,PETROL,Petrol,2010,21
EE,V,PETROL,Petrol,2011,27
EE,V,PETROL,Petrol,2012,25
EE,V,PETROL,Petrol,2013,22
EE,V,PETROL,Petrol,2014,10
EE,V,PETROL,Petrol,2015,5
EE,V,PETROL,Petrol,2016,22
EE,V,PETROL,Petrol,2017,28
EE,V,PETROL,Petrol,2018,9
EE,V,PETROL,Petrol,2019,46
EE,V,PETROL,Petrol,2020,27
EE,V,PETROL,Petrol,2021,114
EE,V,PETROL,Petrol,2022,66
EE,V,PETROL,Petrol,2023,24
EE,V,PETROL/ELECTRIC,PHEV,2022,4
EE,V,PETROL/ELECTRIC,PHEV,2023,15
ES,, ,Other,2013,13291
ES,,DIESEL,Diesel,2010,2461
ES,,DIESEL,Diesel,2011,37392
ES,,DIESEL,Diesel,2012,23599
ES,,DIESEL,Diesel,2013,4531
ES,,DIESEL,Diesel,2014,33893
ES,,DIESEL,Diesel,2015,44780
ES,,DIESEL,Diesel,2016,51180
ES,,DIESEL,Diesel,2017,65928
ES,,DIESEL,Diesel,2018,68418
ES,,DIESEL,Diesel,2019,53478
ES,,DIESEL,Diesel,2020,42214
ES,,DIESEL,Diesel,2021,14163
ES,,DIESEL,Diesel,2022,3221
ES,,DIESEL,Diesel,2023,2028
ES,,DIESEL,HEV,2019,12
ES,,DIESEL,HEV,2020,942
ES,,DIESEL,HEV,2021,1
ES,,DIESEL,HEV,2022,14
ES,,DIESEL,HEV,2023,19
ES,,DIESEL,Other,2010,60545
ES,,DIESEL,Other,2013,1654
ES,,E85,Other,2011,73
ES,,E85,Other,2012,8
ES,,ELECTRIC,BEV,2014,75
ES,,ELECTRIC,BEV,2015,431
ES,,ELECTRIC,BEV,2016,655
ES,,ELECTRIC,BEV,2017,572
ES,,ELECTRIC,BEV,2018,215
ES,,ELECTRIC,BEV,2019,3570
ES,,ELECTRIC,BEV,2020,1161
ES,,ELECTRIC,BEV,2021,4004
ES,,ELECTRIC,BEV,2022,516
ES,,ELECTRIC,BEV,2023,3604
ES,,ELECTRIC,Other,2010,40
ES,,ELECTRIC,Other,2011,169
ES,,ELECTRIC,Other,2012,193
ES,,ELECTRIC,Other,2013,328
ES,,ELECTRIC,Other,2020,916
ES,,HYDROGEN,Other,2018,1
ES,,HYDROGEN,Other,2020,1
ES,,HYDROGEN,Other,2021,3
ES,,HYDROGEN,Other,2023,1
ES,,LPG,HEV,2020,1
ES,,LPG,Other,2013,3
ES,,LPG,Other,2014,216
ES,,LPG,Other,2015,83
ES,,LPG,Other,2016,45
ES,,LPG,Other,2017,274
ES,,LPG,Other,2018,1092
ES,,LPG,Other,2019,1516
ES,,LPG,Other,2020,135
ES,,LPG,Other,2021,71
ES,,LPG,Other,2022,22
ES,,LPG,Other,2023,65
ES,,NG,Other,2018,3
ES,,NG,Other,2019,2
ES,,PETROL,HEV,2019,629
ES,,PETROL,HEV,2020,2475
ES,,PETROL,HEV,2021,1222
ES,,PETROL,HEV,2022,1806
ES,,PETROL,HEV,2023,2319
ES,,PETROL,Other,2010,17744
ES,,PETROL,Other,2013,41
ES,,PETROL,Other,2020,2
ES,,PETROL,PHEV,2020,12
ES,,PETROL,Petrol,2010,5209
ES,,PETROL,Petrol,2011,9936
ES,,PETROL,Petrol,2012,3459
ES,,PETROL,Petrol,2013,169
ES,,PETROL,Petrol,2014,7156
ES,,PETROL,Petrol,2015,6698
ES,,PETROL,Petrol,2016,10602
ES,,PETROL,Petrol,2017,20388
ES,,PETROL,Petrol,2018,55084
ES,,PETROL,Petrol,2019,30684
ES,,PETROL,Petrol,2020,27943
ES,,PETROL,Petrol,2021,22303
ES,,PETROL,Petrol,2022,1329
ES,,PETROL,Petrol,2023,400
ES,,PETROL-ELECTRIC,Other,2015,1
ES,,PETROL-ELECTRIC,Other,2016,10
ES,,PETROL/ELECTRIC,Other,2017,25
ES,,PETROL/ELECTRIC,Other,2018,38
ES,,PETROL/ELECTRIC,Other,2020,1
ES,,PETROL/ELECTRIC,PHEV,2019,66
ES,,PETROL/ELECTRIC,PHEV,2020,1486
ES,,PETROL/ELECTRIC,PHEV,2021,2518
ES,,PETROL/ELECTRIC,PHEV,2022,209
ES,,PETROL/ELECTRIC,PHEV,2023,951
ES,,UNKNOWN,Other,2020,8
ES,,UNKNOWN,Other,2021,2
ES,,UNKNOWN,Other,2022,67
ES,A, ,Other,2013,3853
ES,A,DIESEL,Diesel,2010,284
ES,A,DIESEL,Diesel,2011,10863
ES,A,DIESEL,Diesel,2012,6586
ES,A,DIESEL,Diesel,2013,109
ES,A,DIESEL,Diesel,2014,14645
ES,A,DIESEL,Diesel,2015,18403
ES,A,DIESEL,Diesel,2016,20107
ES,A,DIESEL,Diesel,2017,17256
ES,A,DIESEL,Diesel,2018,10326
ES,A,DIESEL,Diesel,2019,3844
ES,A,DIESEL,Diesel,2020,2099
ES,A,DIESEL,Diesel,2021,1420
ES,A,DIESEL,Diesel,2022,360
ES,A,DIESEL,Diesel,2023,97
ES,A,DIESEL,Other,2010,18178
ES,A,DIESEL,Other,2013,2756
ES,A,ELECTRIC,BEV,2014,303
ES,A,ELECTRIC,BEV,2015,335
ES,A,ELECTRIC,BEV,2016,408
ES,A,ELECTRIC,BEV,2017,1877
ES,A,ELECTRIC,BEV,2018,2885
ES,A,ELECTRIC,BEV,2019,1130
ES,A,ELECTRIC,BEV,2020,5740
ES,A,ELECTRIC,BEV,2021,5590
ES,A,ELECTRIC,BEV,2022,4634
ES,A,ELECTRIC,BEV,2023,5222
ES,A,ELECTRIC,Other,2010,11
ES,A,ELECTRIC,Other,2011,10
ES,A,ELECTRIC,Other,2012,1
ES,A,ELECTRIC,Other,2013,187
ES,A,ELECTRIC,Other,2020,4
ES,A,LPG,Other,2012,9
ES,A,LPG,Other,2013,33
ES,A,LPG,Other,2014,75
ES,A,LPG,Other,2015,99
ES,A,LPG,Other,2016,186
ES,A,LPG,Other,2017,473
ES,A,LPG,Other,2018,2953
ES,A,LPG,Other,2019,1996
ES,A,LPG,Other,2020,969
ES,A,LPG,Other,2021,31
ES,A,LPG,Other,2022,2
ES,A,NG,Other,2018,100
ES,A,NG,Other,2019,186
ES,A,NG,Other,2020,109
ES,A,NG-BIOMETHANE,Other,2015,19
ES,A,NG-BIOMETHANE,Other,2017,51
ES,A,NG-BIOMETHANE,Other,2019,8
ES,A,NG-BIOMETHANE,Other,2020,1
ES,A,NG-BIOMETHANE,Other,2021,1
ES,A,PETROL,HEV,2019,5
ES,A,PETROL,HEV,2020,6252
ES,A,PETROL,HEV,2021,17164
ES,A,PETROL,HEV,2022,20628
ES,A,PETROL,HEV,2023,24553
ES,A,PETROL,Other,2010,38888
ES,A,PETROL,Other,2013,12418
ES,A,PETROL,Other,2018,1
ES,A,PETROL,Petrol,2010,268
ES,A,PETROL,Petrol,2011,28487
ES,A,PETROL,Petrol,2012,31832
ES,A,PETROL,Petrol,2013,658
ES,A,PETROL,Petrol,2014,52112
ES,A,PETROL,Petrol,2015,61850
ES,A,PETROL,Petrol,2016,62502
ES,A,PETROL,Petrol,2017,64214
ES,A,PETROL,Petrol,2018,71477
ES,A,PETROL,Petrol,2019,61637
ES,A,PETROL,Petrol,2020,23930
ES,A,PETROL,Petrol,2021,18416
ES,A,PETROL,Petrol,2022,13156
ES,A,PETROL,Petrol,2023,14428
ES,A,PETROL-ELECTRIC,Other,2015,14
ES,A,PETROL-ELECTRIC,Other,2016,7
ES,A,PETROL/ELECTRIC,Other,2017,6
ES,A,PETROL/ELECTRIC,PHEV,2021,338
ES,A,PETROL/ELECTRIC,PHEV,2022,92
ES,A,PETROL/ELECTRIC,PHEV,2023,154
ES,B, ,Other,2013,42512
ES,B,DIESEL,Diesel,2010,341
ES,B,DIESEL,Diesel,2011,94915
ES,B,DIESEL,Diesel,2012,68812
ES,B,DIESEL,Diesel,2013,20010
ES,B,DIESEL,Diesel,2014,111136
ES,B,DIESEL,Diesel,2015,116242
ES,B,DIESEL,Diesel,2016,100566
ES,B,DIESEL,Diesel,2017,87696
ES,B,DIESEL,Diesel,2018,54269
ES,B,DIESEL,Diesel,2019,40627
ES,B,DIESEL,Diesel,2020,23920
ES,B,DIESEL,Diesel,2021,19631
ES,B,DIESEL,Diesel,2022,22649
ES,B,DIESEL,Diesel,2023,18004
ES,B,DIESEL,HEV,2020,327
ES,B,DIESEL,HEV,2021,471
ES,B,DIESEL,HEV,2022,3415
ES,B,DIESEL,HEV,2023,2985
ES,B,DIESEL,Other,2010,126898
ES,B,DIESEL,Other,2013,1925
ES,B,DIESEL,Other,2018,3
ES,B,E85,Other,2011,3
ES,B,E85,Other,2012,8
ES,B,ELECTRIC,BEV,2014,48
ES,B,ELECTRIC,BEV,2015,167
ES,B,ELECTRIC,BEV,2016,192
ES,B,ELECTRIC,BEV,2017,195
ES,B,ELECTRIC,BEV,2018,213
ES,B,ELECTRIC,BEV,2019,303
ES,B,ELECTRIC,BEV,2020,2666
ES,B,ELECTRIC,BEV,2021,2590
ES,B,ELECTRIC,BEV,2022,2743
ES,B,ELECTRIC,BEV,2023,3212
ES,B,ELECTRIC,Other,2020,1
ES,B,LPG,Other,2011,2
ES,B,LPG,Other,2012,9
ES,B,LPG,Other,2013,157
ES,B,LPG,Other,2014,502
ES,B,LPG,Other,2015,441
ES,B,LPG,Other,2016,434
ES,B,LPG,Other,2017,1237
ES,B,LPG,Other,2018,4347
ES,B,LPG,Other,2019,11043
ES,B,LPG,Other,2020,5666
ES,B,LPG,Other,2021,8759
ES,B,LPG,Other,2022,8179
ES,B,LPG,Other,2023,17772
ES,B,NG,Other,2018,1224
ES,B,NG,Other,2019,922
ES,B,NG,Other,2020,584
ES,B,NG,Other,2021,286
ES,B,NG,Other,2022,101
ES,B,NG,Other,2023,37
ES,B,NG-BIOMETHANE,Other,2013,13
ES,B,NG-BIOMETHANE,Other,2015,1
ES,B,NG-BIOMETHANE,Other,2017,30
ES,B,NG-BIOMETHANE,Other,2019,36
ES,B,NG-BIOMETHANE,Other,2020,1
ES,B,PETROL,HEV,2019,9642
ES,B,PETROL,HEV,2020,1218
ES,B,PETROL,HEV,2021,13266
ES,B,PETROL,HEV,2022,18055
ES,B,PETROL,HEV,2023,18214
ES,B,PETROL,Other,2010,106096
ES,B,PETROL,Other,2013,2582
ES,B,PETROL,Other,2017,1
ES,B,PETROL,Petrol,2010,9102
ES,B,PETROL,Petrol,2011,78367
ES,B,PETROL,Petrol,2012,59505
ES,B,PETROL,Petrol,2013,18054
ES,B,PETROL,Petrol,2014,129567
ES,B,PETROL,Petrol,2015,150450
ES,B,PETROL,Petrol,2016,179271
ES,B,PETROL,Petrol,2017,200684
ES,B,PETROL,Petrol,2018,204880
ES,B,PETROL,Petrol,2019,194933
ES,B,PETROL,Petrol,2020,116026
ES,B,PETROL,Petrol,2021,107406
ES,B,PETROL,Petrol,2022,105040
ES,B,PETROL,Petrol,2023,116002
ES,B,PETROL-ELECTRIC,Other,2016,82
ES,B,PETROL/ELECTRIC,Other,2017,309
ES,B,PETROL/ELECTRIC,Other,2018,468
ES,B,PETROL/ELECTRIC,PHEV,2019,2140
ES,B,PETROL/ELECTRIC,PHEV,2020,156
ES,B,PETROL/ELECTRIC,PHEV,2021,419
ES,B,PETROL/ELECTRIC,PHEV,2022,265
ES,B,PETROL/ELECTRIC,PHEV,2023,853
ES,B,UNKNOWN,Other,2019,27
ES,B,UNKNOWN,Other,2020,2
ES,C, ,Other,2013,51270
ES,C,CNG,Other,2020,82
ES,C,DIESEL,Diesel,2010,36800
ES,C,DIESEL,Diesel,2011,189067
ES,C,DIESEL,Diesel,2012,143146
ES,C,DIESEL,Diesel,2013,27105
ES,C,DIESEL,Diesel,2014,206917
ES,C,DIESEL,Diesel,2015,220525
ES,C,DIESEL,Diesel,2016,198760
ES,C,DIESEL,Diesel,2017,157676
ES,C,DIESEL,Diesel,2018,106295
ES,C,DIESEL,Diesel,2019,91591
ES,C,DIESEL,Diesel,2020,66820
ES,C,DIESEL,Diesel,2021,40632
ES,C,DIESEL,Diesel,2022,35878
ES,C,DIESEL,Diesel,2023,27761
ES,C,DIESEL,HEV,2019,5
ES,C,DIESEL,HEV,2020,658
ES,C,DIESEL,HEV,2021,5388
ES,C,DIESEL,HEV,2022,2776
ES,C,DIESEL,HEV,2023,4487
ES,C,DIESEL,Other,2010,215522
ES,C,DIESEL,Other,2013,2737
ES,C,DIESEL-ELECTRIC,Other,2015,97
ES,C,DIESEL/ELECTRIC,PHEV,2019,141
ES,C,DIESEL/ELECTRIC,PHEV,2020,162
ES,C,DIESEL/ELECTRIC,PHEV,2021,33
ES,C,DIESEL/ELECTRIC,PHEV,2022,58
ES,C,DIESEL/ELECTRIC,PHEV,2023,54
ES,C,E85,Other,2011,142
ES,C,E85,Other,2012,86
ES,C,E85,Other,2014,1
ES,C,ELECTRIC,BEV,2014,587
ES,C,ELECTRIC,BEV,2015,498
ES,C,ELECTRIC,BEV,2016,740
ES,C,ELECTRIC,BEV,2017,1188
ES,C,ELECTRIC,BEV,2018,2064
ES,C,ELECTRIC,BEV,2019,3349
ES,C,ELECTRIC,BEV,2020,3509
ES,C,ELECTRIC,BEV,2021,2727
ES,C,ELECTRIC,BEV,2022,5651
ES,C,ELECTRIC,BEV,2023,8004
ES,C,ELECTRIC,Other,2010,24
ES,C,ELECTRIC,Other,2011,67
ES,C,ELECTRIC,Other,2012,154
ES,C,ELECTRIC,Other,2013,295
ES,C,ELECTRIC,Other,2020,2
ES,C,LPG,Other,2012,25
ES,C,LPG,Other,2013,37
ES,C,LPG,Other,2014,424
ES,C,LPG,Other,2015,592
ES,C,LPG,Other,2016,635
ES,C,LPG,Other,2017,1100
ES,C,LPG,Other,2018,5164
ES,C,LPG,Other,2019,1614
ES,C,LPG,Other,2020,282
ES,C,LPG,Other,2021,397
ES,C,LPG,Other,2022,3211
ES,C,LPG,Other,2023,4297
ES,C,NG,Other,2018,2379
ES,C,NG,Other,2019,3347
ES,C,NG,Other,2020,1829
ES,C,NG,Other,2021,352
ES,C,NG,Other,2022,160
ES,C,NG,Other,2023,50
ES,C,NG-BIOMETHANE,Other,2015,100
ES,C,NG-BIOMETHANE,Other,2017,947
ES,C,NG-BIOMETHANE,Other,2019,53
ES,C,PETROL,HEV,2019,27851
ES,C,PETROL,HEV,2020,4598
ES,C,PETROL,HEV,2021,27424
ES,C,PETROL,HEV,2022,36601
ES,C,PETROL,HEV,2023,49282
ES,C,PETROL,Other,2010,60642
ES,C,PETROL,Other,2013,373
ES,C,PETROL,Other,2018,22
ES,C,PETROL,Other,2020,6
ES,C,PETROL,Petrol,2010,7895
ES,C,PETROL,Petrol,2011,58047
ES,C,PETROL,Petrol,2012,46328
ES,C,PETROL,Petrol,2013,6940
ES,C,PETROL,Petrol,2014,77844
ES,C,PETROL,Petrol,2015,106808
ES,C,PETROL,Petrol,2016,129970
ES,C,PETROL,Petrol,2017,150811
ES,C,PETROL,Petrol,2018,184509
ES,C,PETROL,Petrol,2019,163219
ES,C,PETROL,Petrol,2020,114415
ES,C,PETROL,Petrol,2021,67539
ES,C,PETROL,Petrol,2022,46369
ES,C,PETROL,Petrol,2023,50914
ES,C,PETROL-ELECTRIC,Other,2014,31
ES,C,PETROL-ELECTRIC,Other,2015,233
ES,C,PETROL-ELECTRIC,Other,2016,385
ES,C,PETROL/ELECTRIC,Other,2017,1096
ES,C,PETROL/ELECTRIC,Other,2018,1387
ES,C,PETROL/ELECTRIC,PHEV,2019,377
ES,C,PETROL/ELECTRIC,PHEV,2020,8384
ES,C,PETROL/ELECTRIC,PHEV,2021,15230
ES,C,PETROL/ELECTRIC,PHEV,2022,14353
ES,C,PETROL/ELECTRIC,PHEV,2023,16259
ES,C,UNKNOWN,Other,2020,3
ES,C,UNKNOWN,Other,2021,1
ES,C,UNKNOWN,Other,2022,3
ES,D, ,Other,2013,10059
ES,D,CNG,Other,2020,44
ES,D,DIESEL,Diesel,2010,1741
ES,D,DIESEL,Diesel,2011,50145
ES,D,DIESEL,Diesel,2012,38888
ES,D,DIESEL,Diesel,2013,2621
ES,D,DIESEL,Diesel,2014,51018
ES,D,DIESEL,Diesel,2015,57435
ES,D,DIESEL,Diesel,2016,59100
ES,D,DIESEL,Diesel,2017,57049
ES,D,DIESEL,Diesel,2018,37133
ES,D,DIESEL,Diesel,2019,19029
ES,D,DIESEL,Diesel,2020,12364
ES,D,DIESEL,Diesel,2021,14388
ES,D,DIESEL,Diesel,2022,10120
ES,D,DIESEL,Diesel,2023,5885
ES,D,DIESEL,HEV,2019,577
ES,D,DIESEL,HEV,2020,2792
ES,D,DIESEL,HEV,2021,1583
ES,D,DIESEL,HEV,2022,3837
ES,D,DIESEL,HEV,2023,3729
ES,D,DIESEL,Other,2010,74740
ES,D,DIESEL-ELECTRIC,Other,2016,1
ES,D,DIESEL/ELECTRIC,Other,2017,8
ES,D,DIESEL/ELECTRIC,Other,2018,5
ES,D,E85,Other,2012,1
ES,D,E85,Other,2014,4
ES,D,ELECTRIC,BEV,2014,15
ES,D,ELECTRIC,BEV,2016,4
ES,D,ELECTRIC,BEV,2020,232
ES,D,ELECTRIC,BEV,2021,93
ES,D,ELECTRIC,BEV,2022,2795
ES,D,ELECTRIC,BEV,2023,6311
ES,D,ELECTRIC,Other,2012,1
ES,D,LPG,Other,2012,6
ES,D,LPG,Other,2014,226
ES,D,LPG,Other,2015,1177
ES,D,LPG,Other,2016,113
ES,D,LPG,Other,2017,604
ES,D,LPG,Other,2018,997
ES,D,LPG,Other,2019,1665
ES,D,LPG,Other,2020,541
ES,D,LPG,Other,2021,590
ES,D,LPG,Other,2022,2
ES,D,LPG,Other,2023,7
ES,D,NG,Other,2018,32
ES,D,NG,Other,2019,47
ES,D,NG,Other,2021,1
ES,D,PETROL,HEV,2019,3462
ES,D,PETROL,HEV,2020,1016
ES,D,PETROL,HEV,2021,414
ES,D,PETROL,HEV,2022,1111
ES,D,PETROL,HEV,2023,1316
ES,D,PETROL,Other,2010,5488
ES,D,PETROL,PHEV,2020,14
ES,D,PETROL,Petrol,2010,853
ES,D,PETROL,Petrol,2011,5941
ES,D,PETROL,Petrol,2012,5249
ES,D,PETROL,Petrol,2013,370
ES,D,PETROL,Petrol,2014,4681
ES,D,PETROL,Petrol,2015,8873
ES,D,PETROL,Petrol,2016,11712
ES,D,PETROL,Petrol,2017,17238
ES,D,PETROL,Petrol,2018,17827
ES,D,PETROL,Petrol,2019,16200
ES,D,PETROL,Petrol,2020,5359
ES,D,PETROL,Petrol,2021,12162
ES,D,PETROL,Petrol,2022,12873
ES,D,PETROL,Petrol,2023,13492
ES,D,PETROL-ELECTRIC,Other,2015,3
ES,D,PETROL-ELECTRIC,Other,2016,113
ES,D,PETROL/ELECTRIC,Other,2017,167
ES,D,PETROL/ELECTRIC,Other,2018,204
ES,D,PETROL/ELECTRIC,PHEV,2019,211
ES,D,PETROL/ELECTRIC,PHEV,2020,294
ES,D,PETROL/ELECTRIC,PHEV,2021,2013
ES,D,PETROL/ELECTRIC,PHEV,2022,3036
ES,D,PETROL/ELECTRIC,PHEV,2023,4619
ES,E, ,Other,2013,7545
ES,E,DIESEL,Diesel,2011,16920
ES,E,DIESEL,Diesel,2012,11758
ES,E,DIESEL,Diesel,2013,230
ES,E,DIESEL,Diesel,2014,11883
ES,E,DIESEL,Diesel,2015,12868
ES,E,DIESEL,Diesel,2016,16265
ES,E,DIESEL,Diesel,2017,15523
ES,E,DIESEL,Diesel,2018,12173
ES,E,DIESEL,Diesel,2019,6347
ES,E,DIESEL,Diesel,2020,4200
ES,E,DIESEL,Diesel,2021,3451
ES,E,DIESEL,Diesel,2022,2044
ES,E,DIESEL,Diesel,2023,1619
ES,E,DIESEL,HEV,2019,1758
ES,E,DIESEL,HEV,2020,847
ES,E,DIESEL,HEV,2021,35
ES,E,DIESEL,HEV,2022,840
ES,E,DIESEL,HEV,2023,1150
ES,E,DIESEL,Other,2010,19549
ES,E,ELECTRIC,BEV,2021,36
ES,E,ELECTRIC,BEV,2022,573
ES,E,ELECTRIC,BEV,2023,1591
ES,E,HYDROGEN,Other,2019,1
ES,E,HYDROGEN,Other,2020,6
ES,E,HYDROGEN,Other,2021,6
ES,E,HYDROGEN,Other,2022,4
ES,E,HYDROGEN,Other,2023,7
ES,E,LPG,Other,2012,1
ES,E,LPG,Other,2014,2
ES,E,LPG,Other,2021,1
ES,E,PETROL,HEV,2019,1135
ES,E,PETROL,HEV,2020,144
ES,E,PETROL,HEV,2021,685
ES,E,PETROL,HEV,2022,712
ES,E,PETROL,HEV,2023,2079
ES,E,PETROL,Other,2010,1652
ES,E,PETROL,Petrol,2011,1717
ES,E,PETROL,Petrol,2012,670
ES,E,PETROL,Petrol,2013,6
ES,E,PETROL,Petrol,2014,790
ES,E,PETROL,Petrol,2015,955
ES,E,PETROL,Petrol,2016,1795
ES,E,PETROL,Petrol,2017,2131
ES,E,PETROL,Petrol,2018,4060
ES,E,PETROL,Petrol,2019,2951
ES,E,PETROL,Petrol,2020,2703
ES,E,PETROL,Petrol,2021,1061
ES,E,PETROL,Petrol,2022,546
ES,E,PETROL,Petrol,2023,761
ES,E,PETROL-ELECTRIC,Other,2015,6
ES,E,PETROL/ELECTRIC,Other,2017,173
ES,E,PETROL/ELECTRIC,Other,2018,40
ES,E,PETROL/ELECTRIC,Other,2020,1
ES,E,PETROL/ELECTRIC,PHEV,2019,261
ES,E,PETROL/ELECTRIC,PHEV,2020,54
ES,E,PETROL/ELECTRIC,PHEV,2021,206
ES,E,PETROL/ELECTRIC,PHEV,2022,393
ES,E,PETROL/ELECTRIC,PHEV,2023,460
ES,E,UNKNOWN,Other,2021,1
ES,E,UNKNOWN,Other,2022,1
ES,F, ,Other,2013,804
ES,F,DIESEL,Diesel,2011,15336
ES,F,DIESEL,Diesel,2012,14090
ES,F,DIESEL,Diesel,2013,6607
ES,F,DIESEL,Diesel,2014,14122
ES,F,DIESEL,Diesel,2015,14230
ES,F,DIESEL,Diesel,2016,13849
ES,F,DIESEL,Diesel,2017,12519
ES,F,DIESEL,Diesel,2018,12457
ES,F,DIESEL,Diesel,2019,13831
ES,F,DIESEL,Diesel,2020,10017
ES,F,DIESEL,Diesel,2021,8875
ES,F,DIESEL,Diesel,2022,5645
ES,F,DIESEL,Diesel,2023,6131
ES,F,DIESEL,HEV,2019,460
ES,F,DIESEL,HEV,2020,166
ES,F,DIESEL,HEV,2021,71
ES,F,DIESEL,HEV,2022,168
ES,F,DIESEL,HEV,2023,203
ES,F,DIESEL,Other,2010,21028
ES,F,DIESEL,Other,2013,21
ES,F,E85,Other,2012,3
ES,F,ELECTRIC,BEV,2014,27
ES,F,ELECTRIC,BEV,2020,130
ES,F,ELECTRIC,BEV,2021,711
ES,F,ELECTRIC,BEV,2022,837
ES,F,ELECTRIC,BEV,2023,1953
ES,F,ELECTRIC,Other,2020,72
ES,F,LPG,Other,2014,2
ES,F,LPG,Other,2018,146
ES,F,LPG,Other,2019,15
ES,F,LPG,Other,2020,1
ES,F,LPG,Other,2021,3
ES,F,PETROL,HEV,2019,82
ES,F,PETROL,HEV,2020,50
ES,F,PETROL,HEV,2021,21
ES,F,PETROL,HEV,2022,212
ES,F,PETROL,HEV,2023,1153
ES,F,PETROL,Other,2010,13597
ES,F,PETROL,Other,2013,13
ES,F,PETROL,Petrol,2011,4481
ES,F,PETROL,Petrol,2012,3147
ES,F,PETROL,Petrol,2013,626
ES,F,PETROL,Petrol,2014,2779
ES,F,PETROL,Petrol,2015,3655
ES,F,PETROL,Petrol,2016,5166
ES,F,PETROL,Petrol,2017,10727
ES,F,PETROL,Petrol,2018,13094
ES,F,PETROL,Petrol,2019,23755
ES,F,PETROL,Petrol,2020,13724
ES,F,PETROL,Petrol,2021,11942
ES,F,PETROL,Petrol,2022,8364
ES,F,PETROL,Petrol,2023,7066
ES,F,PETROL-ELECTRIC,Other,2015,37
ES,F,PETROL-ELECTRIC,Other,2016,37
ES,F,PETROL/ELECTRIC,Other,2017,13
ES,F,PETROL/ELECTRIC,Other,2018,22
ES,F,PETROL/ELECTRIC,Other,2020,2
ES,F,PETROL/ELECTRIC,PHEV,2019,31
ES,F,PETROL/ELECTRIC,PHEV,2020,65
ES,F,PETROL/ELECTRIC,PHEV,2021,94
ES,F,PETROL/ELECTRIC,PHEV,2022,2755
ES,F,PETROL/ELECTRIC,PHEV,2023,4033
ES,F,UNKNOWN,Other,2020,3
ES,F,UNKNOWN,Other,2021,1
ES,JA,DIESEL,Diesel,2011,646
ES,JA,DIESEL,Diesel,2014,9
ES,JA,DIESEL,Diesel,2015,3548
ES,JA,DIESEL,Diesel,2016,115
ES,JA,DIESEL,Diesel,2017,6219
ES,JA,DIESEL,Diesel,2018,4115
ES,JA,DIESEL,Diesel,2019,8547
ES,JA,DIESEL,Diesel,2020,15011
ES,JA,DIESEL,Diesel,2021,11592
ES,JA,DIESEL,Diesel,2022,7179
ES,JA,DIESEL,Diesel,2023,3113
ES,JA,DIESEL,HEV,2021,1
ES,JA,DIESEL,Other,2010,1798
ES,JA,ELECTRIC,BEV,2017,23
ES,JA,ELECTRIC,BEV,2019,43
ES,JA,ELECTRIC,BEV,2020,11
ES,JA,ELECTRIC,BEV,2021,115
ES,JA,ELECTRIC,BEV,2022,387
ES,JA,ELECTRIC,BEV,2023,1296
ES,JA,LPG,Other,2017,1
ES,JA,LPG,Other,2019,1
ES,JA,LPG,Other,2023,7
ES,JA,NG,Other,2020,35
ES,JA,NG,Other,2021,32
ES,JA,NG,Other,2022,15
ES,JA,PETROL,HEV,2019,1672
ES,JA,PETROL,HEV,2022,4622
ES,JA,PETROL,HEV,2023,4950
ES,JA,PETROL,Other,2010,4
ES,JA,PETROL,Petrol,2011,11
ES,JA,PETROL,Petrol,2015,27
ES,JA,PETROL,Petrol,2016,112
ES,JA,PETROL,Petrol,2017,2295
ES,JA,PETROL,Petrol,2018,4496
ES,JA,PETROL,Petrol,2019,6838
ES,JA,PETROL,Petrol,2020,12414
ES,JA,PETROL,Petrol,2021,17804
ES,JA,PETROL,Petrol,2022,8708
ES,JA,PETROL,Petrol,2023,12147
ES,JB, ,Other,2013,7629
ES,JB,DIESEL,Diesel,2010,4826
ES,JB,DIESEL,Diesel,2011,10842
ES,JB,DIESEL,Diesel,2012,14939
ES,JB,DIESEL,Diesel,2013,9314
ES,JB,DIESEL,Diesel,2014,47178
ES,JB,DIESEL,Diesel,2015,66491
ES,JB,DIESEL,Diesel,2016,72592
ES,JB,DIESEL,Diesel,2017,62337
ES,JB,DIESEL,Diesel,2018,57851
ES,JB,DIESEL,Diesel,2019,41665
ES,JB,DIESEL,Diesel,2020,29514
ES,JB,DIESEL,Diesel,2021,32027
ES,JB,DIESEL,Diesel,2022,24769
ES,JB,DIESEL,Diesel,2023,21934
ES,JB,DIESEL,HEV,2020,1
ES,JB,DIESEL,HEV,2022,4
ES,JB,DIESEL,Other,2010,4377
ES,JB,DIESEL,Other,2013,418
ES,JB,ELECTRIC,BEV,2015,4
ES,JB,ELECTRIC,BEV,2016,3
ES,JB,ELECTRIC,BEV,2017,158
ES,JB,ELECTRIC,BEV,2018,454
ES,JB,ELECTRIC,BEV,2019,1199
ES,JB,ELECTRIC,BEV,2020,2346
ES,JB,ELECTRIC,BEV,2021,2863
ES,JB,ELECTRIC,BEV,2022,3648
ES,JB,ELECTRIC,BEV,2023,3414
ES,JB,ELECTRIC,Other,2011,139
ES,JB,ELECTRIC,Other,2012,73
ES,JB,ELECTRIC,Other,2013,6
ES,JB,LPG,Other,2012,2
ES,JB,LPG,Other,2014,57
ES,JB,LPG,Other,2015,64
ES,JB,LPG,Other,2016,86
ES,JB,LPG,Other,2017,242
ES,JB,LPG,Other,2018,334
ES,JB,LPG,Other,2019,3652
ES,JB,LPG,Other,2020,2419
ES,JB,LPG,Other,2021,3699
ES,JB,LPG,Other,2022,3110
ES,JB,LPG,Other,2023,4046
ES,JB,NG,Other,2019,879
ES,JB,NG,Other,2020,520
ES,JB,NG,Other,2021,473
ES,JB,NG,Other,2022,127
ES,JB,NG,Other,2023,51
ES,JB,NG-BIOMETHANE,Other,2019,2
ES,JB,PETROL,HEV,2019,10524
ES,JB,PETROL,HEV,2020,7782
ES,JB,PETROL,HEV,2021,34794
ES,JB,PETROL,HEV,2022,49659
ES,JB,PETROL,HEV,2023,59811
ES,JB,PETROL,Other,2010,1861
ES,JB,PETROL,Other,2013,14
ES,JB,PETROL,Other,2018,1
ES,JB,PETROL,Petrol,2010,1772
ES,JB,PETROL,Petrol,2011,5762
ES,JB,PETROL,Petrol,2012,6127
ES,JB,PETROL,Petrol,2013,2297
ES,JB,PETROL,Petrol,2014,14553
ES,JB,PETROL,Petrol,2015,27431
ES,JB,PETROL,Petrol,2016,44935
ES,JB,PETROL,Petrol,2017,68266
ES,JB,PETROL,Petrol,2018,125201
ES,JB,PETROL,Petrol,2019,137240
ES,JB,PETROL,Petrol,2020,97301
ES,JB,PETROL,Petrol,2021,94056
ES,JB,PETROL,Petrol,2022,86614
ES,JB,PETROL,Petrol,2023,100254
ES,JB,PETROL/ELECTRIC,Other,2017,140
ES,JB,PETROL/ELECTRIC,Other,2018,295
ES,JB,PETROL/ELECTRIC,PHEV,2019,461
ES,JB,PETROL/ELECTRIC,PHEV,2020,2586
ES,JB,PETROL/ELECTRIC,PHEV,2021,5332
ES,JB,PETROL/ELECTRIC,PHEV,2022,6114
ES,JB,PETROL/ELECTRIC,PHEV,2023,5465
ES,JB,UNKNOWN,Other,2020,1
ES,JB,UNKNOWN,Other,2022,1
ES,JC, ,Other,2013,5319
ES,JC,DIESEL,Diesel,2011,65171
ES,JC,DIESEL,Diesel,2012,57186
ES,JC,DIESEL,Diesel,2013,4820
ES,JC,DIESEL,Diesel,2014,66576
ES,JC,DIESEL,Diesel,2015,91381
ES,JC,DIESEL,Diesel,2016,109178
ES,JC,DIESEL,Diesel,2017,113463
ES,JC,DIESEL,Diesel,2018,109215
ES,JC,DIESEL,Diesel,2019,80044
ES,JC,DIESEL,Diesel,2020,60967
ES,JC,DIESEL,Diesel,2021,42827
ES,JC,DIESEL,Diesel,2022,29690
ES,JC,DIESEL,Diesel,2023,29106
ES,JC,DIESEL,HEV,2019,8582
ES,JC,DIESEL,HEV,2020,3364
ES,JC,DIESEL,HEV,2021,9822
ES,JC,DIESEL,HEV,2022,9904
ES,JC,DIESEL,HEV,2023,10675
ES,JC,DIESEL,Other,2010,75796
ES,JC,DIESEL,Other,2013,409
ES,JC,E85,Other,2012,4
ES,JC,ELECTRIC,BEV,2018,66
ES,JC,ELECTRIC,BEV,2019,514
ES,JC,ELECTRIC,BEV,2020,855
ES,JC,ELECTRIC,BEV,2021,4768
ES,JC,ELECTRIC,BEV,2022,6328
ES,JC,ELECTRIC,BEV,2023,10331
ES,JC,LPG,Other,2014,1
ES,JC,LPG,Other,2016,15
ES,JC,LPG,Other,2017,21
ES,JC,LPG,Other,2018,39
ES,JC,LPG,Other,2019,283
ES,JC,LPG,Other,2021,91
ES,JC,LPG,Other,2022,2
ES,JC,NG,Other,2019,19
ES,JC,NG-BIOMETHANE,Other,2019,3
ES,JC,PETROL,HEV,2019,24708
ES,JC,PETROL,HEV,2020,1288
ES,JC,PETROL,HEV,2021,42387
ES,JC,PETROL,HEV,2022,65432
ES,JC,PETROL,HEV,2023,87210
ES,JC,PETROL,Other,2010,9873
ES,JC,PETROL,Other,2013,1
ES,JC,PETROL,Other,2018,1
ES,JC,PETROL,Other,2020,7
ES,JC,PETROL,PHEV,2020,888
ES,JC,PETROL,Petrol,2010,1
ES,JC,PETROL,Petrol,2011,8495
ES,JC,PETROL,Petrol,2012,6968
ES,JC,PETROL,Petrol,2013,16
ES,JC,PETROL,Petrol,2014,12671
ES,JC,PETROL,Petrol,2015,22740
ES,JC,PETROL,Petrol,2016,39021
ES,JC,PETROL,Petrol,2017,80774
ES,JC,PETROL,Petrol,2018,124555
ES,JC,PETROL,Petrol,2019,120557
ES,JC,PETROL,Petrol,2020,77628
ES,JC,PETROL,Petrol,2021,63601
ES,JC,PETROL,Petrol,2022,55628
ES,JC,PETROL,Petrol,2023,68702
ES,JC,PETROL/ELECTRIC,Other,2017,173
ES,JC,PETROL/ELECTRIC,Other,2018,1083
ES,JC,PETROL/ELECTRIC,Other,2020,1
ES,JC,PETROL/ELECTRIC,PHEV,2019,1030
ES,JC,PETROL/ELECTRIC,PHEV,2020,9372
ES,JC,PETROL/ELECTRIC,PHEV,2021,9023
ES,JC,PETROL/ELECTRIC,PHEV,2022,12118
ES,JC,PETROL/ELECTRIC,PHEV,2023,17936
ES,JC,UNKNOWN,Other,2022,18
ES,JD, ,Other,2013,9616
ES,JD,DIESEL,Diesel,2011,20514
ES,JD,DIESEL,Diesel,2012,18853
ES,JD,DIESEL,Diesel,2013,2754
ES,JD,DIESEL,Diesel,2014,20406
ES,JD,DIESEL,Diesel,2015,21546
ES,JD,DIESEL,Diesel,2016,28532
ES,JD,DIESEL,Diesel,2017,28783
ES,JD,DIESEL,Diesel,2018,26471
ES,JD,DIESEL,Diesel,2019,23644
ES,JD,DIESEL,Diesel,2020,13651
ES,JD,DIESEL,Diesel,2021,6791
ES,JD,DIESEL,Diesel,2022,4965
ES,JD,DIESEL,Diesel,2023,2535
ES,JD,DIESEL,HEV,2019,1170
ES,JD,DIESEL,HEV,2020,2384
ES,JD,DIESEL,HEV,2021,5467
ES,JD,DIESEL,HEV,2022,6785
ES,JD,DIESEL,HEV,2023,11859
ES,JD,DIESEL,Other,2010,16198
ES,JD,DIESEL,Other,2013,398
ES,JD,DIESEL-ELECTRIC,Other,2016,1
ES,JD,DIESEL/ELECTRIC,PHEV,2019,1
ES,JD,DIESEL/ELECTRIC,PHEV,2020,754
ES,JD,DIESEL/ELECTRIC,PHEV,2021,1209
ES,JD,DIESEL/ELECTRIC,PHEV,2022,1204
ES,JD,DIESEL/ELECTRIC,PHEV,2023,1061
ES,JD,E85,Other,2013,1
ES,JD,ELECTRIC,BEV,2021,133
ES,JD,ELECTRIC,BEV,2022,2068
ES,JD,ELECTRIC,BEV,2023,7359
ES,JD,LPG,Other,2014,2
ES,JD,LPG,Other,2017,16
ES,JD,LPG,Other,2018,13
ES,JD,LPG,Other,2019,163
ES,JD,NG,Other,2019,10
ES,JD,NG,Other,2022,1
ES,JD,NG-BIOMETHANE,Other,2019,3
ES,JD,PETROL,HEV,2019,12139
ES,JD,PETROL,HEV,2020,1418
ES,JD,PETROL,HEV,2021,9681
ES,JD,PETROL,HEV,2022,8023
ES,JD,PETROL,HEV,2023,11403
ES,JD,PETROL,Other,2010,916
ES,JD,PETROL,Other,2013,2
ES,JD,PETROL,Other,2018,16
ES,JD,PETROL,Other,2020,5
ES,JD,PETROL,PHEV,2020,60
ES,JD,PETROL,Petrol,2011,825
ES,JD,PETROL,Petrol,2012,925
ES,JD,PETROL,Petrol,2013,24
ES,JD,PETROL,Petrol,2014,2451
ES,JD,PETROL,Petrol,2015,1126
ES,JD,PETROL,Petrol,2016,6975
ES,JD,PETROL,Petrol,2017,11769
ES,JD,PETROL,Petrol,2018,16357
ES,JD,PETROL,Petrol,2019,7444
ES,JD,PETROL,Petrol,2020,15978
ES,JD,PETROL,Petrol,2021,3889
ES,JD,PETROL,Petrol,2022,2060
ES,JD,PETROL,Petrol,2023,2539
ES,JD,PETROL-ELECTRIC,Other,2014,209
ES,JD,PETROL-ELECTRIC,Other,2015,693
ES,JD,PETROL-ELECTRIC,Other,2016,745
ES,JD,PETROL/ELECTRIC,Other,2017,1216
ES,JD,PETROL/ELECTRIC,Other,2018,1500
ES,JD,PETROL/ELECTRIC,PHEV,2019,1844
ES,JD,PETROL/ELECTRIC,PHEV,2020,1877
ES,JD,PETROL/ELECTRIC,PHEV,2021,3370
ES,JD,PETROL/ELECTRIC,PHEV,2022,4121
ES,JD,PETROL/ELECTRIC,PHEV,2023,6651
ES,JD,UNKNOWN,HEV,2021,1
ES,JD,UNKNOWN,Other,2021,1
ES,JD,UNKNOWN,Other,2022,2
ES,JE, ,Other,2013,698
ES,JE,DIESEL,Diesel,2011,3027
ES,JE,DIESEL,Diesel,2012,1510
ES,JE,DIESEL,Diesel,2013,1274
ES,JE,DIESEL,Diesel,2014,2277
ES,JE,DIESEL,Diesel,2015,3280
ES,JE,DIESEL,Diesel,2016,4090
ES,JE,DIESEL,Diesel,2017,4054
ES,JE,DIESEL,Diesel,2018,2550
ES,JE,DIESEL,Diesel,2019,3016
ES,JE,DIESEL,Diesel,2020,3122
ES,JE,DIESEL,Diesel,2021,1598
ES,JE,DIESEL,Diesel,2022,496
ES,JE,DIESEL,Diesel,2023,362
ES,JE,DIESEL,HEV,2019,647
ES,JE,DIESEL,HEV,2020,693
ES,JE,DIESEL,HEV,2021,1202
ES,JE,DIESEL,HEV,2022,2291
ES,JE,DIESEL,HEV,2023,2902
ES,JE,DIESEL,Other,2010,3022
ES,JE,DIESEL,Other,2020,1
ES,JE,DIESEL/ELECTRIC,PHEV,2020,349
ES,JE,DIESEL/ELECTRIC,PHEV,2021,923
ES,JE,DIESEL/ELECTRIC,PHEV,2022,862
ES,JE,DIESEL/ELECTRIC,PHEV,2023,601
ES,JE,ELECTRIC,BEV,2021,82
ES,JE,ELECTRIC,BEV,2022,376
ES,JE,ELECTRIC,BEV,2023,638
ES,JE,GNL,Other,2020,2
ES,JE,LPG,Other,2020,42
ES,JE,LPG,Other,2021,41
ES,JE,LPG,Other,2022,1
ES,JE,NG-BIOMETHANE,Other,2020,2
ES,JE,PETROL,HEV,2019,608
ES,JE,PETROL,HEV,2020,320
ES,JE,PETROL,HEV,2021,1093
ES,JE,PETROL,HEV,2022,1098
ES,JE,PETROL,HEV,2023,874
ES,JE,PETROL,Other,2010,1121
ES,JE,PETROL,Other,2020,2
ES,JE,PETROL,Petrol,2011,963
ES,JE,PETROL,Petrol,2012,597
ES,JE,PETROL,Petrol,2013,33
ES,JE,PETROL,Petrol,2014,497
ES,JE,PETROL,Petrol,2015,589
ES,JE,PETROL,Petrol,2016,1051
ES,JE,PETROL,Petrol,2017,648
ES,JE,PETROL,Petrol,2018,964
ES,JE,PETROL,Petrol,2019,873
ES,JE,PETROL,Petrol,2020,1399
ES,JE,PETROL,Petrol,2021,1083
ES,JE,PETROL,Petrol,2022,402
ES,JE,PETROL,Petrol,2023,321
ES,JE,PETROL-ELECTRIC,Other,2015,38
ES,JE,PETROL-ELECTRIC,Other,2016,260
ES,JE,PETROL/ELECTRIC,Other,2017,190
ES,JE,PETROL/ELECTRIC,Other,2018,32
ES,JE,PETROL/ELECTRIC,Other,2020,1
ES,JE,PETROL/ELECTRIC,PHEV,2019,457
ES,JE,PETROL/ELECTRIC,PHEV,2020,244
ES,JE,PETROL/ELECTRIC,PHEV,2021,791
ES,JE,PETROL/ELECTRIC,PHEV,2022,1541
ES,JE,PETROL/ELECTRIC,PHEV,2023,1970
ES,JE,UNKNOWN,Other,2020,1
ES,JF, ,Other,2013,809
ES,JF,DIESEL,Diesel,2011,1731
ES,JF,DIESEL,Diesel,2012,1600
ES,JF,DIESEL,Diesel,2014,1131
ES,JF,DIESEL,Diesel,2015,1101
ES,JF,DIESEL,Diesel,2016,1715
ES,JF,DIESEL,Diesel,2017,2030
ES,JF,DIESEL,Diesel,2018,7386
ES,JF,DIESEL,Diesel,2019,4649
ES,JF,DIESEL,Diesel,2020,3827
ES,JF,DIESEL,Diesel,2021,3747
ES,JF,DIESEL,Diesel,2022,2963
ES,JF,DIESEL,Diesel,2023,1548
ES,JF,DIESEL,HEV,2019,1449
ES,JF,DIESEL,HEV,2020,2067
ES,JF,DIESEL,HEV,2021,123
ES,JF,DIESEL,HEV,2022,1575
ES,JF,DIESEL,HEV,2023,1374
ES,JF,DIESEL,Other,2010,5016
ES,JF,ELECTRIC,BEV,2019,165
ES,JF,ELECTRIC,BEV,2020,343
ES,JF,ELECTRIC,BEV,2021,175
ES,JF,ELECTRIC,BEV,2022,292
ES,JF,ELECTRIC,BEV,2023,100
ES,JF,PETROL,HEV,2019,339
ES,JF,PETROL,HEV,2020,366
ES,JF,PETROL,HEV,2021,58
ES,JF,PETROL,HEV,2022,116
ES,JF,PETROL,HEV,2023,86
ES,JF,PETROL,Other,2010,43
ES,JF,PETROL,Petrol,2011,1
ES,JF,PETROL,Petrol,2012,1
ES,JF,PETROL,Petrol,2014,8
ES,JF,PETROL,Petrol,2015,1
ES,JF,PETROL,Petrol,2016,56
ES,JF,PETROL,Petrol,2017,113
ES,JF,PETROL,Petrol,2018,456
ES,JF,PETROL,Petrol,2019,469
ES,JF,PETROL,Petrol,2020,305
ES,JF,PETROL,Petrol,2021,462
ES,JF,PETROL,Petrol,2022,129
ES,JF,PETROL,Petrol,2023,178
ES,JF,PETROL/ELECTRIC,Other,2018,132
ES,JF,PETROL/ELECTRIC,PHEV,2019,432
ES,JF,PETROL/ELECTRIC,PHEV,2020,30
ES,JF,PETROL/ELECTRIC,PHEV,2021,419
ES,JF,PETROL/ELECTRIC,PHEV,2022,666
ES,JF,PETROL/ELECTRIC,PHEV,2023,1064
ES,V, ,Other,2013,1109
ES,V,DIESEL,Diesel,2010,2
ES,V,DIESEL,Diesel,2011,5294
ES,V,DIESEL,Diesel,2012,3034
ES,V,DIESEL,Diesel,2013,283
ES,V,DIESEL,Diesel,2014,5702
ES,V,DIESEL,Diesel,2015,7600
ES,V,DIESEL,Diesel,2016,10585
ES,V,DIESEL,Diesel,2017,12209
ES,V,DIESEL,Diesel,2018,16341
ES,V,DIESEL,Diesel,2019,36395
ES,V,DIESEL,Diesel,2020,20876
ES,V,DIESEL,Diesel,2021,28399
ES,V,DIESEL,Diesel,2022,20616
ES,V,DIESEL,Diesel,2023,16388
ES,V,DIESEL,HEV,2019,245
ES,V,DIESEL,HEV,2020,361
ES,V,DIESEL,HEV,2021,1229
ES,V,DIESEL,HEV,2022,1037
ES,V,DIESEL,HEV,2023,1276
ES,V,DIESEL,Other,2010,3629
ES,V,DIESEL,Other,2013,13
ES,V,DIESEL,Other,2018,1
ES,V,E85,Other,2012,1
ES,V,ELECTRIC,BEV,2019,1
ES,V,ELECTRIC,BEV,2020,304
ES,V,ELECTRIC,BEV,2021,327
ES,V,ELECTRIC,BEV,2022,967
ES,V,ELECTRIC,BEV,2023,2256
ES,V,ELECTRIC,Other,2010,1
ES,V,LPG,Other,2012,2
ES,V,LPG,Other,2014,8
ES,V,LPG,Other,2016,23
ES,V,LPG,Other,2017,56
ES,V,LPG,Other,2019,3
ES,V,LPG,Other,2022,3
ES,V,NG,Other,2018,310
ES,V,NG,Other,2019,504
ES,V,NG,Other,2020,354
ES,V,NG,Other,2021,52
ES,V,NG,Other,2023,7
ES,V,NG-BIOMETHANE,Other,2015,3
ES,V,NG-BIOMETHANE,Other,2019,105
ES,V,NG-BIOMETHANE,Other,2020,10
ES,V,PETROL,HEV,2021,14
ES,V,PETROL,HEV,2022,69
ES,V,PETROL,HEV,2023,6
ES,V,PETROL,Other,2010,38
ES,V,PETROL,Other,2018,2
ES,V,PETROL,PHEV,2020,1
ES,V,PETROL,Petrol,2011,129
ES,V,PETROL,Petrol,2012,31
ES,V,PETROL,Petrol,2014,35
ES,V,PETROL,Petrol,2015,156
ES,V,PETROL,Petrol,2016,314
ES,V,PETROL,Petrol,2017,551
ES,V,PETROL,Petrol,2018,1437
ES,V,PETROL,Petrol,2019,4175
ES,V,PETROL,Petrol,2020,1314
ES,V,PETROL,Petrol,2021,2503
ES,V,PETROL,Petrol,2022,3522
ES,V,PETROL,Petrol,2023,2232
ES,V,PETROL/ELECTRIC,PHEV,2020,1
ES,V,PETROL/ELECTRIC,PHEV,2021,37
ES,V,PETROL/ELECTRIC,PHEV,2022,346
ES,V,PETROL/ELECTRIC,PHEV,2023,600
FI,,DIESEL,Diesel,2010,3851
FI,,DIESEL,Diesel,2011,3059
FI,,DIESEL,Diesel,2012,2329
FI,,DIESEL,Diesel,2013,1932
FI,,DIESEL,Diesel,2014,1747
FI,,DIESEL,Diesel,2015,2061
FI,,DIESEL,Diesel,2016,1555
FI,,DIESEL,Diesel,2017,1164
FI,,DIESEL,Diesel,2018,690
FI,,DIESEL,Diesel,2019,278
FI,,DIESEL,Diesel,2020,250
FI,,DIESEL,Diesel,2021,137
FI,,DIESEL,Diesel,2022,62
FI,,DIESEL,Diesel,2023,31
FI,,E85,Other,2010,317
FI,,E85,Other,2011,343
FI,,E85,Other,2012,98
FI,,E85,Other,2013,9
FI,,E85,Other,2016,1
FI,,E85,Other,2017,1
FI,,ELECTRIC,BEV,2014,7
FI,,ELECTRIC,BEV,2015,4
FI,,ELECTRIC,BEV,2016,1
FI,,ELECTRIC,BEV,2020,20
FI,,ELECTRIC,BEV,2021,23
FI,,ELECTRIC,BEV,2022,199
FI,,ELECTRIC,BEV,2023,212
FI,,ELECTRIC,Other,2010,13
FI,,ELECTRIC,Other,2011,20
FI,,ELECTRIC,Other,2012,7
FI,,ELECTRIC,Other,2013,5
FI,,HYDROGEN,Other,2021,1
FI,,NG-BIOMETHANE,Other,2010,1
FI,,PETROL,HEV,2021,84
FI,,PETROL,HEV,2022,57
FI,,PETROL,HEV,2023,99
FI,,PETROL,Petrol,2010,4532
FI,,PETROL,Petrol,2011,3233
FI,,PETROL,Petrol,2012,2572
FI,,PETROL,Petrol,2013,2368
FI,,PETROL,Petrol,2014,1924
FI,,PETROL,Petrol,2015,1841
FI,,PETROL,Petrol,2016,1647
FI,,PETROL,Petrol,2017,777
FI,,PETROL,Petrol,2018,421
FI,,PETROL,Petrol,2019,128
FI,,PETROL,Petrol,2020,80
FI,,PETROL,Petrol,2021,14
FI,,PETROL,Petrol,2022,16
FI,,PETROL,Petrol,2023,3
FI,,PETROL-ELECTRIC,Other,2012,50
FI,,PETROL-ELECTRIC,Other,2013,20
FI,,PETROL-ELECTRIC,Other,2014,16
FI,,PETROL-ELECTRIC,Other,2015,1
FI,,PETROL-ELECTRIC,Other,2016,10
FI,,PETROL/ELECTRIC,Other,2017,32
FI,,PETROL/ELECTRIC,Other,2018,20
FI,,PETROL/ELECTRIC,PHEV,2019,37
FI,,PETROL/ELECTRIC,PHEV,2020,25
FI,,PETROL/ELECTRIC,PHEV,2021,337
FI,,PETROL/ELECTRIC,PHEV,2022,253
FI,,PETROL/ELECTRIC,PHEV,2023,344
FI,A,DIESEL,Diesel,2010,220
FI,A,DIESEL,Diesel,2011,95
FI,A,DIESEL,Diesel,2012,57
FI,A,DIESEL,Diesel,2013,39
FI,A,DIESEL,Diesel,2014,36
FI,A,DIESEL,Diesel,2015,27
FI,A,DIESEL,Diesel,2016,28
FI,A,DIESEL,Diesel,2017,11
FI,A,DIESEL,Diesel,2018,23
FI,A,DIESEL,Diesel,2019,6
FI,A,DIESEL,Diesel,2020,2
FI,A,E85,Other,2021,3
FI,A,E85,Other,2022,15
FI,A,ELECTRIC,BEV,2014,4
FI,A,ELECTRIC,BEV,2015,5
FI,A,ELECTRIC,BEV,2016,5
FI,A,ELECTRIC,BEV,2017,69
FI,A,ELECTRIC,BEV,2018,59
FI,A,ELECTRIC,BEV,2019,34
FI,A,ELECTRIC,BEV,2020,900
FI,A,ELECTRIC,BEV,2021,796
FI,A,ELECTRIC,BEV,2022,522
FI,A,ELECTRIC,BEV,2023,325
FI,A,NG,Other,2018,67
FI,A,NG,Other,2019,49
FI,A,NG,Other,2020,5
FI,A,NG-BIOMETHANE,Other,2013,7
FI,A,NG-BIOMETHANE,Other,2014,20
FI,A,NG-BIOMETHANE,Other,2015,9
FI,A,NG-BIOMETHANE,Other,2016,8
FI,A,NG-BIOMETHANE,Other,2017,24
FI,A,PETROL,HEV,2020,132
FI,A,PETROL,HEV,2021,428
FI,A,PETROL,HEV,2022,579
FI,A,PETROL,HEV,2023,304
FI,A,PETROL,Petrol,2010,3301
FI,A,PETROL,Petrol,2011,3790
FI,A,PETROL,Petrol,2012,4002
FI,A,PETROL,Petrol,2013,4053
FI,A,PETROL,Petrol,2014,3561
FI,A,PETROL,Petrol,2015,4240
FI,A,PETROL,Petrol,2016,4312
FI,A,PETROL,Petrol,2017,3708
FI,A,PETROL,Petrol,2018,4521
FI,A,PETROL,Petrol,2019,3434
FI,A,PETROL,Petrol,2020,2079
FI,A,PETROL,Petrol,2021,1536
FI,A,PETROL,Petrol,2022,805
FI,A,PETROL,Petrol,2023,787
FI,A,PETROL-ELECTRIC,Other,2012,3
FI,A,PETROL-ELECTRIC,Other,2013,1
FI,A,PETROL-ELECTRIC,Other,2014,2
FI,A,PETROL-ELECTRIC,Other,2015,12
FI,A,PETROL-ELECTRIC,Other,2016,11
FI,A,PETROL/ELECTRIC,Other,2017,1
FI,A,PETROL/ELECTRIC,PHEV,2020,10
FI,A,PETROL/ELECTRIC,PHEV,2021,53
FI,A,PETROL/ELECTRIC,PHEV,2022,1
FI,A,PETROL/ELECTRIC,PHEV,2023,66
FI,B,DIESEL,Diesel,2010,4031
FI,B,DIESEL,Diesel,2011,4359
FI,B,DIESEL,Diesel,2012,3932
FI,B,DIESEL,Diesel,2013,4054
FI,B,DIESEL,Diesel,2014,3852
FI,B,DIESEL,Diesel,2015,3459
FI,B,DIESEL,Diesel,2016,2792
FI,B,DIESEL,Diesel,2017,2108
FI,B,DIESEL,Diesel,2018,1608
FI,B,DIESEL,Diesel,2019,537
FI,B,DIESEL,Diesel,2020,175
FI,B,DIESEL,Diesel,2021,54
FI,B,DIESEL,Diesel,2022,28
FI,B,DIESEL,Diesel,2023,3
FI,B,DIESEL,HEV,2020,181
FI,B,DIESEL,HEV,2021,241
FI,B,DIESEL,HEV,2022,169
FI,B,DIESEL,HEV,2023,64
FI,B,E85,Other,2011,71
FI,B,E85,Other,2012,55
FI,B,E85,Other,2013,4
FI,B,ELECTRIC,BEV,2014,2
FI,B,ELECTRIC,BEV,2015,7
FI,B,ELECTRIC,BEV,2016,3
FI,B,ELECTRIC,BEV,2017,16
FI,B,ELECTRIC,BEV,2018,16
FI,B,ELECTRIC,BEV,2019,11
FI,B,ELECTRIC,BEV,2020,159
FI,B,ELECTRIC,BEV,2021,491
FI,B,ELECTRIC,BEV,2022,388
FI,B,ELECTRIC,BEV,2023,555
FI,B,NG,Other,2018,105
FI,B,NG,Other,2019,162
FI,B,NG,Other,2020,125
FI,B,NG,Other,2021,89
FI,B,NG,Other,2022,29
FI,B,NG,Other,2023,10
FI,B,NG-BIOMETHANE,Other,2010,1
FI,B,PETROL,HEV,2019,1671
FI,B,PETROL,HEV,2020,2224
FI,B,PETROL,HEV,2021,3667
FI,B,PETROL,HEV,2022,3286
FI,B,PETROL,HEV,2023,2690
FI,B,PETROL,Petrol,2010,11841
FI,B,PETROL,Petrol,2011,14153
FI,B,PETROL,Petrol,2012,14710
FI,B,PETROL,Petrol,2013,12889
FI,B,PETROL,Petrol,2014,13122
FI,B,PETROL,Petrol,2015,17932
FI,B,PETROL,Petrol,2016,17848
FI,B,PETROL,Petrol,2017,17487
FI,B,PETROL,Petrol,2018,19031
FI,B,PETROL,Petrol,2019,15537
FI,B,PETROL,Petrol,2020,10759
FI,B,PETROL,Petrol,2021,8761
FI,B,PETROL,Petrol,2022,5399
FI,B,PETROL,Petrol,2023,3269
FI,B,PETROL-ELECTRIC,Other,2016,70
FI,B,PETROL/ELECTRIC,Other,2017,113
FI,B,PETROL/ELECTRIC,Other,2018,161
FI,B,PETROL/ELECTRIC,PHEV,2019,364
FI,B,PETROL/ELECTRIC,PHEV,2020,132
FI,B,PETROL/ELECTRIC,PHEV,2021,7
FI,B,PETROL/ELECTRIC,PHEV,2022,135
FI,B,PETROL/ELECTRIC,PHEV,2023,456
FI,B,UNKNOWN,Other,2019,3
FI,C,CNG,Other,2020,44
FI,C,DIESEL,Diesel,2010,15563
FI,C,DIESEL,Diesel,2011,13941
FI,C,DIESEL,Diesel,2012,9302
FI,C,DIESEL,Diesel,2013,8292
FI,C,DIESEL,Diesel,2014,9326
FI,C,DIESEL,Diesel,2015,8165
FI,C,DIESEL,Diesel,2016,7459
FI,C,DIESEL,Diesel,2017,5885
FI,C,DIESEL,Diesel,2018,4389
FI,C,DIESEL,Diesel,2019,3632
FI,C,DIESEL,Diesel,2020,2040
FI,C,DIESEL,Diesel,2021,912
FI,C,DIESEL,Diesel,2022,717
FI,C,DIESEL,Diesel,2023,433
FI,C,DIESEL,HEV,2020,91
FI,C,DIESEL,HEV,2021,297
FI,C,DIESEL,HEV,2022,146
FI,C,DIESEL,HEV,2023,108
FI,C,DIESEL/ELECTRIC,PHEV,2019,152
FI,C,DIESEL/ELECTRIC,PHEV,2020,195
FI,C,DIESEL/ELECTRIC,PHEV,2021,140
FI,C,DIESEL/ELECTRIC,PHEV,2022,108
FI,C,DIESEL/ELECTRIC,PHEV,2023,123
FI,C,E85,HEV,2021,6
FI,C,E85,HEV,2022,7
FI,C,E85,HEV,2023,12
FI,C,E85,Other,2010,10
FI,C,E85,Other,2011,192
FI,C,E85,Other,2012,571
FI,C,E85,Other,2013,109
FI,C,E85,Other,2014,255
FI,C,E85,Other,2015,80
FI,C,E85,Other,2016,11
FI,C,ELECTRIC,BEV,2014,76
FI,C,ELECTRIC,BEV,2015,79
FI,C,ELECTRIC,BEV,2016,93
FI,C,ELECTRIC,BEV,2017,114
FI,C,ELECTRIC,BEV,2018,410
FI,C,ELECTRIC,BEV,2019,354
FI,C,ELECTRIC,BEV,2020,1086
FI,C,ELECTRIC,BEV,2021,2111
FI,C,ELECTRIC,BEV,2022,3511
FI,C,ELECTRIC,BEV,2023,6125
FI,C,ELECTRIC,Other,2012,43
FI,C,ELECTRIC,Other,2013,43
FI,C,NG,Other,2018,872
FI,C,NG,Other,2019,1744
FI,C,NG,Other,2020,1452
FI,C,NG,Other,2021,639
FI,C,NG,Other,2022,481
FI,C,NG,Other,2023,393
FI,C,NG-BIOMETHANE,Other,2010,1
FI,C,NG-BIOMETHANE,Other,2011,2
FI,C,NG-BIOMETHANE,Other,2012,2
FI,C,NG-BIOMETHANE,Other,2013,3
FI,C,NG-BIOMETHANE,Other,2014,74
FI,C,NG-BIOMETHANE,Other,2015,142
FI,C,NG-BIOMETHANE,Other,2016,133
FI,C,NG-BIOMETHANE,Other,2017,358
FI,C,NG-BIOMETHANE,Other,2019,3
FI,C,PETROL,HEV,2019,6036
FI,C,PETROL,HEV,2020,7083
FI,C,PETROL,HEV,2021,10510
FI,C,PETROL,HEV,2022,8258
FI,C,PETROL,HEV,2023,8717
FI,C,PETROL,Petrol,2010,28825
FI,C,PETROL,Petrol,2011,29206
FI,C,PETROL,Petrol,2012,24184
FI,C,PETROL,Petrol,2013,25443
FI,C,PETROL,Petrol,2014,27625
FI,C,PETROL,Petrol,2015,25997
FI,C,PETROL,Petrol,2016,29783
FI,C,PETROL,Petrol,2017,27194
FI,C,PETROL,Petrol,2018,26883
FI,C,PETROL,Petrol,2019,21999
FI,C,PETROL,Petrol,2020,12899
FI,C,PETROL,Petrol,2021,6908
FI,C,PETROL,Petrol,2022,4674
FI,C,PETROL,Petrol,2023,2650
FI,C,PETROL-ELECTRIC,Other,2012,73
FI,C,PETROL-ELECTRIC,Other,2013,45
FI,C,PETROL-ELECTRIC,Other,2014,23
FI,C,PETROL-ELECTRIC,Other,2015,177
FI,C,PETROL-ELECTRIC,Other,2016,259
FI,C,PETROL/ELECTRIC,Other,2017,585
FI,C,PETROL/ELECTRIC,Other,2018,761
FI,C,PETROL/ELECTRIC,PHEV,2019,923
FI,C,PETROL/ELECTRIC,PHEV,2020,3724
FI,C,PETROL/ELECTRIC,PHEV,2021,6303
FI,C,PETROL/ELECTRIC,PHEV,2022,5282
FI,C,PETROL/ELECTRIC,PHEV,2023,5026
FI,D,CNG,Other,2020,47
FI,D,DIESEL,Diesel,2010,9676
FI,D,DIESEL,Diesel,2011,13424
FI,D,DIESEL,Diesel,2012,10563
FI,D,DIESEL,Diesel,2013,9372
FI,D,DIESEL,Diesel,2014,9979
FI,D,DIESEL,Diesel,2015,8948
FI,D,DIESEL,Diesel,2016,9452
FI,D,DIESEL,Diesel,2017,8432
FI,D,DIESEL,Diesel,2018,5917
FI,D,DIESEL,Diesel,2019,4226
FI,D,DIESEL,Diesel,2020,2852
FI,D,DIESEL,Diesel,2021,842
FI,D,DIESEL,Diesel,2022,511
FI,D,DIESEL,Diesel,2023,304
FI,D,DIESEL,HEV,2019,18
FI,D,DIESEL,HEV,2020,137
FI,D,DIESEL,HEV,2021,538
FI,D,DIESEL,HEV,2022,403
FI,D,DIESEL,HEV,2023,196
FI,D,DIESEL-ELECTRIC,Other,2012,2
FI,D,DIESEL-ELECTRIC,Other,2013,66
FI,D,DIESEL-ELECTRIC,Other,2014,49
FI,D,DIESEL-ELECTRIC,Other,2015,15
FI,D,DIESEL-ELECTRIC,Other,2016,23
FI,D,DIESEL/ELECTRIC,Other,2017,5
FI,D,DIESEL/ELECTRIC,Other,2018,6
FI,D,E85,Other,2010,5
FI,D,E85,Other,2011,155
FI,D,E85,Other,2012,442
FI,D,E85,Other,2013,236
FI,D,E85,Other,2014,83
FI,D,E85,Other,2015,24
FI,D,E85,Other,2016,2
FI,D,ELECTRIC,BEV,2019,707
FI,D,ELECTRIC,BEV,2020,879
FI,D,ELECTRIC,BEV,2021,1219
FI,D,ELECTRIC,BEV,2022,488
FI,D,ELECTRIC,BEV,2023,1256
FI,D,NG,Other,2018,70
FI,D,NG,Other,2019,37
FI,D,NG,Other,2021,28
FI,D,NG,Other,2022,13
FI,D,NG,Other,2023,7
FI,D,NG-BIOMETHANE,Other,2010,27
FI,D,NG-BIOMETHANE,Other,2011,25
FI,D,NG-BIOMETHANE,Other,2012,41
FI,D,NG-BIOMETHANE,Other,2013,58
FI,D,NG-BIOMETHANE,Other,2014,14
FI,D,NG-BIOMETHANE,Other,2015,1
FI,D,NG-BIOMETHANE,Other,2017,19
FI,D,NG-BIOMETHANE,Other,2019,1
FI,D,PETROL,HEV,2019,1306
FI,D,PETROL,HEV,2020,1528
FI,D,PETROL,HEV,2021,2368
FI,D,PETROL,HEV,2022,1525
FI,D,PETROL,HEV,2023,773
FI,D,PETROL,Petrol,2010,7267
FI,D,PETROL,Petrol,2011,9601
FI,D,PETROL,Petrol,2012,7914
FI,D,PETROL,Petrol,2013,6272
FI,D,PETROL,Petrol,2014,5210
FI,D,PETROL,Petrol,2015,5752
FI,D,PETROL,Petrol,2016,6957
FI,D,PETROL,Petrol,2017,7253
FI,D,PETROL,Petrol,2018,6776
FI,D,PETROL,Petrol,2019,2986
FI,D,PETROL,Petrol,2020,2034
FI,D,PETROL,Petrol,2021,1015
FI,D,PETROL,Petrol,2022,852
FI,D,PETROL,Petrol,2023,490
FI,D,PETROL-ELECTRIC,Other,2015,1
FI,D,PETROL-ELECTRIC,Other,2016,173
FI,D,PETROL/ELECTRIC,Other,2017,393
FI,D,PETROL/ELECTRIC,Other,2018,333
FI,D,PETROL/ELECTRIC,PHEV,2019,1162
FI,D,PETROL/ELECTRIC,PHEV,2020,2495
FI,D,PETROL/ELECTRIC,PHEV,2021,1967
FI,D,PETROL/ELECTRIC,PHEV,2022,1674
FI,D,PETROL/ELECTRIC,PHEV,2023,2133
FI,E,DIESEL,Diesel,2010,2005
FI,E,DIESEL,Diesel,2011,3167
FI,E,DIESEL,Diesel,2012,2687
FI,E,DIESEL,Diesel,2013,2346
FI,E,DIESEL,Diesel,2014,2537
FI,E,DIESEL,Diesel,2015,2332
FI,E,DIESEL,Diesel,2016,3118
FI,E,DIESEL,Diesel,2017,3570
FI,E,DIESEL,Diesel,2018,2725
FI,E,DIESEL,Diesel,2019,1520
FI,E,DIESEL,Diesel,2020,948
FI,E,DIESEL,Diesel,2021,636
FI,E,DIESEL,Diesel,2022,143
FI,E,DIESEL,Diesel,2023,34
FI,E,DIESEL,HEV,2019,561
FI,E,DIESEL,HEV,2020,310
FI,E,DIESEL,HEV,2021,252
FI,E,DIESEL,HEV,2022,369
FI,E,DIESEL,HEV,2023,261
FI,E,ELECTRIC,BEV,2021,20
FI,E,ELECTRIC,BEV,2022,1518
FI,E,ELECTRIC,BEV,2023,2476
FI,E,ELECTRIC,Other,2010,1
FI,E,NG-BIOMETHANE,Other,2010,4
FI,E,NG-BIOMETHANE,Other,2011,2
FI,E,NG-BIOMETHANE,Other,2012,15
FI,E,NG-BIOMETHANE,Other,2013,10
FI,E,NG-BIOMETHANE,Other,2014,11
FI,E,PETROL,HEV,2019,620
FI,E,PETROL,HEV,2020,642
FI,E,PETROL,HEV,2021,477
FI,E,PETROL,HEV,2022,293
FI,E,PETROL,HEV,2023,242
FI,E,PETROL,Petrol,2010,530
FI,E,PETROL,Petrol,2011,1077
FI,E,PETROL,Petrol,2012,1132
FI,E,PETROL,Petrol,2013,754
FI,E,PETROL,Petrol,2014,437
FI,E,PETROL,Petrol,2015,468
FI,E,PETROL,Petrol,2016,606
FI,E,PETROL,Petrol,2017,608
FI,E,PETROL,Petrol,2018,626
FI,E,PETROL,Petrol,2019,333
FI,E,PETROL,Petrol,2020,185
FI,E,PETROL,Petrol,2021,117
FI,E,PETROL,Petrol,2022,44
FI,E,PETROL,Petrol,2023,33
FI,E,PETROL-ELECTRIC,Other,2013,1
FI,E,PETROL-ELECTRIC,Other,2014,11
FI,E,PETROL-ELECTRIC,Other,2015,9
FI,E,PETROL/ELECTRIC,Other,2017,93
FI,E,PETROL/ELECTRIC,Other,2018,226
FI,E,PETROL/ELECTRIC,PHEV,2019,164
FI,E,PETROL/ELECTRIC,PHEV,2020,230
FI,E,PETROL/ELECTRIC,PHEV,2021,505
FI,E,PETROL/ELECTRIC,PHEV,2022,309
FI,E,PETROL/ELECTRIC,PHEV,2023,297
FI,F,DIESEL,Diesel,2010,512
FI,F,DIESEL,Diesel,2011,832
FI,F,DIESEL,Diesel,2012,1244
FI,F,DIESEL,Diesel,2013,963
FI,F,DIESEL,Diesel,2014,722
FI,F,DIESEL,Diesel,2015,683
FI,F,DIESEL,Diesel,2016,452
FI,F,DIESEL,Diesel,2017,451
FI,F,DIESEL,Diesel,2018,321
FI,F,DIESEL,Diesel,2019,338
FI,F,DIESEL,Diesel,2020,168
FI,F,DIESEL,Diesel,2021,60
FI,F,DIESEL,Diesel,2022,22
FI,F,DIESEL,Diesel,2023,3
FI,F,DIESEL,HEV,2019,19
FI,F,DIESEL,HEV,2020,3
FI,F,DIESEL,HEV,2021,2
FI,F,ELECTRIC,BEV,2014,89
FI,F,ELECTRIC,BEV,2015,144
FI,F,ELECTRIC,BEV,2016,85
FI,F,ELECTRIC,BEV,2017,150
FI,F,ELECTRIC,BEV,2018,118
FI,F,ELECTRIC,BEV,2019,139
FI,F,ELECTRIC,BEV,2020,223
FI,F,ELECTRIC,BEV,2021,507
FI,F,ELECTRIC,BEV,2022,622
FI,F,ELECTRIC,BEV,2023,468
FI,F,ELECTRIC,Other,2013,2
FI,F,NG-BIOMETHANE,Other,2010,8
FI,F,PETROL,HEV,2019,2
FI,F,PETROL,HEV,2021,36
FI,F,PETROL,HEV,2022,210
FI,F,PETROL,HEV,2023,148
FI,F,PETROL,Petrol,2010,1674
FI,F,PETROL,Petrol,2011,1864
FI,F,PETROL,Petrol,2012,1663
FI,F,PETROL,Petrol,2013,1874
FI,F,PETROL,Petrol,2014,1961
FI,F,PETROL,Petrol,2015,1448
FI,F,PETROL,Petrol,2016,1492
FI,F,PETROL,Petrol,2017,1588
FI,F,PETROL,Petrol,2018,1522
FI,F,PETROL,Petrol,2019,1629
FI,F,PETROL,Petrol,2020,1205
FI,F,PETROL,Petrol,2021,1142
FI,F,PETROL,Petrol,2022,783
FI,F,PETROL,Petrol,2023,257
FI,F,PETROL-ELECTRIC,Other,2014,1
FI,F,PETROL-ELECTRIC,Other,2015,3
FI,F,PETROL-ELECTRIC,Other,2016,6
FI,F,PETROL/ELECTRIC,Other,2017,8
FI,F,PETROL/ELECTRIC,Other,2018,10
FI,F,PETROL/ELECTRIC,PHEV,2019,3
FI,F,PETROL/ELECTRIC,PHEV,2020,66
FI,F,PETROL/ELECTRIC,PHEV,2021,52
FI,F,PETROL/ELECTRIC,PHEV,2022,26
FI,F,PETROL/ELECTRIC,PHEV,2023,48
FI,JA,DIESEL,Diesel,2010,144
FI,JA,DIESEL,Diesel,2011,82
FI,JA,DIESEL,Diesel,2012,158
FI,JA,DIESEL,Diesel,2013,379
FI,JA,DIESEL,Diesel,2014,214
FI,JA,DIESEL,Diesel,2015,183
FI,JA,DIESEL,Diesel,2016,189
FI,JA,DIESEL,Diesel,2017,301
FI,JA,DIESEL,Diesel,2018,149
FI,JA,DIESEL,Diesel,2019,145
FI,JA,DIESEL,Diesel,2020,93
FI,JA,DIESEL,Diesel,2021,33
FI,JA,DIESEL,Diesel,2022,15
FI,JA,ELECTRIC,BEV,2021,1
FI,JA,ELECTRIC,BEV,2022,15
FI,JA,ELECTRIC,BEV,2023,31
FI,JA,NG,Other,2020,82
FI,JA,NG,Other,2021,117
FI,JA,NG,Other,2022,50
FI,JA,NG,Other,2023,27
FI,JA,PETROL,HEV,2019,105
FI,JA,PETROL,HEV,2020,416
FI,JA,PETROL,HEV,2021,413
FI,JA,PETROL,HEV,2022,193
FI,JA,PETROL,HEV,2023,261
FI,JA,PETROL,Petrol,2010,81
FI,JA,PETROL,Petrol,2011,86
FI,JA,PETROL,Petrol,2012,37
FI,JA,PETROL,Petrol,2013,18
FI,JA,PETROL,Petrol,2014,17
FI,JA,PETROL,Petrol,2015,1
FI,JA,PETROL,Petrol,2016,36
FI,JA,PETROL,Petrol,2017,437
FI,JA,PETROL,Petrol,2018,488
FI,JA,PETROL,Petrol,2019,448
FI,JA,PETROL,Petrol,2020,1298
FI,JA,PETROL,Petrol,2021,1149
FI,JA,PETROL,Petrol,2022,767
FI,JA,PETROL,Petrol,2023,839
FI,JB,DIESEL,Diesel,2010,820
FI,JB,DIESEL,Diesel,2011,1312
FI,JB,DIESEL,Diesel,2012,1198
FI,JB,DIESEL,Diesel,2013,1582
FI,JB,DIESEL,Diesel,2014,2125
FI,JB,DIESEL,Diesel,2015,2121
FI,JB,DIESEL,Diesel,2016,2320
FI,JB,DIESEL,Diesel,2017,1673
FI,JB,DIESEL,Diesel,2018,1369
FI,JB,DIESEL,Diesel,2019,826
FI,JB,DIESEL,Diesel,2020,418
FI,JB,DIESEL,Diesel,2021,433
FI,JB,DIESEL,Diesel,2022,301
FI,JB,DIESEL,Diesel,2023,193
FI,JB,DIESEL,HEV,2022,13
FI,JB,E85,HEV,2023,5
FI,JB,E85,Other,2011,25
FI,JB,E85,Other,2012,97
FI,JB,E85,Other,2013,35
FI,JB,E85,Other,2021,3
FI,JB,E85,Other,2022,2
FI,JB,ELECTRIC,BEV,2017,55
FI,JB,ELECTRIC,BEV,2018,105
FI,JB,ELECTRIC,BEV,2019,299
FI,JB,ELECTRIC,BEV,2020,531
FI,JB,ELECTRIC,BEV,2021,1060
FI,JB,ELECTRIC,BEV,2022,1095
FI,JB,ELECTRIC,BEV,2023,3060
FI,JB,ELECTRIC,Other,2011,8
FI,JB,ELECTRIC,Other,2012,1
FI,JB,NG,Other,2019,107
FI,JB,NG,Other,2020,49
FI,JB,NG,Other,2021,35
FI,JB,NG,Other,2022,22
FI,JB,NG,Other,2023,7
FI,JB,PETROL,HEV,2019,507
FI,JB,PETROL,HEV,2020,1436
FI,JB,PETROL,HEV,2021,1932
FI,JB,PETROL,HEV,2022,3306
FI,JB,PETROL,HEV,2023,3456
FI,JB,PETROL,Petrol,2010,846
FI,JB,PETROL,Petrol,2011,1794
FI,JB,PETROL,Petrol,2012,1701
FI,JB,PETROL,Petrol,2013,2592
FI,JB,PETROL,Petrol,2014,2741
FI,JB,PETROL,Petrol,2015,3540
FI,JB,PETROL,Petrol,2016,4907
FI,JB,PETROL,Petrol,2017,5448
FI,JB,PETROL,Petrol,2018,7666
FI,JB,PETROL,Petrol,2019,8163
FI,JB,PETROL,Petrol,2020,7402
FI,JB,PETROL,Petrol,2021,5691
FI,JB,PETROL,Petrol,2022,3485
FI,JB,PETROL,Petrol,2023,2922
FI,JB,PETROL/ELECTRIC,Other,2017,7
FI,JB,PETROL/ELECTRIC,Other,2018,286
FI,JB,PETROL/ELECTRIC,PHEV,2019,206
FI,JB,PETROL/ELECTRIC,PHEV,2020,267
FI,JB,PETROL/ELECTRIC,PHEV,2021,901
FI,JB,PETROL/ELECTRIC,PHEV,2022,606
FI,JB,PETROL/ELECTRIC,PHEV,2023,334
FI,JC,DIESEL,Diesel,2010,4481
FI,JC,DIESEL,Diesel,2011,5788
FI,JC,DIESEL,Diesel,2012,5010
FI,JC,DIESEL,Diesel,2013,4229
FI,JC,DIESEL,Diesel,2014,5296
FI,JC,DIESEL,Diesel,2015,4987
FI,JC,DIESEL,Diesel,2016,5505
FI,JC,DIESEL,Diesel,2017,6248
FI,JC,DIESEL,Diesel,2018,5742
FI,JC,DIESEL,Diesel,2019,3639
FI,JC,DIESEL,Diesel,2020,1600
FI,JC,DIESEL,Diesel,2021,1342
FI,JC,DIESEL,Diesel,2022,964
FI,JC,DIESEL,Diesel,2023,538
FI,JC,DIESEL,HEV,2019,250
FI,JC,DIESEL,HEV,2020,475
FI,JC,DIESEL,HEV,2021,564
FI,JC,DIESEL,HEV,2022,301
FI,JC,DIESEL,HEV,2023,155
FI,JC,E85,HEV,2022,2
FI,JC,ELECTRIC,BEV,2018,12
FI,JC,ELECTRIC,BEV,2019,97
FI,JC,ELECTRIC,BEV,2020,225
FI,JC,ELECTRIC,BEV,2021,3025
FI,JC,ELECTRIC,BEV,2022,4241
FI,JC,ELECTRIC,BEV,2023,8869
FI,JC,NG-BIOMETHANE,Other,2011,1
FI,JC,PETROL,HEV,2019,2678
FI,JC,PETROL,HEV,2020,1868
FI,JC,PETROL,HEV,2021,3581
FI,JC,PETROL,HEV,2022,5081
FI,JC,PETROL,HEV,2023,3852
FI,JC,PETROL,Petrol,2010,4476
FI,JC,PETROL,Petrol,2011,5553
FI,JC,PETROL,Petrol,2012,6999
FI,JC,PETROL,Petrol,2013,6266
FI,JC,PETROL,Petrol,2014,5732
FI,JC,PETROL,Petrol,2015,6166
FI,JC,PETROL,Petrol,2016,7855
FI,JC,PETROL,Petrol,2017,11349
FI,JC,PETROL,Petrol,2018,13322
FI,JC,PETROL,Petrol,2019,10119
FI,JC,PETROL,Petrol,2020,6578
FI,JC,PETROL,Petrol,2021,4395
FI,JC,PETROL,Petrol,2022,1756
FI,JC,PETROL,Petrol,2023,1242
FI,JC,PETROL/ELECTRIC,Other,2017,245
FI,JC,PETROL/ELECTRIC,Other,2018,1497
FI,JC,PETROL/ELECTRIC,PHEV,2019,1513
FI,JC,PETROL/ELECTRIC,PHEV,2020,3216
FI,JC,PETROL/ELECTRIC,PHEV,2021,4557
FI,JC,PETROL/ELECTRIC,PHEV,2022,3592
FI,JC,PETROL/ELECTRIC,PHEV,2023,5384
FI,JD,DIESEL,Diesel,2010,1261
FI,JD,DIESEL,Diesel,2011,2140
FI,JD,DIESEL,Diesel,2012,1906
FI,JD,DIESEL,Diesel,2013,1562
FI,JD,DIESEL,Diesel,2014,1922
FI,JD,DIESEL,Diesel,2015,2512
FI,JD,DIESEL,Diesel,2016,2430
FI,JD,DIESEL,Diesel,2017,2081
FI,JD,DIESEL,Diesel,2018,1731
FI,JD,DIESEL,Diesel,2019,1192
FI,JD,DIESEL,Diesel,2020,602
FI,JD,DIESEL,Diesel,2021,135
FI,JD,DIESEL,Diesel,2022,49
FI,JD,DIESEL,Diesel,2023,19
FI,JD,DIESEL,HEV,2019,23
FI,JD,DIESEL,HEV,2020,133
FI,JD,DIESEL,HEV,2021,276
FI,JD,DIESEL,HEV,2022,200
FI,JD,DIESEL,HEV,2023,132
FI,JD,DIESEL-ELECTRIC,Other,2016,69
FI,JD,DIESEL/ELECTRIC,Other,2017,143
FI,JD,DIESEL/ELECTRIC,Other,2018,124
FI,JD,DIESEL/ELECTRIC,PHEV,2020,56
FI,JD,DIESEL/ELECTRIC,PHEV,2021,204
FI,JD,DIESEL/ELECTRIC,PHEV,2022,104
FI,JD,DIESEL/ELECTRIC,PHEV,2023,40
FI,JD,ELECTRIC,BEV,2021,535
FI,JD,ELECTRIC,BEV,2022,1207
FI,JD,ELECTRIC,BEV,2023,5022
FI,JD,HYDROGEN,Other,2013,1
FI,JD,NG-BIOMETHANE,Other,2010,1
FI,JD,PETROL,HEV,2019,1462
FI,JD,PETROL,HEV,2020,1299
FI,JD,PETROL,HEV,2021,1475
FI,JD,PETROL,HEV,2022,1278
FI,JD,PETROL,HEV,2023,889
FI,JD,PETROL,Other,2018,2
FI,JD,PETROL,Petrol,2010,529
FI,JD,PETROL,Petrol,2011,586
FI,JD,PETROL,Petrol,2012,619
FI,JD,PETROL,Petrol,2013,684
FI,JD,PETROL,Petrol,2014,527
FI,JD,PETROL,Petrol,2015,674
FI,JD,PETROL,Petrol,2016,1227
FI,JD,PETROL,Petrol,2017,1683
FI,JD,PETROL,Petrol,2018,1874
FI,JD,PETROL,Petrol,2019,1130
FI,JD,PETROL,Petrol,2020,941
FI,JD,PETROL,Petrol,2021,654
FI,JD,PETROL,Petrol,2022,422
FI,JD,PETROL,Petrol,2023,274
FI,JD,PETROL-ELECTRIC,Other,2013,35
FI,JD,PETROL-ELECTRIC,Other,2014,143
FI,JD,PETROL-ELECTRIC,Other,2015,110
FI,JD,PETROL-ELECTRIC,Other,2016,377
FI,JD,PETROL/ELECTRIC,Other,2017,753
FI,JD,PETROL/ELECTRIC,Other,2018,1104
FI,JD,PETROL/ELECTRIC,PHEV,2019,1023
FI,JD,PETROL/ELECTRIC,PHEV,2020,2449
FI,JD,PETROL/ELECTRIC,PHEV,2021,3675
FI,JD,PETROL/ELECTRIC,PHEV,2022,2871
FI,JD,PETROL/ELECTRIC,PHEV,2023,2816
FI,JE,DIESEL,Diesel,2010,173
FI,JE,DIESEL,Diesel,2011,176
FI,JE,DIESEL,Diesel,2012,130
FI,JE,DIESEL,Diesel,2013,71
FI,JE,DIESEL,Diesel,2014,198
FI,JE,DIESEL,Diesel,2015,198
FI,JE,DIESEL,Diesel,2016,209
FI,JE,DIESEL,Diesel,2017,114
FI,JE,DIESEL,Diesel,2018,68
FI,JE,DIESEL,Diesel,2019,161
FI,JE,DIESEL,Diesel,2020,93
FI,JE,DIESEL,Diesel,2021,23
FI,JE,DIESEL,Diesel,2022,6
FI,JE,DIESEL,Diesel,2023,3
FI,JE,DIESEL,HEV,2019,39
FI,JE,DIESEL,HEV,2020,13
FI,JE,DIESEL,HEV,2021,12
FI,JE,DIESEL,HEV,2022,6
FI,JE,DIESEL,HEV,2023,1
FI,JE,DIESEL/ELECTRIC,PHEV,2020,184
FI,JE,DIESEL/ELECTRIC,PHEV,2021,272
FI,JE,DIESEL/ELECTRIC,PHEV,2022,188
FI,JE,DIESEL/ELECTRIC,PHEV,2023,57
FI,JE,ELECTRIC,BEV,2016,36
FI,JE,ELECTRIC,BEV,2017,98
FI,JE,ELECTRIC,BEV,2018,54
FI,JE,ELECTRIC,BEV,2019,88
FI,JE,ELECTRIC,BEV,2020,86
FI,JE,ELECTRIC,BEV,2021,39
FI,JE,ELECTRIC,BEV,2022,331
FI,JE,ELECTRIC,BEV,2023,609
FI,JE,PETROL,HEV,2019,31
FI,JE,PETROL,HEV,2020,22
FI,JE,PETROL,HEV,2021,25
FI,JE,PETROL,HEV,2022,7
FI,JE,PETROL,HEV,2023,8
FI,JE,PETROL,Petrol,2010,79
FI,JE,PETROL,Petrol,2011,56
FI,JE,PETROL,Petrol,2012,43
FI,JE,PETROL,Petrol,2013,22
FI,JE,PETROL,Petrol,2014,15
FI,JE,PETROL,Petrol,2015,17
FI,JE,PETROL,Petrol,2016,48
FI,JE,PETROL,Petrol,2017,51
FI,JE,PETROL,Petrol,2018,35
FI,JE,PETROL,Petrol,2019,11
FI,JE,PETROL,Petrol,2020,4
FI,JE,PETROL,Petrol,2021,3
FI,JE,PETROL,Petrol,2022,1
FI,JE,PETROL,Petrol,2023,1
FI,JE,PETROL-ELECTRIC,Other,2014,6
FI,JE,PETROL-ELECTRIC,Other,2015,84
FI,JE,PETROL-ELECTRIC,Other,2016,195
FI,JE,PETROL/ELECTRIC,Other,2017,131
FI,JE,PETROL/ELECTRIC,Other,2018,243
FI,JE,PETROL/ELECTRIC,PHEV,2019,146
FI,JE,PETROL/ELECTRIC,PHEV,2020,642
FI,JE,PETROL/ELECTRIC,PHEV,2021,1004
FI,JE,PETROL/ELECTRIC,PHEV,2022,774
FI,JE,PETROL/ELECTRIC,PHEV,2023,548
FI,JF,DIESEL,Diesel,2010,311
FI,JF,DIESEL,Diesel,2011,262
FI,JF,DIESEL,Diesel,2012,420
FI,JF,DIESEL,Diesel,2013,185
FI,JF,DIESEL,Diesel,2014,242
FI,JF,DIESEL,Diesel,2015,55
FI,JF,DIESEL,Diesel,2016,183
FI,JF,DIESEL,Diesel,2017,228
FI,JF,DIESEL,Diesel,2018,195
FI,JF,DIESEL,Diesel,2019,80
FI,JF,DIESEL,Diesel,2020,42
FI,JF,DIESEL,Diesel,2021,62
FI,JF,DIESEL,Diesel,2022,29
FI,JF,DIESEL,Diesel,2023,18
FI,JF,DIESEL,HEV,2019,47
FI,JF,DIESEL,HEV,2020,32
FI,JF,DIESEL,HEV,2021,9
FI,JF,DIESEL,HEV,2022,10
FI,JF,DIESEL,HEV,2023,9
FI,JF,ELECTRIC,BEV,2019,159
FI,JF,ELECTRIC,BEV,2020,117
FI,JF,ELECTRIC,BEV,2021,217
FI,JF,ELECTRIC,BEV,2022,249
FI,JF,ELECTRIC,BEV,2023,84
FI,JF,PETROL,HEV,2019,6
FI,JF,PETROL,HEV,2021,1
FI,JF,PETROL,HEV,2022,1
FI,JF,PETROL,HEV,2023,1
FI,JF,PETROL,Petrol,2011,7
FI,JF,PETROL,Petrol,2012,23
FI,JF,PETROL,Petrol,2013,5
FI,JF,PETROL,Petrol,2014,8
FI,JF,PETROL,Petrol,2016,6
FI,JF,PETROL,Petrol,2017,11
FI,JF,PETROL,Petrol,2018,15
FI,JF,PETROL,Petrol,2019,5
FI,JF,PETROL,Petrol,2020,2
FI,JF,PETROL,Petrol,2021,3
FI,JF,PETROL,Petrol,2022,1
FI,JF,PETROL,Petrol,2023,4
FI,JF,PETROL/ELECTRIC,Other,2018,12
FI,JF,PETROL/ELECTRIC,PHEV,2019,172
FI,JF,PETROL/ELECTRIC,PHEV,2020,129
FI,JF,PETROL/ELECTRIC,PHEV,2021,152
FI,JF,PETROL/ELECTRIC,PHEV,2022,143
FI,JF,PETROL/ELECTRIC,PHEV,2023,337
FI,V,DIESEL,Diesel,2010,916
FI,V,DIESEL,Diesel,2011,1437
FI,V,DIESEL,Diesel,2012,1298
FI,V,DIESEL,Diesel,2013,944
FI,V,DIESEL,Diesel,2014,926
FI,V,DIESEL,Diesel,2015,883
FI,V,DIESEL,Diesel,2016,1111
FI,V,DIESEL,Diesel,2017,1049
FI,V,DIESEL,Diesel,2018,931
FI,V,DIESEL,Diesel,2019,860
FI,V,DIESEL,Diesel,2020,702
FI,V,DIESEL,Diesel,2021,505
FI,V,DIESEL,Diesel,2022,394
FI,V,DIESEL,Diesel,2023,425
FI,V,DIESEL,HEV,2021,2
FI,V,E85,Other,2010,2
FI,V,E85,Other,2012,3
FI,V,ELECTRIC,BEV,2020,21
FI,V,ELECTRIC,BEV,2021,76
FI,V,ELECTRIC,BEV,2022,131
FI,V,ELECTRIC,BEV,2023,246
FI,V,NG,Other,2018,37
FI,V,NG,Other,2019,35
FI,V,NG,Other,2020,36
FI,V,NG,Other,2023,9
FI,V,NG-BIOMETHANE,Other,2010,4
FI,V,NG-BIOMETHANE,Other,2011,4
FI,V,NG-BIOMETHANE,Other,2012,2
FI,V,NG-BIOMETHANE,Other,2013,1
FI,V,NG-BIOMETHANE,Other,2014,2
FI,V,NG-BIOMETHANE,Other,2015,3
FI,V,NG-BIOMETHANE,Other,2016,20
FI,V,NG-BIOMETHANE,Other,2017,30
FI,V,PETROL,Petrol,2010,33
FI,V,PETROL,Petrol,2011,148
FI,V,PETROL,Petrol,2012,100
FI,V,PETROL,Petrol,2013,59
FI,V,PETROL,Petrol,2014,46
FI,V,PETROL,Petrol,2015,63
FI,V,PETROL,Petrol,2016,151
FI,V,PETROL,Petrol,2017,137
FI,V,PETROL,Petrol,2018,215
FI,V,PETROL,Petrol,2019,311
FI,V,PETROL,Petrol,2020,204
FI,V,PETROL,Petrol,2021,211
FI,V,PETROL,Petrol,2022,210
FI,V,PETROL,Petrol,2023,119
FI,V,PETROL/ELECTRIC,PHEV,2021,1
FI,V,PETROL/ELECTRIC,PHEV,2022,89
FI,V,PETROL/ELECTRIC,PHEV,2023,74
FR,,DIESEL,Diesel,2010,84802
FR,,DIESEL,Diesel,2011,75748
FR,,DIESEL,Diesel,2012,65047
FR,,DIESEL,Diesel,2013,39528
FR,,DIESEL,Diesel,2014,30166
FR,,DIESEL,Diesel,2015,30405
FR,,DIESEL,Diesel,2016,24454
FR,,DIESEL,Diesel,2017,38461
FR,,DIESEL,Diesel,2018,34630
FR,,DIESEL,Diesel,2019,7861
FR,,DIESEL,Diesel,2020,4327
FR,,DIESEL,Diesel,2021,18458
FR,,DIESEL,Diesel,2022,71313
FR,,DIESEL,Diesel,2023,3205
FR,,DIESEL,HEV,2019,59
FR,,DIESEL,HEV,2020,29
FR,,DIESEL,HEV,2021,9
FR,,DIESEL,HEV,2022,13
FR,,DIESEL,HEV,2023,31
FR,,E85,Other,2010,198
FR,,E85,Other,2011,111
FR,,E85,Other,2012,35
FR,,ELECTRIC,BEV,2014,1277
FR,,ELECTRIC,BEV,2015,1501
FR,,ELECTRIC,BEV,2016,2088
FR,,ELECTRIC,BEV,2017,2069
FR,,ELECTRIC,BEV,2018,2724
FR,,ELECTRIC,BEV,2019,765
FR,,ELECTRIC,BEV,2020,2048
FR,,ELECTRIC,BEV,2021,883
FR,,ELECTRIC,BEV,2022,6594
FR,,ELECTRIC,BEV,2023,21674
FR,,ELECTRIC,Other,2010,31
FR,,ELECTRIC,Other,2011,1884
FR,,ELECTRIC,Other,2012,3588
FR,,ELECTRIC,Other,2013,985
FR,,HYBRID/PETROL/E,Petrol,2015,5
FR,,HYDROGEN,Other,2018,3
FR,,HYDROGEN,Other,2019,5
FR,,HYDROGEN,Other,2020,10
FR,,HYDROGEN,Other,2021,6
FR,,HYDROGEN,Other,2022,9
FR,,HYDROGEN,Other,2023,6
FR,,LPG,Other,2010,3772
FR,,LPG,Other,2011,1016
FR,,LPG,Other,2012,135
FR,,LPG,Other,2013,22
FR,,LPG,Other,2014,186
FR,,LPG,Other,2015,211
FR,,LPG,Other,2016,27
FR,,LPG,Other,2017,71
FR,,LPG,Other,2018,314
FR,,LPG,Other,2019,174
FR,,LPG,Other,2022,3
FR,,NG,Other,2018,9
FR,,NG-BIOMETHANE,Other,2010,5
FR,,NG-BIOMETHANE,Other,2011,7
FR,,NG-BIOMETHANE,Other,2012,19
FR,,NG-BIOMETHANE,Other,2013,6
FR,,NG-BIOMETHANE,Other,2014,3
FR,,NG-BIOMETHANE,Other,2015,2
FR,,NG-BIOMETHANE,Other,2016,8
FR,,NG-BIOMETHANE,Other,2017,9
FR,,NG-BIOMETHANE,Other,2019,4
FR,,PETROL,HEV,2019,5
FR,,PETROL,HEV,2020,24
FR,,PETROL,HEV,2021,32
FR,,PETROL,HEV,2022,2237
FR,,PETROL,HEV,2023,2808
FR,,PETROL,Other,2010,62
FR,,PETROL,Other,2011,351
FR,,PETROL,Petrol,2010,14333
FR,,PETROL,Petrol,2011,12280
FR,,PETROL,Petrol,2012,10496
FR,,PETROL,Petrol,2013,10425
FR,,PETROL,Petrol,2014,8515
FR,,PETROL,Petrol,2015,10895
FR,,PETROL,Petrol,2016,12386
FR,,PETROL,Petrol,2017,12183
FR,,PETROL,Petrol,2018,14006
FR,,PETROL,Petrol,2019,10714
FR,,PETROL,Petrol,2020,4180
FR,,PETROL,Petrol,2021,101062
FR,,PETROL,Petrol,2022,75729
FR,,PETROL,Petrol,2023,330
FR,,PETROL-ELECTRIC,Other,2013,71
FR,,PETROL-ELECTRIC,Other,2014,16
FR,,PETROL-ELECTRIC,Other,2015,6
FR,,PETROL-ELECTRIC,Other,2016,54
FR,,PETROL/ELECTRIC,Other,2017,1659
FR,,PETROL/ELECTRIC,Other,2018,1709
FR,,PETROL/ELECTRIC,PHEV,2019,150
FR,,PETROL/ELECTRIC,PHEV,2020,94
FR,,PETROL/ELECTRIC,PHEV,2021,1491
FR,,PETROL/ELECTRIC,PHEV,2022,1545
FR,,PETROL/ELECTRIC,PHEV,2023,9495
FR,A,DIESEL,Diesel,2010,64549
FR,A,DIESEL,Diesel,2011,53601
FR,A,DIESEL,Diesel,2012,35187
FR,A,DIESEL,Diesel,2013,31634
FR,A,DIESEL,Diesel,2014,20639
FR,A,DIESEL,Diesel,2015,23793
FR,A,DIESEL,Diesel,2016,22304
FR,A,DIESEL,Diesel,2017,15038
FR,A,DIESEL,Diesel,2018,14654
FR,A,DIESEL,Diesel,2019,7205
FR,A,DIESEL,Diesel,2020,3752
FR,A,DIESEL,Diesel,2021,1967
FR,A,DIESEL,Diesel,2022,668
FR,A,DIESEL,Diesel,2023,266
FR,A,DIESEL,HEV,2023,4
FR,A,E85,Other,2021,553
FR,A,E85,Other,2022,5528
FR,A,E85,Other,2023,4693
FR,A,ELECTRIC,BEV,2014,6900
FR,A,ELECTRIC,BEV,2015,11228
FR,A,ELECTRIC,BEV,2016,12422
FR,A,ELECTRIC,BEV,2017,17616
FR,A,ELECTRIC,BEV,2018,20258
FR,A,ELECTRIC,BEV,2019,22051
FR,A,ELECTRIC,BEV,2020,50334
FR,A,ELECTRIC,BEV,2021,60828
FR,A,ELECTRIC,BEV,2022,64010
FR,A,ELECTRIC,BEV,2023,74339
FR,A,ELECTRIC,Other,2010,34
FR,A,ELECTRIC,Other,2011,52
FR,A,ELECTRIC,Other,2012,106
FR,A,ELECTRIC,Other,2013,6160
FR,A,LPG,Other,2010,3944
FR,A,LPG,Other,2011,2044
FR,A,LPG,Other,2012,3
FR,A,LPG,Other,2013,6
FR,A,LPG,Other,2014,10
FR,A,LPG,Other,2015,14
FR,A,LPG,Other,2016,32
FR,A,LPG,Other,2017,47
FR,A,LPG,Other,2018,58
FR,A,LPG,Other,2019,50
FR,A,LPG,Other,2020,18
FR,A,NG,Other,2018,148
FR,A,NG,Other,2019,10
FR,A,NG,Other,2020,3
FR,A,NG,Other,2021,23
FR,A,NG,Other,2022,23
FR,A,NG,Other,2023,35
FR,A,NG-BIOMETHANE,Other,2010,50
FR,A,NG-BIOMETHANE,Other,2011,74
FR,A,NG-BIOMETHANE,Other,2012,72
FR,A,NG-BIOMETHANE,Other,2013,56
FR,A,NG-BIOMETHANE,Other,2014,70
FR,A,NG-BIOMETHANE,Other,2015,128
FR,A,NG-BIOMETHANE,Other,2016,164
FR,A,NG-BIOMETHANE,Other,2017,132
FR,A,NG-BIOMETHANE,Other,2019,49
FR,A,NG-BIOMETHANE,Other,2020,56
FR,A,NG-BIOMETHANE,Other,2021,2
FR,A,PETROL,HEV,2020,9142
FR,A,PETROL,HEV,2021,19760
FR,A,PETROL,HEV,2022,18888
FR,A,PETROL,HEV,2023,16521
FR,A,PETROL,Petrol,2010,181021
FR,A,PETROL,Petrol,2011,151611
FR,A,PETROL,Petrol,2012,125729
FR,A,PETROL,Petrol,2013,128216
FR,A,PETROL,Petrol,2014,132578
FR,A,PETROL,Petrol,2015,146888
FR,A,PETROL,Petrol,2016,149374
FR,A,PETROL,Petrol,2017,150740
FR,A,PETROL,Petrol,2018,182894
FR,A,PETROL,Petrol,2019,196964
FR,A,PETROL,Petrol,2020,109663
FR,A,PETROL,Petrol,2021,61894
FR,A,PETROL,Petrol,2022,36070
FR,A,PETROL,Petrol,2023,36692
FR,A,PETROL-ELECTRIC,Other,2013,12
FR,A,PETROL-ELECTRIC,Other,2014,2
FR,A,PETROL-ELECTRIC,Other,2015,1
FR,A,PETROL/ELECTRIC,PHEV,2020,136
FR,A,PETROL/ELECTRIC,PHEV,2021,430
FR,A,PETROL/ELECTRIC,PHEV,2022,153
FR,A,PETROL/ELECTRIC,PHEV,2023,566
FR,B,DIESEL,Diesel,2010,513840
FR,B,DIESEL,Diesel,2011,440368
FR,B,DIESEL,Diesel,2012,376477
FR,B,DIESEL,Diesel,2013,306965
FR,B,DIESEL,Diesel,2014,249406
FR,B,DIESEL,Diesel,2015,241741
FR,B,DIESEL,Diesel,2016,246402
FR,B,DIESEL,Diesel,2017,223258
FR,B,DIESEL,Diesel,2018,177594
FR,B,DIESEL,Diesel,2019,165911
FR,B,DIESEL,Diesel,2020,125090
FR,B,DIESEL,Diesel,2021,87225
FR,B,DIESEL,Diesel,2022,51135
FR,B,DIESEL,Diesel,2023,43882
FR,B,DIESEL,HEV,2020,434
FR,B,DIESEL,HEV,2021,1279
FR,B,DIESEL,HEV,2022,1646
FR,B,DIESEL,HEV,2023,1739
FR,B,E85,Other,2010,228
FR,B,E85,Other,2011,12
FR,B,E85,Other,2012,1327
FR,B,E85,Other,2013,3
FR,B,ELECTRIC,BEV,2014,75
FR,B,ELECTRIC,BEV,2015,562
FR,B,ELECTRIC,BEV,2016,1133
FR,B,ELECTRIC,BEV,2017,981
FR,B,ELECTRIC,BEV,2018,750
FR,B,ELECTRIC,BEV,2019,660
FR,B,ELECTRIC,BEV,2020,23112
FR,B,ELECTRIC,BEV,2021,27865
FR,B,ELECTRIC,BEV,2022,25404
FR,B,ELECTRIC,BEV,2023,38742
FR,B,ELECTRIC,Other,2011,6
FR,B,LPG,Other,2010,65367
FR,B,LPG,Other,2011,8385
FR,B,LPG,Other,2012,1589
FR,B,LPG,Other,2013,1610
FR,B,LPG,Other,2014,886
FR,B,LPG,Other,2015,394
FR,B,LPG,Other,2016,130
FR,B,LPG,Other,2017,327
FR,B,LPG,Other,2018,892
FR,B,LPG,Other,2019,731
FR,B,LPG,Other,2020,9545
FR,B,LPG,Other,2021,36271
FR,B,LPG,Other,2022,25163
FR,B,LPG,Other,2023,33950
FR,B,NG,Other,2018,59
FR,B,NG,Other,2019,31
FR,B,NG,Other,2020,16
FR,B,NG,Other,2021,176
FR,B,NG,Other,2022,22
FR,B,NG,Other,2023,100
FR,B,NG-BIOMETHANE,Other,2010,49
FR,B,NG-BIOMETHANE,Other,2011,48
FR,B,NG-BIOMETHANE,Other,2012,48
FR,B,NG-BIOMETHANE,Other,2013,31
FR,B,NG-BIOMETHANE,Other,2014,10
FR,B,NG-BIOMETHANE,Other,2015,33
FR,B,NG-BIOMETHANE,Other,2016,124
FR,B,NG-BIOMETHANE,Other,2017,68
FR,B,NG-BIOMETHANE,Other,2019,16
FR,B,PETROL,HEV,2019,26672
FR,B,PETROL,HEV,2020,40049
FR,B,PETROL,HEV,2021,69691
FR,B,PETROL,HEV,2022,67500
FR,B,PETROL,HEV,2023,77178
FR,B,PETROL,Other,2011,1857
FR,B,PETROL,Petrol,2010,233927
FR,B,PETROL,Petrol,2011,268558
FR,B,PETROL,Petrol,2012,245122
FR,B,PETROL,Petrol,2013,275004
FR,B,PETROL,Petrol,2014,283398
FR,B,PETROL,Petrol,2015,331244
FR,B,PETROL,Petrol,2016,384613
FR,B,PETROL,Petrol,2017,432050
FR,B,PETROL,Petrol,2018,524628
FR,B,PETROL,Petrol,2019,504520
FR,B,PETROL,Petrol,2020,348007
FR,B,PETROL,Petrol,2021,293192
FR,B,PETROL,Petrol,2022,266437
FR,B,PETROL,Petrol,2023,353202
FR,B,PETROL-ELECTRIC,Other,2016,497
FR,B,PETROL/ELECTRIC,Other,2017,626
FR,B,PETROL/ELECTRIC,Other,2018,1338
FR,B,PETROL/ELECTRIC,PHEV,2019,2722
FR,B,PETROL/ELECTRIC,PHEV,2020,348
FR,B,PETROL/ELECTRIC,PHEV,2021,171
FR,B,PETROL/ELECTRIC,PHEV,2022,1202
FR,B,PETROL/ELECTRIC,PHEV,2023,2139
FR,B,UNKNOWN,Other,2019,80
FR,C,DIESEL,Diesel,2010,594105
FR,C,DIESEL,Diesel,2011,585547
FR,C,DIESEL,Diesel,2012,520385
FR,C,DIESEL,Diesel,2013,440600
FR,C,DIESEL,Diesel,2014,435780
FR,C,DIESEL,Diesel,2015,398999
FR,C,DIESEL,Diesel,2016,361784
FR,C,DIESEL,Diesel,2017,359465
FR,C,DIESEL,Diesel,2018,284281
FR,C,DIESEL,Diesel,2019,233223
FR,C,DIESEL,Diesel,2020,155212
FR,C,DIESEL,Diesel,2021,99548
FR,C,DIESEL,Diesel,2022,52132
FR,C,DIESEL,Diesel,2023,55655
FR,C,DIESEL,HEV,2019,6
FR,C,DIESEL,HEV,2020,1231
FR,C,DIESEL,HEV,2021,4874
FR,C,DIESEL,HEV,2022,3733
FR,C,DIESEL,HEV,2023,3399
FR,C,DIESEL,Other,2011,401
FR,C,DIESEL/ELECTRIC,PHEV,2020,539
FR,C,DIESEL/ELECTRIC,PHEV,2021,632
FR,C,DIESEL/ELECTRIC,PHEV,2022,108
FR,C,DIESEL/ELECTRIC,PHEV,2023,228
FR,C,E85,HEV,2021,1050
FR,C,E85,HEV,2022,3380
FR,C,E85,HEV,2023,4718
FR,C,E85,Other,2010,4498
FR,C,E85,Other,2011,3741
FR,C,E85,Other,2012,2473
FR,C,E85,Other,2013,61
FR,C,E85,Other,2014,122
FR,C,E85,Other,2015,41
FR,C,E85,Other,2016,853
FR,C,E85,Other,2017,739
FR,C,E85,Other,2018,766
FR,C,E85,Other,2019,12
FR,C,ELECTRIC,BEV,2014,1722
FR,C,ELECTRIC,BEV,2015,2491
FR,C,ELECTRIC,BEV,2016,4522
FR,C,ELECTRIC,BEV,2017,2779
FR,C,ELECTRIC,BEV,2018,5248
FR,C,ELECTRIC,BEV,2019,7437
FR,C,ELECTRIC,BEV,2020,14348
FR,C,ELECTRIC,BEV,2021,17284
FR,C,ELECTRIC,BEV,2022,36215
FR,C,ELECTRIC,BEV,2023,42017
FR,C,ELECTRIC,Other,2010,83
FR,C,ELECTRIC,Other,2011,96
FR,C,ELECTRIC,Other,2012,539
FR,C,ELECTRIC,Other,2013,1512
FR,C,ELECTRIC,Other,2014,193
FR,C,ELECTRIC,Other,2015,279
FR,C,HYBRID/PETROL/E,Petrol,2015,4
FR,C,HYDROGEN,Other,2014,1
FR,C,HYDROGEN,Other,2015,10
FR,C,HYDROGEN,Other,2016,9
FR,C,HYDROGEN,Other,2017,46
FR,C,HYDROGEN,Other,2018,10
FR,C,LPG,Other,2010,2322
FR,C,LPG,Other,2011,385
FR,C,LPG,Other,2012,454
FR,C,LPG,Other,2013,5
FR,C,LPG,Other,2014,2
FR,C,LPG,Other,2015,5
FR,C,LPG,Other,2016,9
FR,C,LPG,Other,2017,155
FR,C,LPG,Other,2018,246
FR,C,LPG,Other,2019,137
FR,C,LPG,Other,2020,499
FR,C,LPG,Other,2021,44
FR,C,LPG,Other,2022,10093
FR,C,LPG,Other,2023,14502
FR,C,NG,Other,2018,13
FR,C,NG,Other,2019,198
FR,C,NG,Other,2020,275
FR,C,NG,Other,2021,53
FR,C,NG,Other,2022,63
FR,C,NG,Other,2023,30
FR,C,NG-BIOMETHANE,Other,2010,17
FR,C,NG-BIOMETHANE,Other,2011,2
FR,C,NG-BIOMETHANE,Other,2012,1
FR,C,NG-BIOMETHANE,Other,2014,2
FR,C,NG-BIOMETHANE,Other,2015,1
FR,C,NG-BIOMETHANE,Other,2016,10
FR,C,NG-BIOMETHANE,Other,2017,10
FR,C,PETROL,HEV,2019,18168
FR,C,PETROL,HEV,2020,27971
FR,C,PETROL,HEV,2021,31568
FR,C,PETROL,HEV,2022,26982
FR,C,PETROL,HEV,2023,42229
FR,C,PETROL,Other,2010,5947
FR,C,PETROL,Other,2011,9236
FR,C,PETROL,Petrol,2010,61880
FR,C,PETROL,Petrol,2011,71902
FR,C,PETROL,Petrol,2012,68423
FR,C,PETROL,Petrol,2013,91026
FR,C,PETROL,Petrol,2014,112841
FR,C,PETROL,Petrol,2015,156557
FR,C,PETROL,Petrol,2016,197715
FR,C,PETROL,Petrol,2017,224228
FR,C,PETROL,Petrol,2018,238407
FR,C,PETROL,Petrol,2019,201432
FR,C,PETROL,Petrol,2020,97843
FR,C,PETROL,Petrol,2021,74649
FR,C,PETROL,Petrol,2022,65482
FR,C,PETROL,Petrol,2023,94639
FR,C,PETROL-ELECTRIC,Other,2013,447
FR,C,PETROL-ELECTRIC,Other,2014,780
FR,C,PETROL-ELECTRIC,Other,2015,3618
FR,C,PETROL-ELECTRIC,Other,2016,3290
FR,C,PETROL/ELECTRIC,Other,2017,3211
FR,C,PETROL/ELECTRIC,Other,2018,2331
FR,C,PETROL/ELECTRIC,PHEV,2019,1480
FR,C,PETROL/ELECTRIC,PHEV,2020,23456
FR,C,PETROL/ELECTRIC,PHEV,2021,46148
FR,C,PETROL/ELECTRIC,PHEV,2022,43149
FR,C,PETROL/ELECTRIC,PHEV,2023,47386
FR,D,DIESEL,Diesel,2010,113126
FR,D,DIESEL,Diesel,2011,133849
FR,D,DIESEL,Diesel,2012,128805
FR,D,DIESEL,Diesel,2013,98931
FR,D,DIESEL,Diesel,2014,86643
FR,D,DIESEL,Diesel,2015,93753
FR,D,DIESEL,Diesel,2016,96738
FR,D,DIESEL,Diesel,2017,79370
FR,D,DIESEL,Diesel,2018,53701
FR,D,DIESEL,Diesel,2019,67778
FR,D,DIESEL,Diesel,2020,36613
FR,D,DIESEL,Diesel,2021,24527
FR,D,DIESEL,Diesel,2022,14391
FR,D,DIESEL,Diesel,2023,10530
FR,D,DIESEL,HEV,2019,780
FR,D,DIESEL,HEV,2020,2661
FR,D,DIESEL,HEV,2021,4828
FR,D,DIESEL,HEV,2022,5280
FR,D,DIESEL,HEV,2023,3799
FR,D,DIESEL,Other,2011,352
FR,D,DIESEL-ELECTRIC,Other,2013,245
FR,D,DIESEL-ELECTRIC,Other,2014,185
FR,D,DIESEL-ELECTRIC,Other,2015,89
FR,D,DIESEL-ELECTRIC,Other,2016,68
FR,D,DIESEL/ELECTRIC,Other,2017,14
FR,D,DIESEL/ELECTRIC,Other,2018,3
FR,D,DIESEL/ELECTRIC,PHEV,2019,192
FR,D,E85,Other,2010,100
FR,D,E85,Other,2011,71
FR,D,E85,Other,2012,40
FR,D,E85,Other,2013,4
FR,D,ELECTRIC,BEV,2015,2
FR,D,ELECTRIC,BEV,2019,6214
FR,D,ELECTRIC,BEV,2020,6823
FR,D,ELECTRIC,BEV,2021,25242
FR,D,ELECTRIC,BEV,2022,17282
FR,D,ELECTRIC,BEV,2023,25996
FR,D,LPG,Other,2014,306
FR,D,LPG,Other,2015,335
FR,D,LPG,Other,2016,2
FR,D,LPG,Other,2017,95
FR,D,LPG,Other,2018,378
FR,D,LPG,Other,2019,301
FR,D,LPG,Other,2020,442
FR,D,LPG,Other,2021,31
FR,D,LPG,Other,2023,1
FR,D,NG,Other,2018,2
FR,D,NG,Other,2022,1
FR,D,NG-BIOMETHANE,Other,2012,1
FR,D,NG-BIOMETHANE,Other,2013,1
FR,D,PETROL,HEV,2019,4804
FR,D,PETROL,HEV,2020,2740
FR,D,PETROL,HEV,2021,2056
FR,D,PETROL,HEV,2022,2593
FR,D,PETROL,HEV,2023,3081
FR,D,PETROL,Other,2010,41
FR,D,PETROL,Other,2011,15
FR,D,PETROL,Petrol,2010,4453
FR,D,PETROL,Petrol,2011,6216
FR,D,PETROL,Petrol,2012,6873
FR,D,PETROL,Petrol,2013,9422
FR,D,PETROL,Petrol,2014,7725
FR,D,PETROL,Petrol,2015,9858
FR,D,PETROL,Petrol,2016,15583
FR,D,PETROL,Petrol,2017,17663
FR,D,PETROL,Petrol,2018,19468
FR,D,PETROL,Petrol,2019,29065
FR,D,PETROL,Petrol,2020,11615
FR,D,PETROL,Petrol,2021,12229
FR,D,PETROL,Petrol,2022,14747
FR,D,PETROL,Petrol,2023,17862
FR,D,PETROL-ELECTRIC,Other,2015,230
FR,D,PETROL-ELECTRIC,Other,2016,895
FR,D,PETROL/ELECTRIC,Other,2017,1042
FR,D,PETROL/ELECTRIC,Other,2018,883
FR,D,PETROL/ELECTRIC,PHEV,2019,896
FR,D,PETROL/ELECTRIC,PHEV,2020,7853
FR,D,PETROL/ELECTRIC,PHEV,2021,14168
FR,D,PETROL/ELECTRIC,PHEV,2022,11610
FR,D,PETROL/ELECTRIC,PHEV,2023,16933
FR,E,DIESEL,Diesel,2010,40850
FR,E,DIESEL,Diesel,2011,45543
FR,E,DIESEL,Diesel,2012,42483
FR,E,DIESEL,Diesel,2013,28486
FR,E,DIESEL,Diesel,2014,25049
FR,E,DIESEL,Diesel,2015,29331
FR,E,DIESEL,Diesel,2016,32421
FR,E,DIESEL,Diesel,2017,29769
FR,E,DIESEL,Diesel,2018,21842
FR,E,DIESEL,Diesel,2019,14280
FR,E,DIESEL,Diesel,2020,7386
FR,E,DIESEL,Diesel,2021,5064
FR,E,DIESEL,Diesel,2022,2226
FR,E,DIESEL,Diesel,2023,2376
FR,E,DIESEL,HEV,2019,2354
FR,E,DIESEL,HEV,2020,1126
FR,E,DIESEL,HEV,2021,1080
FR,E,DIESEL,HEV,2022,1176
FR,E,DIESEL,HEV,2023,1072
FR,E,DIESEL/ELECTRIC,PHEV,2019,546
FR,E,ELECTRIC,BEV,2014,70
FR,E,ELECTRIC,BEV,2015,148
FR,E,ELECTRIC,BEV,2016,202
FR,E,ELECTRIC,BEV,2017,4
FR,E,ELECTRIC,BEV,2019,81
FR,E,ELECTRIC,BEV,2021,82
FR,E,ELECTRIC,BEV,2022,1443
FR,E,ELECTRIC,BEV,2023,3043
FR,E,HYDROGEN,Other,2016,4
FR,E,HYDROGEN,Other,2017,11
FR,E,HYDROGEN,Other,2018,23
FR,E,HYDROGEN,Other,2019,57
FR,E,HYDROGEN,Other,2020,201
FR,E,HYDROGEN,Other,2021,55
FR,E,HYDROGEN,Other,2022,184
FR,E,HYDROGEN,Other,2023,300
FR,E,NG-BIOMETHANE,Other,2010,1
FR,E,NG-BIOMETHANE,Other,2012,1
FR,E,PETROL,HEV,2019,1538
FR,E,PETROL,HEV,2020,1856
FR,E,PETROL,HEV,2021,1729
FR,E,PETROL,HEV,2022,1382
FR,E,PETROL,HEV,2023,7389
FR,E,PETROL,Other,2011,67
FR,E,PETROL,Petrol,2010,3513
FR,E,PETROL,Petrol,2011,4249
FR,E,PETROL,Petrol,2012,3830
FR,E,PETROL,Petrol,2013,2574
FR,E,PETROL,Petrol,2014,2324
FR,E,PETROL,Petrol,2015,3757
FR,E,PETROL,Petrol,2016,6162
FR,E,PETROL,Petrol,2017,6828
FR,E,PETROL,Petrol,2018,5035
FR,E,PETROL,Petrol,2019,3545
FR,E,PETROL,Petrol,2020,1140
FR,E,PETROL,Petrol,2021,802
FR,E,PETROL,Petrol,2022,338
FR,E,PETROL,Petrol,2023,1174
FR,E,PETROL-ELECTRIC,Other,2013,67
FR,E,PETROL-ELECTRIC,Other,2014,106
FR,E,PETROL-ELECTRIC,Other,2015,82
FR,E,PETROL-ELECTRIC,Other,2016,66
FR,E,PETROL/ELECTRIC,Other,2017,775
FR,E,PETROL/ELECTRIC,Other,2018,1184
FR,E,PETROL/ELECTRIC,PHEV,2019,572
FR,E,PETROL/ELECTRIC,PHEV,2020,574
FR,E,PETROL/ELECTRIC,PHEV,2021,1225
FR,E,PETROL/ELECTRIC,PHEV,2022,990
FR,E,PETROL/ELECTRIC,PHEV,2023,1453
FR,F,DIESEL,Diesel,2010,5578
FR,F,DIESEL,Diesel,2011,2899
FR,F,DIESEL,Diesel,2012,1880
FR,F,DIESEL,Diesel,2013,13337
FR,F,DIESEL,Diesel,2014,11443
FR,F,DIESEL,Diesel,2015,10804
FR,F,DIESEL,Diesel,2016,10702
FR,F,DIESEL,Diesel,2017,613
FR,F,DIESEL,Diesel,2018,690
FR,F,DIESEL,Diesel,2019,5167
FR,F,DIESEL,Diesel,2020,12554
FR,F,DIESEL,Diesel,2021,10956
FR,F,DIESEL,Diesel,2022,8178
FR,F,DIESEL,Diesel,2023,6041
FR,F,DIESEL,HEV,2019,431
FR,F,DIESEL,HEV,2020,109
FR,F,DIESEL,HEV,2021,72
FR,F,DIESEL,HEV,2022,68
FR,F,DIESEL,HEV,2023,82
FR,F,DIESEL-ELECTRIC,Other,2015,1
FR,F,DIESEL-ELECTRIC,Other,2016,1
FR,F,E85,Other,2010,13
FR,F,E85,Other,2011,52
FR,F,E85,Other,2012,54
FR,F,E85,Other,2013,7
FR,F,E85,Other,2017,1
FR,F,ELECTRIC,BEV,2014,328
FR,F,ELECTRIC,BEV,2015,709
FR,F,ELECTRIC,BEV,2016,786
FR,F,ELECTRIC,BEV,2017,865
FR,F,ELECTRIC,BEV,2018,750
FR,F,ELECTRIC,BEV,2019,500
FR,F,ELECTRIC,BEV,2020,1025
FR,F,ELECTRIC,BEV,2021,1500
FR,F,ELECTRIC,BEV,2022,1610
FR,F,ELECTRIC,BEV,2023,5256
FR,F,ELECTRIC,Other,2013,35
FR,F,PETROL,HEV,2019,229
FR,F,PETROL,HEV,2020,85
FR,F,PETROL,HEV,2021,25
FR,F,PETROL,HEV,2022,55
FR,F,PETROL,HEV,2023,2101
FR,F,PETROL,Other,2010,12
FR,F,PETROL,Other,2011,6
FR,F,PETROL,Petrol,2010,63652
FR,F,PETROL,Petrol,2011,42467
FR,F,PETROL,Petrol,2012,28603
FR,F,PETROL,Petrol,2013,26147
FR,F,PETROL,Petrol,2014,28930
FR,F,PETROL,Petrol,2015,35286
FR,F,PETROL,Petrol,2016,36276
FR,F,PETROL,Petrol,2017,37217
FR,F,PETROL,Petrol,2018,44583
FR,F,PETROL,Petrol,2019,51039
FR,F,PETROL,Petrol,2020,40443
FR,F,PETROL,Petrol,2021,36032
FR,F,PETROL,Petrol,2022,19921
FR,F,PETROL,Petrol,2023,17496
FR,F,PETROL-ELECTRIC,Other,2014,57
FR,F,PETROL-ELECTRIC,Other,2015,103
FR,F,PETROL-ELECTRIC,Other,2016,78
FR,F,PETROL/ELECTRIC,PHEV,2019,26
FR,F,PETROL/ELECTRIC,PHEV,2020,235
FR,F,PETROL/ELECTRIC,PHEV,2021,524
FR,F,PETROL/ELECTRIC,PHEV,2022,3282
FR,F,PETROL/ELECTRIC,PHEV,2023,3744
FR,JA,DIESEL,Diesel,2010,15173
FR,JA,DIESEL,Diesel,2011,13040
FR,JA,DIESEL,Diesel,2012,11098
FR,JA,DIESEL,Diesel,2013,9716
FR,JA,DIESEL,Diesel,2014,9325
FR,JA,DIESEL,Diesel,2015,9515
FR,JA,DIESEL,Diesel,2016,8830
FR,JA,DIESEL,Diesel,2017,12347
FR,JA,DIESEL,Diesel,2018,11204
FR,JA,DIESEL,Diesel,2019,10333
FR,JA,DIESEL,Diesel,2020,11452
FR,JA,DIESEL,Diesel,2021,6379
FR,JA,DIESEL,Diesel,2022,3802
FR,JA,DIESEL,Diesel,2023,1830
FR,JA,ELECTRIC,BEV,2017,76
FR,JA,ELECTRIC,BEV,2018,175
FR,JA,ELECTRIC,BEV,2019,72
FR,JA,ELECTRIC,BEV,2020,16
FR,JA,ELECTRIC,BEV,2021,195
FR,JA,ELECTRIC,BEV,2022,347
FR,JA,ELECTRIC,BEV,2023,688
FR,JA,NG,Other,2021,1
FR,JA,NG,Other,2022,7
FR,JA,NG-BIOMETHANE,Other,2010,36
FR,JA,NG-BIOMETHANE,Other,2011,7
FR,JA,PETROL,HEV,2019,2771
FR,JA,PETROL,HEV,2020,7162
FR,JA,PETROL,HEV,2021,7833
FR,JA,PETROL,HEV,2022,5287
FR,JA,PETROL,HEV,2023,6695
FR,JA,PETROL,Petrol,2010,150
FR,JA,PETROL,Petrol,2011,161
FR,JA,PETROL,Petrol,2012,221
FR,JA,PETROL,Petrol,2013,226
FR,JA,PETROL,Petrol,2014,148
FR,JA,PETROL,Petrol,2015,187
FR,JA,PETROL,Petrol,2016,2257
FR,JA,PETROL,Petrol,2017,13618
FR,JA,PETROL,Petrol,2018,14919
FR,JA,PETROL,Petrol,2019,14927
FR,JA,PETROL,Petrol,2020,11203
FR,JA,PETROL,Petrol,2021,12956
FR,JA,PETROL,Petrol,2022,9669
FR,JA,PETROL,Petrol,2023,11848
FR,JB,DIESEL,Diesel,2010,23458
FR,JB,DIESEL,Diesel,2011,65532
FR,JB,DIESEL,Diesel,2012,58807
FR,JB,DIESEL,Diesel,2013,107179
FR,JB,DIESEL,Diesel,2014,152446
FR,JB,DIESEL,Diesel,2015,155818
FR,JB,DIESEL,Diesel,2016,138620
FR,JB,DIESEL,Diesel,2017,123523
FR,JB,DIESEL,Diesel,2018,126298
FR,JB,DIESEL,Diesel,2019,105129
FR,JB,DIESEL,Diesel,2020,87510
FR,JB,DIESEL,Diesel,2021,78722
FR,JB,DIESEL,Diesel,2022,26661
FR,JB,DIESEL,Diesel,2023,31510
FR,JB,DIESEL,HEV,2020,15
FR,JB,DIESEL,HEV,2022,454
FR,JB,DIESEL,HEV,2023,10
FR,JB,E85,HEV,2022,9935
FR,JB,E85,HEV,2023,19667
FR,JB,E85,Other,2011,2537
FR,JB,E85,Other,2012,3026
FR,JB,E85,Other,2013,105
FR,JB,E85,Other,2015,1
FR,JB,E85,Other,2021,1901
FR,JB,E85,Other,2022,6598
FR,JB,E85,Other,2023,9
FR,JB,ELECTRIC,BEV,2014,165
FR,JB,ELECTRIC,BEV,2015,740
FR,JB,ELECTRIC,BEV,2016,1376
FR,JB,ELECTRIC,BEV,2017,1238
FR,JB,ELECTRIC,BEV,2018,2016
FR,JB,ELECTRIC,BEV,2019,2706
FR,JB,ELECTRIC,BEV,2020,9173
FR,JB,ELECTRIC,BEV,2021,14014
FR,JB,ELECTRIC,BEV,2022,19520
FR,JB,ELECTRIC,BEV,2023,17717
FR,JB,ELECTRIC,Other,2010,4
FR,JB,ELECTRIC,Other,2011,639
FR,JB,ELECTRIC,Other,2012,1417
FR,JB,ELECTRIC,Other,2013,183
FR,JB,LPG,Other,2012,4
FR,JB,LPG,Other,2013,990
FR,JB,LPG,Other,2014,763
FR,JB,LPG,Other,2015,462
FR,JB,LPG,Other,2016,30
FR,JB,LPG,Other,2017,95
FR,JB,LPG,Other,2018,139
FR,JB,LPG,Other,2019,489
FR,JB,LPG,Other,2020,5946
FR,JB,LPG,Other,2021,10068
FR,JB,LPG,Other,2022,11678
FR,JB,LPG,Other,2023,15087
FR,JB,NG,Other,2019,13
FR,JB,NG,Other,2020,54
FR,JB,NG,Other,2021,217
FR,JB,NG,Other,2022,16
FR,JB,NG,Other,2023,3
FR,JB,PETROL,HEV,2019,7871
FR,JB,PETROL,HEV,2020,30050
FR,JB,PETROL,HEV,2021,59685
FR,JB,PETROL,HEV,2022,85694
FR,JB,PETROL,HEV,2023,100148
FR,JB,PETROL,Petrol,2010,3179
FR,JB,PETROL,Petrol,2011,7846
FR,JB,PETROL,Petrol,2012,8246
FR,JB,PETROL,Petrol,2013,31880
FR,JB,PETROL,Petrol,2014,59056
FR,JB,PETROL,Petrol,2015,88638
FR,JB,PETROL,Petrol,2016,120866
FR,JB,PETROL,Petrol,2017,142458
FR,JB,PETROL,Petrol,2018,173639
FR,JB,PETROL,Petrol,2019,195839
FR,JB,PETROL,Petrol,2020,143751
FR,JB,PETROL,Petrol,2021,86186
FR,JB,PETROL,Petrol,2022,86598
FR,JB,PETROL,Petrol,2023,115726
FR,JB,PETROL/ELECTRIC,Other,2017,258
FR,JB,PETROL/ELECTRIC,Other,2018,541
FR,JB,PETROL/ELECTRIC,PHEV,2019,725
FR,JB,PETROL/ELECTRIC,PHEV,2020,9503
FR,JB,PETROL/ELECTRIC,PHEV,2021,19033
FR,JB,PETROL/ELECTRIC,PHEV,2022,12752
FR,JB,PETROL/ELECTRIC,PHEV,2023,13571
FR,JC,DIESEL,Diesel,2010,95061
FR,JC,DIESEL,Diesel,2011,108456
FR,JC,DIESEL,Diesel,2012,122705
FR,JC,DIESEL,Diesel,2013,111445
FR,JC,DIESEL,Diesel,2014,110725
FR,JC,DIESEL,Diesel,2015,124729
FR,JC,DIESEL,Diesel,2016,148732
FR,JC,DIESEL,Diesel,2017,152989
FR,JC,DIESEL,Diesel,2018,161400
FR,JC,DIESEL,Diesel,2019,145466
FR,JC,DIESEL,Diesel,2020,95818
FR,JC,DIESEL,Diesel,2021,57260
FR,JC,DIESEL,Diesel,2022,32503
FR,JC,DIESEL,Diesel,2023,30035
FR,JC,DIESEL,HEV,2019,2180
FR,JC,DIESEL,HEV,2020,7480
FR,JC,DIESEL,HEV,2021,11351
FR,JC,DIESEL,HEV,2022,9442
FR,JC,DIESEL,HEV,2023,6339
FR,JC,E85,HEV,2021,451
FR,JC,E85,HEV,2022,8758
FR,JC,E85,HEV,2023,10724
FR,JC,E85,Other,2019,6179
FR,JC,E85,Other,2020,2
FR,JC,E85,Other,2021,506
FR,JC,ELECTRIC,BEV,2018,338
FR,JC,ELECTRIC,BEV,2019,2394
FR,JC,ELECTRIC,BEV,2020,6091
FR,JC,ELECTRIC,BEV,2021,17134
FR,JC,ELECTRIC,BEV,2022,22383
FR,JC,ELECTRIC,BEV,2023,35715
FR,JC,PETROL,HEV,2019,23707
FR,JC,PETROL,HEV,2020,17028
FR,JC,PETROL,HEV,2021,49788
FR,JC,PETROL,HEV,2022,81318
FR,JC,PETROL,HEV,2023,122554
FR,JC,PETROL,Other,2011,21
FR,JC,PETROL,Petrol,2010,2908
FR,JC,PETROL,Petrol,2011,3353
FR,JC,PETROL,Petrol,2012,5129
FR,JC,PETROL,Petrol,2013,5706
FR,JC,PETROL,Petrol,2014,8078
FR,JC,PETROL,Petrol,2015,17323
FR,JC,PETROL,Petrol,2016,31575
FR,JC,PETROL,Petrol,2017,65785
FR,JC,PETROL,Petrol,2018,95809
FR,JC,PETROL,Petrol,2019,84340
FR,JC,PETROL,Petrol,2020,43074
FR,JC,PETROL,Petrol,2021,41016
FR,JC,PETROL,Petrol,2022,36577
FR,JC,PETROL,Petrol,2023,46034
FR,JC,PETROL/ELECTRIC,Other,2017,542
FR,JC,PETROL/ELECTRIC,Other,2018,1861
FR,JC,PETROL/ELECTRIC,PHEV,2019,3311
FR,JC,PETROL/ELECTRIC,PHEV,2020,17558
FR,JC,PETROL/ELECTRIC,PHEV,2021,31224
FR,JC,PETROL/ELECTRIC,PHEV,2022,28292
FR,JC,PETROL/ELECTRIC,PHEV,2023,34716
FR,JD,DIESEL,Diesel,2010,18347
FR,JD,DIESEL,Diesel,2011,16779
FR,JD,DIESEL,Diesel,2012,17280
FR,JD,DIESEL,Diesel,2013,18586
FR,JD,DIESEL,Diesel,2014,20950
FR,JD,DIESEL,Diesel,2015,34003
FR,JD,DIESEL,Diesel,2016,40438
FR,JD,DIESEL,Diesel,2017,32809
FR,JD,DIESEL,Diesel,2018,23561
FR,JD,DIESEL,Diesel,2019,25581
FR,JD,DIESEL,Diesel,2020,9525
FR,JD,DIESEL,Diesel,2021,2972
FR,JD,DIESEL,Diesel,2022,1928
FR,JD,DIESEL,Diesel,2023,526
FR,JD,DIESEL,HEV,2019,1239
FR,JD,DIESEL,HEV,2020,2089
FR,JD,DIESEL,HEV,2021,4300
FR,JD,DIESEL,HEV,2022,3398
FR,JD,DIESEL,HEV,2023,5144
FR,JD,DIESEL-ELECTRIC,Other,2016,192
FR,JD,DIESEL/ELECTRIC,Other,2017,276
FR,JD,DIESEL/ELECTRIC,Other,2018,244
FR,JD,DIESEL/ELECTRIC,PHEV,2019,7
FR,JD,DIESEL/ELECTRIC,PHEV,2020,1076
FR,JD,DIESEL/ELECTRIC,PHEV,2021,4361
FR,JD,DIESEL/ELECTRIC,PHEV,2022,3759
FR,JD,DIESEL/ELECTRIC,PHEV,2023,2701
FR,JD,E85,HEV,2022,461
FR,JD,E85,HEV,2023,312
FR,JD,E85,Other,2011,14
FR,JD,E85,Other,2013,62
FR,JD,E85,Other,2014,130
FR,JD,E85,Other,2015,192
FR,JD,E85,Other,2016,231
FR,JD,E85,Other,2017,21
FR,JD,E85,Other,2021,383
FR,JD,ELECTRIC,BEV,2021,2027
FR,JD,ELECTRIC,BEV,2022,12602
FR,JD,ELECTRIC,BEV,2023,39063
FR,JD,HYDROGEN,Other,2013,1
FR,JD,LPG,Other,2013,13
FR,JD,LPG,Other,2014,1
FR,JD,LPG,Other,2015,1
FR,JD,PETROL,HEV,2019,10454
FR,JD,PETROL,HEV,2020,9322
FR,JD,PETROL,HEV,2021,10017
FR,JD,PETROL,HEV,2022,7739
FR,JD,PETROL,HEV,2023,13229
FR,JD,PETROL,Other,2010,37
FR,JD,PETROL,Other,2011,39
FR,JD,PETROL,Other,2012,12
FR,JD,PETROL,Petrol,2010,245
FR,JD,PETROL,Petrol,2011,214
FR,JD,PETROL,Petrol,2012,242
FR,JD,PETROL,Petrol,2013,420
FR,JD,PETROL,Petrol,2014,636
FR,JD,PETROL,Petrol,2015,1352
FR,JD,PETROL,Petrol,2016,8807
FR,JD,PETROL,Petrol,2017,10084
FR,JD,PETROL,Petrol,2018,12229
FR,JD,PETROL,Petrol,2019,5018
FR,JD,PETROL,Petrol,2020,1326
FR,JD,PETROL,Petrol,2021,574
FR,JD,PETROL,Petrol,2022,306
FR,JD,PETROL,Petrol,2023,289
FR,JD,PETROL-ELECTRIC,Other,2013,3
FR,JD,PETROL-ELECTRIC,Other,2014,837
FR,JD,PETROL-ELECTRIC,Other,2015,969
FR,JD,PETROL-ELECTRIC,Other,2016,1333
FR,JD,PETROL/ELECTRIC,Other,2017,3283
FR,JD,PETROL/ELECTRIC,Other,2018,3212
FR,JD,PETROL/ELECTRIC,PHEV,2019,4587
FR,JD,PETROL/ELECTRIC,PHEV,2020,9929
FR,JD,PETROL/ELECTRIC,PHEV,2021,12493
FR,JD,PETROL/ELECTRIC,PHEV,2022,11720
FR,JD,PETROL/ELECTRIC,PHEV,2023,18959
FR,JE,DIESEL,Diesel,2010,434
FR,JE,DIESEL,Diesel,2011,802
FR,JE,DIESEL,Diesel,2012,2165
FR,JE,DIESEL,Diesel,2013,2953
FR,JE,DIESEL,Diesel,2014,4242
FR,JE,DIESEL,Diesel,2015,5015
FR,JE,DIESEL,Diesel,2016,4715
FR,JE,DIESEL,Diesel,2017,268
FR,JE,DIESEL,Diesel,2018,574
FR,JE,DIESEL,Diesel,2019,3116
FR,JE,DIESEL,Diesel,2020,2280
FR,JE,DIESEL,Diesel,2021,229
FR,JE,DIESEL,Diesel,2022,29
FR,JE,DIESEL,Diesel,2023,20
FR,JE,DIESEL,HEV,2019,1504
FR,JE,DIESEL,HEV,2020,420
FR,JE,DIESEL,HEV,2021,500
FR,JE,DIESEL,HEV,2022,399
FR,JE,DIESEL,HEV,2023,221
FR,JE,DIESEL/ELECTRIC,PHEV,2020,780
FR,JE,DIESEL/ELECTRIC,PHEV,2021,2241
FR,JE,DIESEL/ELECTRIC,PHEV,2022,2374
FR,JE,DIESEL/ELECTRIC,PHEV,2023,1533
FR,JE,ELECTRIC,BEV,2016,160
FR,JE,ELECTRIC,BEV,2017,507
FR,JE,ELECTRIC,BEV,2018,503
FR,JE,ELECTRIC,BEV,2019,436
FR,JE,ELECTRIC,BEV,2020,421
FR,JE,ELECTRIC,BEV,2021,232
FR,JE,ELECTRIC,BEV,2022,518
FR,JE,ELECTRIC,BEV,2023,1816
FR,JE,PETROL,HEV,2019,850
FR,JE,PETROL,HEV,2020,763
FR,JE,PETROL,HEV,2021,990
FR,JE,PETROL,HEV,2022,570
FR,JE,PETROL,HEV,2023,264
FR,JE,PETROL,Other,2010,1605
FR,JE,PETROL,Other,2011,1249
FR,JE,PETROL,Petrol,2010,307
FR,JE,PETROL,Petrol,2011,288
FR,JE,PETROL,Petrol,2012,2062
FR,JE,PETROL,Petrol,2013,1140
FR,JE,PETROL,Petrol,2014,838
FR,JE,PETROL,Petrol,2015,777
FR,JE,PETROL,Petrol,2016,1417
FR,JE,PETROL,Petrol,2017,1362
FR,JE,PETROL,Petrol,2018,1557
FR,JE,PETROL,Petrol,2019,700
FR,JE,PETROL,Petrol,2020,342
FR,JE,PETROL,Petrol,2021,116
FR,JE,PETROL,Petrol,2022,74
FR,JE,PETROL,Petrol,2023,47
FR,JE,PETROL-ELECTRIC,Other,2014,67
FR,JE,PETROL-ELECTRIC,Other,2015,708
FR,JE,PETROL-ELECTRIC,Other,2016,1149
FR,JE,PETROL/ELECTRIC,Other,2017,339
FR,JE,PETROL/ELECTRIC,Other,2018,534
FR,JE,PETROL/ELECTRIC,PHEV,2019,1221
FR,JE,PETROL/ELECTRIC,PHEV,2020,4081
FR,JE,PETROL/ELECTRIC,PHEV,2021,5839
FR,JE,PETROL/ELECTRIC,PHEV,2022,5150
FR,JE,PETROL/ELECTRIC,PHEV,2023,6373
FR,JF,DIESEL,Diesel,2010,4274
FR,JF,DIESEL,Diesel,2011,5770
FR,JF,DIESEL,Diesel,2012,8904
FR,JF,DIESEL,Diesel,2013,7182
FR,JF,DIESEL,Diesel,2014,6987
FR,JF,DIESEL,Diesel,2015,7479
FR,JF,DIESEL,Diesel,2016,9380
FR,JF,DIESEL,Diesel,2017,7609
FR,JF,DIESEL,Diesel,2018,6004
FR,JF,DIESEL,Diesel,2019,3022
FR,JF,DIESEL,Diesel,2020,1266
FR,JF,DIESEL,Diesel,2021,1022
FR,JF,DIESEL,Diesel,2022,306
FR,JF,DIESEL,Diesel,2023,394
FR,JF,DIESEL,HEV,2019,2336
FR,JF,DIESEL,HEV,2020,1549
FR,JF,DIESEL,HEV,2021,23
FR,JF,DIESEL,HEV,2022,273
FR,JF,DIESEL,HEV,2023,66
FR,JF,E85,HEV,2022,1216
FR,JF,E85,HEV,2023,764
FR,JF,E85,Other,2021,1126
FR,JF,ELECTRIC,BEV,2019,443
FR,JF,ELECTRIC,BEV,2020,791
FR,JF,ELECTRIC,BEV,2021,757
FR,JF,ELECTRIC,BEV,2022,1092
FR,JF,ELECTRIC,BEV,2023,566
FR,JF,PETROL,HEV,2019,472
FR,JF,PETROL,HEV,2020,138
FR,JF,PETROL,HEV,2021,24
FR,JF,PETROL,HEV,2022,20
FR,JF,PETROL,HEV,2023,45
FR,JF,PETROL,Petrol,2010,100
FR,JF,PETROL,Petrol,2011,216
FR,JF,PETROL,Petrol,2012,385
FR,JF,PETROL,Petrol,2013,190
FR,JF,PETROL,Petrol,2014,240
FR,JF,PETROL,Petrol,2015,274
FR,JF,PETROL,Petrol,2016,479
FR,JF,PETROL,Petrol,2017,523
FR,JF,PETROL,Petrol,2018,672
FR,JF,PETROL,Petrol,2019,679
FR,JF,PETROL,Petrol,2020,294
FR,JF,PETROL,Petrol,2021,214
FR,JF,PETROL,Petrol,2022,210
FR,JF,PETROL,Petrol,2023,191
FR,JF,PETROL/ELECTRIC,Other,2018,606
FR,JF,PETROL/ELECTRIC,PHEV,2019,1935
FR,JF,PETROL/ELECTRIC,PHEV,2020,2061
FR,JF,PETROL/ELECTRIC,PHEV,2021,3098
FR,JF,PETROL/ELECTRIC,PHEV,2022,1995
FR,JF,PETROL/ELECTRIC,PHEV,2023,4537
FR,V,DIESEL,Diesel,2010,18524
FR,V,DIESEL,Diesel,2011,21630
FR,V,DIESEL,Diesel,2012,20072
FR,V,DIESEL,Diesel,2013,15563
FR,V,DIESEL,Diesel,2014,14095
FR,V,DIESEL,Diesel,2015,16970
FR,V,DIESEL,Diesel,2016,21659
FR,V,DIESEL,Diesel,2017,24884
FR,V,DIESEL,Diesel,2018,25044
FR,V,DIESEL,Diesel,2019,26333
FR,V,DIESEL,Diesel,2020,18731
FR,V,DIESEL,Diesel,2021,12877
FR,V,DIESEL,Diesel,2022,10315
FR,V,DIESEL,Diesel,2023,11049
FR,V,DIESEL,HEV,2019,57
FR,V,DIESEL,HEV,2020,183
FR,V,DIESEL,HEV,2021,270
FR,V,DIESEL,HEV,2022,122
FR,V,DIESEL,HEV,2023,367
FR,V,E85,Other,2010,36
FR,V,E85,Other,2011,25
FR,V,E85,Other,2012,8
FR,V,E85,Other,2013,1
FR,V,ELECTRIC,BEV,2019,2
FR,V,ELECTRIC,BEV,2020,373
FR,V,ELECTRIC,BEV,2021,835
FR,V,ELECTRIC,BEV,2022,1348
FR,V,ELECTRIC,BEV,2023,2796
FR,V,LPG,Other,2013,1
FR,V,NG,Other,2018,26
FR,V,NG,Other,2019,28
FR,V,NG,Other,2020,11
FR,V,NG,Other,2021,1
FR,V,NG-BIOMETHANE,Other,2010,20
FR,V,NG-BIOMETHANE,Other,2011,32
FR,V,NG-BIOMETHANE,Other,2012,9
FR,V,NG-BIOMETHANE,Other,2013,12
FR,V,NG-BIOMETHANE,Other,2014,7
FR,V,NG-BIOMETHANE,Other,2015,13
FR,V,NG-BIOMETHANE,Other,2016,8
FR,V,NG-BIOMETHANE,Other,2017,18
FR,V,NG-BIOMETHANE,Other,2019,4
FR,V,NG-BIOMETHANE,Other,2020,1
FR,V,PETROL,HEV,2022,145
FR,V,PETROL,HEV,2023,138
FR,V,PETROL,Petrol,2010,94
FR,V,PETROL,Petrol,2011,147
FR,V,PETROL,Petrol,2012,160
FR,V,PETROL,Petrol,2013,121
FR,V,PETROL,Petrol,2014,112
FR,V,PETROL,Petrol,2015,212
FR,V,PETROL,Petrol,2016,419
FR,V,PETROL,Petrol,2017,513
FR,V,PETROL,Petrol,2018,1298
FR,V,PETROL,Petrol,2019,7347
FR,V,PETROL,Petrol,2020,3483
FR,V,PETROL,Petrol,2021,3069
FR,V,PETROL,Petrol,2022,2550
FR,V,PETROL,Petrol,2023,925
FR,V,PETROL/ELECTRIC,PHEV,2020,11
FR,V,PETROL/ELECTRIC,PHEV,2021,24
FR,V,PETROL/ELECTRIC,PHEV,2022,582
FR,V,PETROL/ELECTRIC,PHEV,2023,512
GB,,DIESEL,Diesel,2010,26329
GB,,DIESEL,Diesel,2011,21367
GB,,DIESEL,Diesel,2012,20526
GB,,DIESEL,Diesel,2013,21668
GB,,DIESEL,Diesel,2014,23774
GB,,DIESEL,Diesel,2015,34268
GB,,DIESEL,Diesel,2016,43412
GB,,DIESEL,Diesel,2017,36376
GB,,DIESEL,Diesel,2018,22523
GB,,DIESEL,Diesel,2019,12923
GB,,DIESEL,Diesel,2020,5634
GB,,DIESEL,HEV,2020,7
GB,,DIESEL,Other,2011,5
GB,,ELECTRIC,BEV,2014,9
GB,,ELECTRIC,BEV,2015,2
GB,,ELECTRIC,BEV,2016,1
GB,,ELECTRIC,BEV,2017,2
GB,,ELECTRIC,BEV,2018,5
GB,,ELECTRIC,BEV,2019,77
GB,,ELECTRIC,BEV,2020,1292
GB,,ELECTRIC,Other,2010,44
GB,,ELECTRIC,Other,2011,173
GB,,ELECTRIC,Other,2012,257
GB,,ELECTRIC,Other,2013,13
GB,,HYBRID/PETROL/E,Petrol,2015,52
GB,,HYDROGEN,Other,2019,12
GB,,HYDROGEN,Other,2020,13
GB,,LPG,Other,2010,1
GB,,LPG,Other,2011,2
GB,,LPG,Other,2012,3
GB,,LPG,Other,2013,8
GB,,LPG,Other,2015,1
GB,,LPG,Other,2016,1
GB,,PETROL,HEV,2019,934
GB,,PETROL,HEV,2020,922
GB,,PETROL,Other,2010,205
GB,,PETROL,Other,2011,1128
GB,,PETROL,Other,2012,2058
GB,,PETROL,Petrol,2010,43473
GB,,PETROL,Petrol,2011,33346
GB,,PETROL,Petrol,2012,30297
GB,,PETROL,Petrol,2013,27898
GB,,PETROL,Petrol,2014,31776
GB,,PETROL,Petrol,2015,34292
GB,,PETROL,Petrol,2016,34157
GB,,PETROL,Petrol,2017,24081
GB,,PETROL,Petrol,2018,12632
GB,,PETROL,Petrol,2019,11257
GB,,PETROL,Petrol,2020,8556
GB,,PETROL-ELECTRIC,Other,2014,420
GB,,PETROL-ELECTRIC,Other,2015,371
GB,,PETROL-ELECTRIC,Other,2016,129
GB,,PETROL/ELECTRIC,Other,2017,389
GB,,PETROL/ELECTRIC,Other,2018,1478
GB,,PETROL/ELECTRIC,PHEV,2019,2404
GB,,PETROL/ELECTRIC,PHEV,2020,3372
GB,A,DIESEL,Diesel,2010,33423
GB,A,DIESEL,Diesel,2011,27268
GB,A,DIESEL,Diesel,2012,25353
GB,A,DIESEL,Diesel,2013,23759
GB,A,DIESEL,Diesel,2014,22923
GB,A,DIESEL,Diesel,2015,18252
GB,A,DIESEL,Diesel,2016,17014
GB,A,DIESEL,Diesel,2017,6695
GB,A,DIESEL,Diesel,2018,3889
GB,A,DIESEL,Diesel,2019,1360
GB,A,DIESEL,Diesel,2020,477
GB,A,ELECTRIC,BEV,2014,1221
GB,A,ELECTRIC,BEV,2015,2104
GB,A,ELECTRIC,BEV,2016,1777
GB,A,ELECTRIC,BEV,2017,1383
GB,A,ELECTRIC,BEV,2018,2475
GB,A,ELECTRIC,BEV,2019,2950
GB,A,ELECTRIC,BEV,2020,8507
GB,A,ELECTRIC,Other,2010,62
GB,A,ELECTRIC,Other,2011,114
GB,A,ELECTRIC,Other,2012,14
GB,A,ELECTRIC,Other,2013,491
GB,A,LPG,Other,2013,1
GB,A,LPG,Other,2014,1
GB,A,PETROL,HEV,2019,1
GB,A,PETROL,HEV,2020,17050
GB,A,PETROL,Petrol,2010,234681
GB,A,PETROL,Petrol,2011,201182
GB,A,PETROL,Petrol,2012,251646
GB,A,PETROL,Petrol,2013,301295
GB,A,PETROL,Petrol,2014,331687
GB,A,PETROL,Petrol,2015,317800
GB,A,PETROL,Petrol,2016,288743
GB,A,PETROL,Petrol,2017,248627
GB,A,PETROL,Petrol,2018,238165
GB,A,PETROL,Petrol,2019,202847
GB,A,PETROL,Petrol,2020,87761
GB,A,PETROL-ELECTRIC,Other,2015,55
GB,A,PETROL-ELECTRIC,Other,2016,127
GB,A,PETROL/ELECTRIC,Other,2017,100
GB,B,DIESEL,Diesel,2010,140945
GB,B,DIESEL,Diesel,2011,164193
GB,B,DIESEL,Diesel,2012,163579
GB,B,DIESEL,Diesel,2013,192009
GB,B,DIESEL,Diesel,2014,199262
GB,B,DIESEL,Diesel,2015,197895
GB,B,DIESEL,Diesel,2016,145236
GB,B,DIESEL,Diesel,2017,104318
GB,B,DIESEL,Diesel,2018,60018
GB,B,DIESEL,Diesel,2019,35716
GB,B,DIESEL,Diesel,2020,12349
GB,B,DIESEL,HEV,2019,5
GB,B,DIESEL,HEV,2020,4643
GB,B,DIESEL/ELECTRIC,Other,2017,678
GB,B,DIESEL/ELECTRIC,PHEV,2019,2
GB,B,ELECTRIC,BEV,2014,48
GB,B,ELECTRIC,BEV,2015,229
GB,B,ELECTRIC,BEV,2016,360
GB,B,ELECTRIC,BEV,2017,419
GB,B,ELECTRIC,BEV,2018,497
GB,B,ELECTRIC,BEV,2019,282
GB,B,ELECTRIC,BEV,2020,10101
GB,B,LPG,Other,2010,101
GB,B,LPG,Other,2011,65
GB,B,LPG,Other,2012,32
GB,B,LPG,Other,2018,1
GB,B,LPG,Other,2020,256
GB,B,PETROL,HEV,2019,17438
GB,B,PETROL,HEV,2020,30596
GB,B,PETROL,Other,2011,5772
GB,B,PETROL,Other,2012,8749
GB,B,PETROL,Petrol,2010,366660
GB,B,PETROL,Petrol,2011,329933
GB,B,PETROL,Petrol,2012,345945
GB,B,PETROL,Petrol,2013,392558
GB,B,PETROL,Petrol,2014,411211
GB,B,PETROL,Petrol,2015,444095
GB,B,PETROL,Petrol,2016,429947
GB,B,PETROL,Petrol,2017,392313
GB,B,PETROL,Petrol,2018,397768
GB,B,PETROL,Petrol,2019,380923
GB,B,PETROL,Petrol,2020,220312
GB,B,PETROL-ELECTRIC,Other,2015,628
GB,B,PETROL-ELECTRIC,Other,2016,5869
GB,B,PETROL/ELECTRIC,Other,2017,3902
GB,B,PETROL/ELECTRIC,Other,2018,3453
GB,B,PETROL/ELECTRIC,PHEV,2019,5322
GB,B,PETROL/ELECTRIC,PHEV,2020,570
GB,B,UNKNOWN,Other,2019,584
GB,C,DIESEL,Diesel,2010,335473
GB,C,DIESEL,Diesel,2011,344246
GB,C,DIESEL,Diesel,2012,350337
GB,C,DIESEL,Diesel,2013,355836
GB,C,DIESEL,Diesel,2014,378552
GB,C,DIESEL,Diesel,2015,359685
GB,C,DIESEL,Diesel,2016,308636
GB,C,DIESEL,Diesel,2017,231019
GB,C,DIESEL,Diesel,2018,140281
GB,C,DIESEL,Diesel,2019,113638
GB,C,DIESEL,Diesel,2020,56978
GB,C,DIESEL,HEV,2020,2648
GB,C,DIESEL,Other,2011,23
GB,C,DIESEL,Other,2012,657
GB,C,DIESEL,Other,2018,83
GB,C,DIESEL/ELECTRIC,Other,2017,20
GB,C,DIESEL/ELECTRIC,PHEV,2019,1069
GB,C,DIESEL/ELECTRIC,PHEV,2020,1765
GB,C,E85,Other,2011,19
GB,C,E85,Other,2012,1
GB,C,ELECTRIC,BEV,2014,4110
GB,C,ELECTRIC,BEV,2015,5488
GB,C,ELECTRIC,BEV,2016,5485
GB,C,ELECTRIC,BEV,2017,6773
GB,C,ELECTRIC,BEV,2018,7561
GB,C,ELECTRIC,BEV,2019,13188
GB,C,ELECTRIC,BEV,2020,20574
GB,C,ELECTRIC,Other,2011,635
GB,C,ELECTRIC,Other,2012,695
GB,C,ELECTRIC,Other,2013,1902
GB,C,ELECTRIC,Other,2014,556
GB,C,ELECTRIC,Other,2015,604
GB,C,HYBRID/PETROL/E,Petrol,2015,4
GB,C,HYDROGEN,Other,2012,2
GB,C,LPG,Other,2010,1
GB,C,LPG,Other,2013,1
GB,C,LPG,Other,2015,1
GB,C,LPG,Other,2020,24
GB,C,PETROL,HEV,2019,26538
GB,C,PETROL,HEV,2020,43336
GB,C,PETROL,Other,2010,13116
GB,C,PETROL,Other,2011,12755
GB,C,PETROL,Other,2012,10719
GB,C,PETROL,Petrol,2010,272832
GB,C,PETROL,Petrol,2011,215093
GB,C,PETROL,Petrol,2012,191824
GB,C,PETROL,Petrol,2013,226405
GB,C,PETROL,Petrol,2014,243708
GB,C,PETROL,Petrol,2015,266283
GB,C,PETROL,Petrol,2016,285703
GB,C,PETROL,Petrol,2017,324211
GB,C,PETROL,Petrol,2018,319538
GB,C,PETROL,Petrol,2019,276537
GB,C,PETROL,Petrol,2020,178625
GB,C,PETROL-ELECTRIC,Other,2013,84
GB,C,PETROL-ELECTRIC,Other,2014,1276
GB,C,PETROL-ELECTRIC,Other,2015,4457
GB,C,PETROL-ELECTRIC,Other,2016,8015
GB,C,PETROL/ELECTRIC,Other,2017,16141
GB,C,PETROL/ELECTRIC,Other,2018,20343
GB,C,PETROL/ELECTRIC,PHEV,2019,10159
GB,C,PETROL/ELECTRIC,PHEV,2020,31963
GB,D,DIESEL,Diesel,2010,127256
GB,D,DIESEL,Diesel,2011,142198
GB,D,DIESEL,Diesel,2012,137096
GB,D,DIESEL,Diesel,2013,131529
GB,D,DIESEL,Diesel,2014,146800
GB,D,DIESEL,Diesel,2015,145814
GB,D,DIESEL,Diesel,2016,141777
GB,D,DIESEL,Diesel,2017,112026
GB,D,DIESEL,Diesel,2018,71390
GB,D,DIESEL,Diesel,2019,54591
GB,D,DIESEL,Diesel,2020,26202
GB,D,DIESEL,HEV,2020,6571
GB,D,DIESEL,Other,2012,609
GB,D,DIESEL-ELECTRIC,Other,2014,162
GB,D,DIESEL-ELECTRIC,Other,2015,114
GB,D,DIESEL-ELECTRIC,Other,2016,284
GB,D,DIESEL/ELECTRIC,Other,2017,194
GB,D,DIESEL/ELECTRIC,Other,2018,23
GB,D,ELECTRIC,BEV,2014,8
GB,D,ELECTRIC,BEV,2015,5
GB,D,ELECTRIC,BEV,2016,26
GB,D,ELECTRIC,BEV,2019,10651
GB,D,ELECTRIC,BEV,2020,25443
GB,D,LPG,Other,2010,1
GB,D,PETROL,HEV,2019,16
GB,D,PETROL,HEV,2020,9291
GB,D,PETROL,Other,2010,2
GB,D,PETROL,Petrol,2010,38789
GB,D,PETROL,Petrol,2011,32258
GB,D,PETROL,Petrol,2012,23413
GB,D,PETROL,Petrol,2013,21311
GB,D,PETROL,Petrol,2014,23412
GB,D,PETROL,Petrol,2015,23625
GB,D,PETROL,Petrol,2016,32217
GB,D,PETROL,Petrol,2017,45417
GB,D,PETROL,Petrol,2018,51548
GB,D,PETROL,Petrol,2019,54245
GB,D,PETROL,Petrol,2020,18487
GB,D,PETROL-ELECTRIC,Other,2014,15
GB,D,PETROL-ELECTRIC,Other,2015,163
GB,D,PETROL-ELECTRIC,Other,2016,429
GB,D,PETROL/ELECTRIC,Other,2017,1706
GB,D,PETROL/ELECTRIC,Other,2018,1906
GB,D,PETROL/ELECTRIC,PHEV,2019,872
GB,D,PETROL/ELECTRIC,PHEV,2020,3737
GB,E,DIESEL,Diesel,2010,33683
GB,E,DIESEL,Diesel,2011,36158
GB,E,DIESEL,Diesel,2012,45495
GB,E,DIESEL,Diesel,2013,51086
GB,E,DIESEL,Diesel,2014,49835
GB,E,DIESEL,Diesel,2015,48466
GB,E,DIESEL,Diesel,2016,64985
GB,E,DIESEL,Diesel,2017,61172
GB,E,DIESEL,Diesel,2018,44043
GB,E,DIESEL,Diesel,2019,35021
GB,E,DIESEL,Diesel,2020,9711
GB,E,DIESEL,HEV,2020,3011
GB,E,ELECTRIC,BEV,2020,849
GB,E,HYDROGEN,Other,2015,4
GB,E,HYDROGEN,Other,2016,8
GB,E,HYDROGEN,Other,2017,32
GB,E,HYDROGEN,Other,2018,36
GB,E,HYDROGEN,Other,2019,65
GB,E,HYDROGEN,Other,2020,44
GB,E,LPG,Other,2011,1
GB,E,PETROL,HEV,2019,1851
GB,E,PETROL,HEV,2020,2857
GB,E,PETROL,Other,2011,1047
GB,E,PETROL,Other,2012,318
GB,E,PETROL,Petrol,2010,6559
GB,E,PETROL,Petrol,2011,4512
GB,E,PETROL,Petrol,2012,3679
GB,E,PETROL,Petrol,2013,3373
GB,E,PETROL,Petrol,2014,2924
GB,E,PETROL,Petrol,2015,5018
GB,E,PETROL,Petrol,2016,5351
GB,E,PETROL,Petrol,2017,7828
GB,E,PETROL,Petrol,2018,15635
GB,E,PETROL,Petrol,2019,15610
GB,E,PETROL,Petrol,2020,7703
GB,E,PETROL-ELECTRIC,Other,2014,188
GB,E,PETROL-ELECTRIC,Other,2015,198
GB,E,PETROL-ELECTRIC,Other,2016,177
GB,E,PETROL/ELECTRIC,Other,2017,719
GB,E,PETROL/ELECTRIC,Other,2018,676
GB,E,PETROL/ELECTRIC,PHEV,2019,642
GB,E,PETROL/ELECTRIC,PHEV,2020,803
GB,F,DIESEL,Diesel,2010,53040
GB,F,DIESEL,Diesel,2011,41111
GB,F,DIESEL,Diesel,2012,46999
GB,F,DIESEL,Diesel,2013,46022
GB,F,DIESEL,Diesel,2014,37133
GB,F,DIESEL,Diesel,2015,37581
GB,F,DIESEL,Diesel,2016,50082
GB,F,DIESEL,Diesel,2017,46346
GB,F,DIESEL,Diesel,2018,32643
GB,F,DIESEL,Diesel,2019,30499
GB,F,DIESEL,Diesel,2020,12689
GB,F,DIESEL,HEV,2020,821
GB,F,ELECTRIC,BEV,2014,716
GB,F,ELECTRIC,BEV,2015,1464
GB,F,ELECTRIC,BEV,2016,2469
GB,F,ELECTRIC,BEV,2017,2635
GB,F,ELECTRIC,BEV,2018,1890
GB,F,ELECTRIC,BEV,2019,1223
GB,F,ELECTRIC,BEV,2020,4060
GB,F,ELECTRIC,Other,2011,46
GB,F,ELECTRIC,Other,2012,173
GB,F,ELECTRIC,Other,2013,63
GB,F,LPG,Other,2010,7
GB,F,LPG,Other,2011,6
GB,F,LPG,Other,2012,1
GB,F,LPG,Other,2013,1
GB,F,PETROL,HEV,2019,62
GB,F,PETROL,HEV,2020,230
GB,F,PETROL,Other,2010,60
GB,F,PETROL,Other,2011,40
GB,F,PETROL,Other,2012,18
GB,F,PETROL,Other,2020,5
GB,F,PETROL,Petrol,2010,73276
GB,F,PETROL,Petrol,2011,66954
GB,F,PETROL,Petrol,2012,71388
GB,F,PETROL,Petrol,2013,70580
GB,F,PETROL,Petrol,2014,66166
GB,F,PETROL,Petrol,2015,73232
GB,F,PETROL,Petrol,2016,86634
GB,F,PETROL,Petrol,2017,74353
GB,F,PETROL,Petrol,2018,68460
GB,F,PETROL,Petrol,2019,69214
GB,F,PETROL,Petrol,2020,51633
GB,F,PETROL-ELECTRIC,Other,2014,318
GB,F,PETROL-ELECTRIC,Other,2015,908
GB,F,PETROL-ELECTRIC,Other,2016,652
GB,F,PETROL/ELECTRIC,Other,2017,352
GB,F,PETROL/ELECTRIC,Other,2018,503
GB,F,PETROL/ELECTRIC,PHEV,2019,332
GB,F,PETROL/ELECTRIC,PHEV,2020,289
GB,F,UNKNOWN,Other,2011,1
GB,JA,DIESEL,Diesel,2010,4053
GB,JA,DIESEL,Diesel,2011,4015
GB,JA,DIESEL,Diesel,2012,4764
GB,JA,DIESEL,Diesel,2013,4082
GB,JA,DIESEL,Diesel,2014,3785
GB,JA,DIESEL,Diesel,2015,3509
GB,JA,DIESEL,Diesel,2016,3370
GB,JA,DIESEL,Diesel,2017,4989
GB,JA,DIESEL,Diesel,2018,4475
GB,JA,DIESEL,Diesel,2019,8462
GB,JA,DIESEL,Diesel,2020,5910
GB,JA,DIESEL,Other,2012,1
GB,JA,PETROL,HEV,2019,1128
GB,JA,PETROL,HEV,2020,3690
GB,JA,PETROL,Petrol,2010,168
GB,JA,PETROL,Petrol,2011,72
GB,JA,PETROL,Petrol,2012,53
GB,JA,PETROL,Petrol,2013,33
GB,JA,PETROL,Petrol,2014,29
GB,JA,PETROL,Petrol,2015,31
GB,JA,PETROL,Petrol,2016,840
GB,JA,PETROL,Petrol,2017,16196
GB,JA,PETROL,Petrol,2018,18772
GB,JA,PETROL,Petrol,2019,15408
GB,JA,PETROL,Petrol,2020,24896
GB,JB,DIESEL,Diesel,2010,8170
GB,JB,DIESEL,Diesel,2011,16742
GB,JB,DIESEL,Diesel,2012,27261
GB,JB,DIESEL,Diesel,2013,58779
GB,JB,DIESEL,Diesel,2014,96753
GB,JB,DIESEL,Diesel,2015,112449
GB,JB,DIESEL,Diesel,2016,124111
GB,JB,DIESEL,Diesel,2017,82655
GB,JB,DIESEL,Diesel,2018,57771
GB,JB,DIESEL,Diesel,2019,32854
GB,JB,DIESEL,Diesel,2020,12981
GB,JB,ELECTRIC,BEV,2014,20
GB,JB,ELECTRIC,BEV,2015,23
GB,JB,ELECTRIC,BEV,2016,106
GB,JB,ELECTRIC,BEV,2017,266
GB,JB,ELECTRIC,BEV,2018,672
GB,JB,ELECTRIC,BEV,2019,1415
GB,JB,ELECTRIC,BEV,2020,8725
GB,JB,ELECTRIC,Other,2011,120
GB,JB,ELECTRIC,Other,2012,222
GB,JB,ELECTRIC,Other,2013,27
GB,JB,LPG,Other,2018,1
GB,JB,LPG,Other,2020,503
GB,JB,PETROL,HEV,2019,15390
GB,JB,PETROL,HEV,2020,44258
GB,JB,PETROL,Other,2012,96
GB,JB,PETROL,Petrol,2010,11629
GB,JB,PETROL,Petrol,2011,21660
GB,JB,PETROL,Petrol,2012,28093
GB,JB,PETROL,Petrol,2013,45277
GB,JB,PETROL,Petrol,2014,66513
GB,JB,PETROL,Petrol,2015,98761
GB,JB,PETROL,Petrol,2016,116089
GB,JB,PETROL,Petrol,2017,142808
GB,JB,PETROL,Petrol,2018,202234
GB,JB,PETROL,Petrol,2019,223581
GB,JB,PETROL,Petrol,2020,142083
GB,JB,PETROL/ELECTRIC,Other,2017,315
GB,JB,PETROL/ELECTRIC,Other,2018,1012
GB,JB,PETROL/ELECTRIC,PHEV,2019,888
GB,JB,PETROL/ELECTRIC,PHEV,2020,1660
GB,JC,DIESEL,Diesel,2010,81345
GB,JC,DIESEL,Diesel,2011,83133
GB,JC,DIESEL,Diesel,2012,101372
GB,JC,DIESEL,Diesel,2013,123935
GB,JC,DIESEL,Diesel,2014,148558
GB,JC,DIESEL,Diesel,2015,175375
GB,JC,DIESEL,Diesel,2016,223828
GB,JC,DIESEL,Diesel,2017,214301
GB,JC,DIESEL,Diesel,2018,171350
GB,JC,DIESEL,Diesel,2019,147520
GB,JC,DIESEL,Diesel,2020,57109
GB,JC,DIESEL,HEV,2019,52
GB,JC,DIESEL,HEV,2020,12266
GB,JC,ELECTRIC,BEV,2018,840
GB,JC,ELECTRIC,BEV,2019,5531
GB,JC,ELECTRIC,BEV,2020,20360
GB,JC,LPG,Other,2012,1
GB,JC,LPG,Other,2014,8
GB,JC,PETROL,HEV,2019,27980
GB,JC,PETROL,HEV,2020,26796
GB,JC,PETROL,Other,2010,1
GB,JC,PETROL,Other,2020,4
GB,JC,PETROL,Petrol,2010,19105
GB,JC,PETROL,Petrol,2011,21916
GB,JC,PETROL,Petrol,2012,25048
GB,JC,PETROL,Petrol,2013,32157
GB,JC,PETROL,Petrol,2014,31467
GB,JC,PETROL,Petrol,2015,46103
GB,JC,PETROL,Petrol,2016,66523
GB,JC,PETROL,Petrol,2017,119222
GB,JC,PETROL,Petrol,2018,191644
GB,JC,PETROL,Petrol,2019,215394
GB,JC,PETROL,Petrol,2020,146834
GB,JC,PETROL/ELECTRIC,Other,2017,473
GB,JC,PETROL/ELECTRIC,Other,2018,2154
GB,JC,PETROL/ELECTRIC,PHEV,2019,2504
GB,JC,PETROL/ELECTRIC,PHEV,2020,20275
GB,JD,DIESEL,Diesel,2010,40958
GB,JD,DIESEL,Diesel,2011,46332
GB,JD,DIESEL,Diesel,2012,46917
GB,JD,DIESEL,Diesel,2013,51348
GB,JD,DIESEL,Diesel,2014,61562
GB,JD,DIESEL,Diesel,2015,84825
GB,JD,DIESEL,Diesel,2016,101860
GB,JD,DIESEL,Diesel,2017,104098
GB,JD,DIESEL,Diesel,2018,83998
GB,JD,DIESEL,Diesel,2019,80618
GB,JD,DIESEL,Diesel,2020,43412
GB,JD,DIESEL,HEV,2020,7561
GB,JD,DIESEL-ELECTRIC,Other,2015,38
GB,JD,DIESEL-ELECTRIC,Other,2016,69
GB,JD,DIESEL/ELECTRIC,Other,2017,295
GB,JD,DIESEL/ELECTRIC,Other,2018,192
GB,JD,DIESEL/ELECTRIC,PHEV,2020,623
GB,JD,ELECTRIC,BEV,2014,6
GB,JD,ELECTRIC,BEV,2015,7
GB,JD,ELECTRIC,BEV,2016,2
GB,JD,ELECTRIC,BEV,2017,2
GB,JD,LPG,Other,2010,1
GB,JD,LPG,Other,2013,2
GB,JD,LPG,Other,2014,1
GB,JD,PETROL,HEV,2019,9798
GB,JD,PETROL,HEV,2020,17282
GB,JD,PETROL,Other,2010,15
GB,JD,PETROL,Other,2011,59
GB,JD,PETROL,Other,2012,14
GB,JD,PETROL,Other,2020,10
GB,JD,PETROL,Petrol,2010,1891
GB,JD,PETROL,Petrol,2011,1318
GB,JD,PETROL,Petrol,2012,2280
GB,JD,PETROL,Petrol,2013,2286
GB,JD,PETROL,Petrol,2014,2952
GB,JD,PETROL,Petrol,2015,6033
GB,JD,PETROL,Petrol,2016,10710
GB,JD,PETROL,Petrol,2017,15603
GB,JD,PETROL,Petrol,2018,25296
GB,JD,PETROL,Petrol,2019,30978
GB,JD,PETROL,Petrol,2020,16760
GB,JD,PETROL-ELECTRIC,Other,2014,5361
GB,JD,PETROL-ELECTRIC,Other,2015,11681
GB,JD,PETROL-ELECTRIC,Other,2016,10971
GB,JD,PETROL/ELECTRIC,Other,2017,9198
GB,JD,PETROL/ELECTRIC,Other,2018,9723
GB,JD,PETROL/ELECTRIC,PHEV,2019,7559
GB,JD,PETROL/ELECTRIC,PHEV,2020,6828
GB,JE,DIESEL,Diesel,2010,7886
GB,JE,DIESEL,Diesel,2011,8266
GB,JE,DIESEL,Diesel,2012,9208
GB,JE,DIESEL,Diesel,2013,8116
GB,JE,DIESEL,Diesel,2014,10355
GB,JE,DIESEL,Diesel,2015,13514
GB,JE,DIESEL,Diesel,2016,18107
GB,JE,DIESEL,Diesel,2017,13874
GB,JE,DIESEL,Diesel,2018,17061
GB,JE,DIESEL,Diesel,2019,14809
GB,JE,DIESEL,Diesel,2020,7748
GB,JE,DIESEL,HEV,2020,2069
GB,JE,DIESEL/ELECTRIC,PHEV,2020,481
GB,JE,ELECTRIC,BEV,2016,42
GB,JE,ELECTRIC,BEV,2017,2102
GB,JE,ELECTRIC,BEV,2018,1476
GB,JE,ELECTRIC,BEV,2019,1280
GB,JE,ELECTRIC,BEV,2020,1525
GB,JE,PETROL,HEV,2019,2618
GB,JE,PETROL,HEV,2020,3261
GB,JE,PETROL,Other,2010,3287
GB,JE,PETROL,Other,2011,2407
GB,JE,PETROL,Other,2012,2284
GB,JE,PETROL,Petrol,2010,1104
GB,JE,PETROL,Petrol,2011,906
GB,JE,PETROL,Petrol,2012,842
GB,JE,PETROL,Petrol,2013,2786
GB,JE,PETROL,Petrol,2014,2606
GB,JE,PETROL,Petrol,2015,2488
GB,JE,PETROL,Petrol,2016,4157
GB,JE,PETROL,Petrol,2017,4107
GB,JE,PETROL,Petrol,2018,4635
GB,JE,PETROL,Petrol,2019,4724
GB,JE,PETROL,Petrol,2020,2770
GB,JE,PETROL PHEV,Other,2015,213
GB,JE,PETROL-ELECTRIC,Other,2014,70
GB,JE,PETROL-ELECTRIC,Other,2015,541
GB,JE,PETROL-ELECTRIC,Other,2016,1975
GB,JE,PETROL/ELECTRIC,Other,2017,1800
GB,JE,PETROL/ELECTRIC,Other,2018,998
GB,JE,PETROL/ELECTRIC,PHEV,2019,1437
GB,JE,PETROL/ELECTRIC,PHEV,2020,3148
GB,JE,UNKNOWN,Other,2011,1
GB,JF,DIESEL,Diesel,2010,28299
GB,JF,DIESEL,Diesel,2011,28741
GB,JF,DIESEL,Diesel,2012,37291
GB,JF,DIESEL,Diesel,2013,40388
GB,JF,DIESEL,Diesel,2014,41109
GB,JF,DIESEL,Diesel,2015,27780
GB,JF,DIESEL,Diesel,2016,23071
GB,JF,DIESEL,Diesel,2017,24448
GB,JF,DIESEL,Diesel,2018,19990
GB,JF,DIESEL,Diesel,2019,22587
GB,JF,DIESEL,Diesel,2020,15532
GB,JF,DIESEL,HEV,2020,83
GB,JF,ELECTRIC,BEV,2019,1112
GB,JF,ELECTRIC,BEV,2020,5871
GB,JF,LPG,Other,2010,21
GB,JF,LPG,Other,2011,9
GB,JF,LPG,Other,2012,15
GB,JF,PETROL,HEV,2020,1
GB,JF,PETROL,Petrol,2010,517
GB,JF,PETROL,Petrol,2011,1105
GB,JF,PETROL,Petrol,2012,1419
GB,JF,PETROL,Petrol,2013,1024
GB,JF,PETROL,Petrol,2014,780
GB,JF,PETROL,Petrol,2015,789
GB,JF,PETROL,Petrol,2016,1434
GB,JF,PETROL,Petrol,2017,2076
GB,JF,PETROL,Petrol,2018,3434
GB,JF,PETROL,Petrol,2019,7585
GB,JF,PETROL,Petrol,2020,6884
GB,JF,PETROL/ELECTRIC,Other,2018,1159
GB,JF,PETROL/ELECTRIC,PHEV,2019,2013
GB,JF,PETROL/ELECTRIC,PHEV,2020,2083
GB,V,DIESEL,Diesel,2010,14649
GB,V,DIESEL,Diesel,2011,17619
GB,V,DIESEL,Diesel,2012,17449
GB,V,DIESEL,Diesel,2013,16733
GB,V,DIESEL,Diesel,2014,17153
GB,V,DIESEL,Diesel,2015,15703
GB,V,DIESEL,Diesel,2016,19680
GB,V,DIESEL,Diesel,2017,23018
GB,V,DIESEL,Diesel,2018,16410
GB,V,DIESEL,Diesel,2019,24152
GB,V,DIESEL,Diesel,2020,13150
GB,V,ELECTRIC,BEV,2019,15
GB,V,ELECTRIC,BEV,2020,189
GB,V,ELECTRIC,Other,2010,10
GB,V,LPG,Other,2013,1
GB,V,PETROL,HEV,2020,1
GB,V,PETROL,Other,2012,1
GB,V,PETROL,PHEV,2020,2
GB,V,PETROL,Petrol,2010,3144
GB,V,PETROL,Petrol,2011,1245
GB,V,PETROL,Petrol,2012,618
GB,V,PETROL,Petrol,2013,384
GB,V,PETROL,Petrol,2014,349
GB,V,PETROL,Petrol,2015,244
GB,V,PETROL,Petrol,2016,435
GB,V,PETROL,Petrol,2017,717
GB,V,PETROL,Petrol,2018,1174
GB,V,PETROL,Petrol,2019,4751
GB,V,PETROL,Petrol,2020,2111
GR,,DIESEL,Diesel,2010,267
GR,,DIESEL,Diesel,2011,129
GR,,DIESEL,Diesel,2012,323
GR,,DIESEL,Diesel,2013,432
GR,,DIESEL,Diesel,2014,1001
GR,,DIESEL,Diesel,2015,926
GR,,DIESEL,Diesel,2016,584
GR,,DIESEL,Diesel,2017,414
GR,,DIESEL,Diesel,2018,238
GR,,DIESEL,Diesel,2019,260
GR,,DIESEL,Diesel,2020,26
GR,,DIESEL,Diesel,2021,40
GR,,DIESEL,Diesel,2022,57
GR,,DIESEL,Diesel,2023,173
GR,,ELECTRIC,BEV,2014,15
GR,,ELECTRIC,BEV,2015,18
GR,,ELECTRIC,BEV,2018,4
GR,,ELECTRIC,BEV,2020,6
GR,,ELECTRIC,BEV,2021,11
GR,,ELECTRIC,BEV,2022,24
GR,,ELECTRIC,BEV,2023,98
GR,,LPG,Other,2010,3
GR,,LPG,Other,2011,11
GR,,LPG,Other,2013,3
GR,,LPG,Other,2015,2
GR,,NG-BIOMETHANE,Other,2015,1
GR,,PETROL,HEV,2021,5
GR,,PETROL,HEV,2022,184
GR,,PETROL,HEV,2023,201
GR,,PETROL,Petrol,2010,7949
GR,,PETROL,Petrol,2011,3681
GR,,PETROL,Petrol,2012,1074
GR,,PETROL,Petrol,2013,440
GR,,PETROL,Petrol,2014,743
GR,,PETROL,Petrol,2015,561
GR,,PETROL,Petrol,2016,440
GR,,PETROL,Petrol,2017,137
GR,,PETROL,Petrol,2018,143
GR,,PETROL,Petrol,2019,215
GR,,PETROL,Petrol,2020,160
GR,,PETROL,Petrol,2021,184
GR,,PETROL,Petrol,2022,167
GR,,PETROL,Petrol,2023,10
GR,,PETROL-ELECTRIC,Other,2014,2
GR,,PETROL-ELECTRIC,Other,2015,2
GR,,PETROL-ELECTRIC,Other,2016,3
GR,,PETROL/ELECTRIC,Other,2017,7
GR,,PETROL/ELECTRIC,Other,2018,2
GR,,PETROL/ELECTRIC,PHEV,2019,7
GR,,PETROL/ELECTRIC,PHEV,2020,6
GR,,PETROL/ELECTRIC,PHEV,2021,6
GR,,PETROL/ELECTRIC,PHEV,2022,7
GR,,PETROL/ELECTRIC,PHEV,2023,167
GR,A,DIESEL,Diesel,2010,618
GR,A,DIESEL,Diesel,2011,803
GR,A,DIESEL,Diesel,2012,2002
GR,A,DIESEL,Diesel,2013,2660
GR,A,DIESEL,Diesel,2014,2924
GR,A,DIESEL,Diesel,2015,2287
GR,A,DIESEL,Diesel,2016,2548
GR,A,DIESEL,Diesel,2017,1897
GR,A,DIESEL,Diesel,2018,1801
GR,A,DIESEL,Diesel,2019,988
GR,A,DIESEL,Diesel,2020,218
GR,A,DIESEL,Diesel,2021,37
GR,A,DIESEL,Diesel,2022,22
GR,A,DIESEL,Diesel,2023,24
GR,A,DIESEL,HEV,2023,2
GR,A,ELECTRIC,BEV,2015,2
GR,A,ELECTRIC,BEV,2017,16
GR,A,ELECTRIC,BEV,2018,39
GR,A,ELECTRIC,BEV,2019,38
GR,A,ELECTRIC,BEV,2020,101
GR,A,ELECTRIC,BEV,2021,209
GR,A,ELECTRIC,BEV,2022,267
GR,A,ELECTRIC,BEV,2023,342
GR,A,LPG,Other,2010,5
GR,A,LPG,Other,2011,58
GR,A,LPG,Other,2012,42
GR,A,LPG,Other,2013,24
GR,A,LPG,Other,2014,66
GR,A,LPG,Other,2015,57
GR,A,LPG,Other,2016,35
GR,A,LPG,Other,2017,14
GR,A,LPG,Other,2018,1
GR,A,NG,Other,2018,396
GR,A,NG,Other,2020,19
GR,A,NG,Other,2021,38
GR,A,NG,Other,2022,46
GR,A,NG,Other,2023,42
GR,A,NG-BIOMETHANE,Other,2010,6
GR,A,NG-BIOMETHANE,Other,2013,26
GR,A,NG-BIOMETHANE,Other,2014,189
GR,A,NG-BIOMETHANE,Other,2015,159
GR,A,NG-BIOMETHANE,Other,2016,117
GR,A,NG-BIOMETHANE,Other,2017,198
GR,A,NG-BIOMETHANE,Other,2019,668
GR,A,NG-BIOMETHANE,Other,2020,367
GR,A,NG-BIOMETHANE,Other,2021,234
GR,A,PETROL,HEV,2020,472
GR,A,PETROL,HEV,2021,2457
GR,A,PETROL,HEV,2022,3074
GR,A,PETROL,HEV,2023,5879
GR,A,PETROL,Other,2013,1
GR,A,PETROL,Petrol,2010,26227
GR,A,PETROL,Petrol,2011,17593
GR,A,PETROL,Petrol,2012,8311
GR,A,PETROL,Petrol,2013,8217
GR,A,PETROL,Petrol,2014,9643
GR,A,PETROL,Petrol,2015,9636
GR,A,PETROL,Petrol,2016,9334
GR,A,PETROL,Petrol,2017,10965
GR,A,PETROL,Petrol,2018,13916
GR,A,PETROL,Petrol,2019,14500
GR,A,PETROL,Petrol,2020,6148
GR,A,PETROL,Petrol,2021,6870
GR,A,PETROL,Petrol,2022,5069
GR,A,PETROL,Petrol,2023,6805
GR,A,PETROL-ELECTRIC,Other,2014,1
GR,A,PETROL-ELECTRIC,Other,2015,1
GR,A,PETROL-ELECTRIC,Other,2016,1
GR,A,PETROL/ELECTRIC,PHEV,2021,7
GR,A,PETROL/ELECTRIC,PHEV,2022,3
GR,A,PETROL/ELECTRIC,PHEV,2023,51
GR,B,DIESEL,Diesel,2010,1185
GR,B,DIESEL,Diesel,2011,4341
GR,B,DIESEL,Diesel,2012,12078
GR,B,DIESEL,Diesel,2013,16254
GR,B,DIESEL,Diesel,2014,19997
GR,B,DIESEL,Diesel,2015,19944
GR,B,DIESEL,Diesel,2016,13626
GR,B,DIESEL,Diesel,2017,12727
GR,B,DIESEL,Diesel,2018,12119
GR,B,DIESEL,Diesel,2019,7588
GR,B,DIESEL,Diesel,2020,5348
GR,B,DIESEL,Diesel,2021,5266
GR,B,DIESEL,Diesel,2022,5519
GR,B,DIESEL,Diesel,2023,7912
GR,B,DIESEL,HEV,2020,7
GR,B,DIESEL,HEV,2021,11
GR,B,DIESEL,HEV,2022,16
GR,B,DIESEL,HEV,2023,20
GR,B,DIESEL,Other,2018,1
GR,B,ELECTRIC,BEV,2019,5
GR,B,ELECTRIC,BEV,2020,176
GR,B,ELECTRIC,BEV,2021,269
GR,B,ELECTRIC,BEV,2022,183
GR,B,ELECTRIC,BEV,2023,688
GR,B,LPG,Other,2010,1
GR,B,LPG,Other,2011,48
GR,B,LPG,Other,2012,44
GR,B,LPG,Other,2013,16
GR,B,LPG,Other,2014,3
GR,B,LPG,Other,2015,22
GR,B,LPG,Other,2016,7
GR,B,LPG,Other,2017,9
GR,B,LPG,Other,2018,1
GR,B,LPG,Other,2019,691
GR,B,LPG,Other,2020,138
GR,B,LPG,Other,2021,1101
GR,B,LPG,Other,2022,1612
GR,B,LPG,Other,2023,1893
GR,B,NG,Other,2018,240
GR,B,NG,Other,2020,158
GR,B,NG,Other,2021,146
GR,B,NG,Other,2022,110
GR,B,NG,Other,2023,108
GR,B,NG-BIOMETHANE,Other,2012,1
GR,B,NG-BIOMETHANE,Other,2014,1
GR,B,NG-BIOMETHANE,Other,2016,1
GR,B,NG-BIOMETHANE,Other,2017,1
GR,B,NG-BIOMETHANE,Other,2019,344
GR,B,PETROL,HEV,2019,2774
GR,B,PETROL,HEV,2020,2854
GR,B,PETROL,HEV,2021,4590
GR,B,PETROL,HEV,2022,4731
GR,B,PETROL,HEV,2023,6295
GR,B,PETROL,Other,2011,4
GR,B,PETROL,Other,2018,1
GR,B,PETROL,Petrol,2010,41545
GR,B,PETROL,Petrol,2011,29029
GR,B,PETROL,Petrol,2012,11489
GR,B,PETROL,Petrol,2013,7520
GR,B,PETROL,Petrol,2014,7641
GR,B,PETROL,Petrol,2015,9024
GR,B,PETROL,Petrol,2016,13927
GR,B,PETROL,Petrol,2017,19313
GR,B,PETROL,Petrol,2018,25236
GR,B,PETROL,Petrol,2019,28010
GR,B,PETROL,Petrol,2020,15088
GR,B,PETROL,Petrol,2021,18448
GR,B,PETROL,Petrol,2022,16258
GR,B,PETROL,Petrol,2023,21056
GR,B,PETROL-ELECTRIC,Other,2016,7
GR,B,PETROL/ELECTRIC,Other,2017,6
GR,B,PETROL/ELECTRIC,Other,2018,1
GR,B,PETROL/ELECTRIC,PHEV,2019,30
GR,B,PETROL/ELECTRIC,PHEV,2022,9
GR,B,PETROL/ELECTRIC,PHEV,2023,30
GR,C,CNG,Other,2020,7
GR,C,DIESEL,Diesel,2010,1576
GR,C,DIESEL,Diesel,2011,1624
GR,C,DIESEL,Diesel,2012,4413
GR,C,DIESEL,Diesel,2013,9126
GR,C,DIESEL,Diesel,2014,12313
GR,C,DIESEL,Diesel,2015,12035
GR,C,DIESEL,Diesel,2016,11573
GR,C,DIESEL,Diesel,2017,9759
GR,C,DIESEL,Diesel,2018,8059
GR,C,DIESEL,Diesel,2019,6652
GR,C,DIESEL,Diesel,2020,4288
GR,C,DIESEL,Diesel,2021,4098
GR,C,DIESEL,Diesel,2022,4203
GR,C,DIESEL,Diesel,2023,2672
GR,C,DIESEL,HEV,2020,43
GR,C,DIESEL,HEV,2021,103
GR,C,DIESEL,HEV,2022,50
GR,C,DIESEL,HEV,2023,247
GR,C,DIESEL-ELECTRIC,Other,2015,2
GR,C,DIESEL/ELECTRIC,Other,2017,8
GR,C,DIESEL/ELECTRIC,PHEV,2019,2
GR,C,DIESEL/ELECTRIC,PHEV,2020,3
GR,C,DIESEL/ELECTRIC,PHEV,2021,38
GR,C,DIESEL/ELECTRIC,PHEV,2022,6
GR,C,DIESEL/ELECTRIC,PHEV,2023,3
GR,C,E85,Other,2012,1
GR,C,ELECTRIC,BEV,2015,1
GR,C,ELECTRIC,BEV,2016,17
GR,C,ELECTRIC,BEV,2017,20
GR,C,ELECTRIC,BEV,2018,29
GR,C,ELECTRIC,BEV,2019,112
GR,C,ELECTRIC,BEV,2020,254
GR,C,ELECTRIC,BEV,2021,391
GR,C,ELECTRIC,BEV,2022,549
GR,C,ELECTRIC,BEV,2023,1139
GR,C,ELECTRIC,Other,2014,23
GR,C,ELECTRIC,Other,2015,10
GR,C,LPG,Other,2011,8
GR,C,LPG,Other,2012,3
GR,C,LPG,Other,2013,12
GR,C,LPG,Other,2014,3
GR,C,LPG,Other,2015,1
GR,C,LPG,Other,2017,1
GR,C,LPG,Other,2022,119
GR,C,LPG,Other,2023,195
GR,C,NG,Other,2018,402
GR,C,NG,Other,2020,350
GR,C,NG,Other,2021,305
GR,C,NG,Other,2022,140
GR,C,NG,Other,2023,114
GR,C,NG-BIOMETHANE,Other,2014,49
GR,C,NG-BIOMETHANE,Other,2015,155
GR,C,NG-BIOMETHANE,Other,2016,124
GR,C,NG-BIOMETHANE,Other,2017,133
GR,C,NG-BIOMETHANE,Other,2019,267
GR,C,NG-BIOMETHANE,Other,2020,1
GR,C,PETROL,HEV,2019,998
GR,C,PETROL,HEV,2020,1795
GR,C,PETROL,HEV,2021,3324
GR,C,PETROL,HEV,2022,4130
GR,C,PETROL,HEV,2023,5278
GR,C,PETROL,Petrol,2010,35416
GR,C,PETROL,Petrol,2011,21650
GR,C,PETROL,Petrol,2012,7355
GR,C,PETROL,Petrol,2013,4406
GR,C,PETROL,Petrol,2014,3562
GR,C,PETROL,Petrol,2015,3386
GR,C,PETROL,Petrol,2016,4341
GR,C,PETROL,Petrol,2017,6539
GR,C,PETROL,Petrol,2018,9237
GR,C,PETROL,Petrol,2019,9385
GR,C,PETROL,Petrol,2020,6180
GR,C,PETROL,Petrol,2021,6057
GR,C,PETROL,Petrol,2022,6483
GR,C,PETROL,Petrol,2023,6656
GR,C,PETROL-ELECTRIC,Other,2013,1
GR,C,PETROL-ELECTRIC,Other,2014,17
GR,C,PETROL-ELECTRIC,Other,2015,24
GR,C,PETROL-ELECTRIC,Other,2016,30
GR,C,PETROL/ELECTRIC,Other,2017,46
GR,C,PETROL/ELECTRIC,Other,2018,24
GR,C,PETROL/ELECTRIC,PHEV,2019,22
GR,C,PETROL/ELECTRIC,PHEV,2020,533
GR,C,PETROL/ELECTRIC,PHEV,2021,1719
GR,C,PETROL/ELECTRIC,PHEV,2022,1585
GR,C,PETROL/ELECTRIC,PHEV,2023,2199
GR,D,DIESEL,Diesel,2010,270
GR,D,DIESEL,Diesel,2011,650
GR,D,DIESEL,Diesel,2012,1082
GR,D,DIESEL,Diesel,2013,838
GR,D,DIESEL,Diesel,2014,829
GR,D,DIESEL,Diesel,2015,1060
GR,D,DIESEL,Diesel,2016,1171
GR,D,DIESEL,Diesel,2017,753
GR,D,DIESEL,Diesel,2018,454
GR,D,DIESEL,Diesel,2019,419
GR,D,DIESEL,Diesel,2020,364
GR,D,DIESEL,Diesel,2021,160
GR,D,DIESEL,Diesel,2022,138
GR,D,DIESEL,Diesel,2023,141
GR,D,DIESEL,HEV,2020,17
GR,D,DIESEL,HEV,2021,68
GR,D,DIESEL,HEV,2022,81
GR,D,DIESEL,HEV,2023,77
GR,D,DIESEL-ELECTRIC,Other,2014,4
GR,D,DIESEL-ELECTRIC,Other,2015,4
GR,D,DIESEL-ELECTRIC,Other,2016,1
GR,D,DIESEL/ELECTRIC,Other,2017,1
GR,D,ELECTRIC,BEV,2019,8
GR,D,ELECTRIC,BEV,2020,40
GR,D,ELECTRIC,BEV,2021,536
GR,D,ELECTRIC,BEV,2022,258
GR,D,ELECTRIC,BEV,2023,712
GR,D,LPG,Other,2011,4
GR,D,LPG,Other,2013,11
GR,D,LPG,Other,2014,3
GR,D,LPG,Other,2016,2
GR,D,NG-BIOMETHANE,Other,2011,1
GR,D,NG-BIOMETHANE,Other,2013,13
GR,D,NG-BIOMETHANE,Other,2014,5
GR,D,NG-BIOMETHANE,Other,2015,2
GR,D,NG-BIOMETHANE,Other,2016,1
GR,D,PETROL,HEV,2019,134
GR,D,PETROL,HEV,2020,62
GR,D,PETROL,HEV,2021,50
GR,D,PETROL,HEV,2022,43
GR,D,PETROL,HEV,2023,30
GR,D,PETROL,Petrol,2010,7292
GR,D,PETROL,Petrol,2011,4193
GR,D,PETROL,Petrol,2012,1753
GR,D,PETROL,Petrol,2013,900
GR,D,PETROL,Petrol,2014,473
GR,D,PETROL,Petrol,2015,335
GR,D,PETROL,Petrol,2016,719
GR,D,PETROL,Petrol,2017,587
GR,D,PETROL,Petrol,2018,499
GR,D,PETROL,Petrol,2019,367
GR,D,PETROL,Petrol,2020,247
GR,D,PETROL,Petrol,2021,208
GR,D,PETROL,Petrol,2022,412
GR,D,PETROL,Petrol,2023,448
GR,D,PETROL-ELECTRIC,Other,2016,1
GR,D,PETROL/ELECTRIC,PHEV,2019,5
GR,D,PETROL/ELECTRIC,PHEV,2020,26
GR,D,PETROL/ELECTRIC,PHEV,2021,54
GR,D,PETROL/ELECTRIC,PHEV,2022,81
GR,D,PETROL/ELECTRIC,PHEV,2023,842
GR,E,DIESEL,Diesel,2010,79
GR,E,DIESEL,Diesel,2011,32
GR,E,DIESEL,Diesel,2012,160
GR,E,DIESEL,Diesel,2013,99
GR,E,DIESEL,Diesel,2014,117
GR,E,DIESEL,Diesel,2015,294
GR,E,DIESEL,Diesel,2016,630
GR,E,DIESEL,Diesel,2017,580
GR,E,DIESEL,Diesel,2018,402
GR,E,DIESEL,Diesel,2019,335
GR,E,DIESEL,Diesel,2020,25
GR,E,DIESEL,Diesel,2021,31
GR,E,DIESEL,Diesel,2022,16
GR,E,DIESEL,Diesel,2023,1
GR,E,DIESEL,HEV,2019,11
GR,E,DIESEL,HEV,2020,11
GR,E,DIESEL,HEV,2021,4
GR,E,DIESEL,HEV,2022,28
GR,E,DIESEL,HEV,2023,36
GR,E,ELECTRIC,BEV,2022,39
GR,E,ELECTRIC,BEV,2023,154
GR,E,NG-BIOMETHANE,Other,2013,1
GR,E,NG-BIOMETHANE,Other,2014,9
GR,E,NG-BIOMETHANE,Other,2015,1
GR,E,NG-BIOMETHANE,Other,2016,7
GR,E,PETROL,HEV,2019,23
GR,E,PETROL,HEV,2020,25
GR,E,PETROL,HEV,2021,23
GR,E,PETROL,HEV,2022,18
GR,E,PETROL,HEV,2023,16
GR,E,PETROL,Petrol,2010,480
GR,E,PETROL,Petrol,2011,355
GR,E,PETROL,Petrol,2012,169
GR,E,PETROL,Petrol,2013,60
GR,E,PETROL,Petrol,2014,44
GR,E,PETROL,Petrol,2015,50
GR,E,PETROL,Petrol,2016,56
GR,E,PETROL,Petrol,2017,58
GR,E,PETROL,Petrol,2018,58
GR,E,PETROL,Petrol,2019,57
GR,E,PETROL,Petrol,2020,20
GR,E,PETROL,Petrol,2021,19
GR,E,PETROL,Petrol,2022,25
GR,E,PETROL,Petrol,2023,13
GR,E,PETROL-ELECTRIC,Other,2014,1
GR,E,PETROL/ELECTRIC,Other,2017,15
GR,E,PETROL/ELECTRIC,Other,2018,21
GR,E,PETROL/ELECTRIC,PHEV,2019,20
GR,E,PETROL/ELECTRIC,PHEV,2020,7
GR,E,PETROL/ELECTRIC,PHEV,2021,8
GR,E,PETROL/ELECTRIC,PHEV,2022,14
GR,E,PETROL/ELECTRIC,PHEV,2023,10
GR,F,DIESEL,Diesel,2010,27
GR,F,DIESEL,Diesel,2011,5
GR,F,DIESEL,Diesel,2012,256
GR,F,DIESEL,Diesel,2013,1070
GR,F,DIESEL,Diesel,2014,1812
GR,F,DIESEL,Diesel,2015,2476
GR,F,DIESEL,Diesel,2016,2556
GR,F,DIESEL,Diesel,2017,1251
GR,F,DIESEL,Diesel,2018,1419
GR,F,DIESEL,Diesel,2019,1277
GR,F,DIESEL,Diesel,2020,1118
GR,F,DIESEL,Diesel,2021,1281
GR,F,DIESEL,Diesel,2022,992
GR,F,DIESEL,Diesel,2023,1710
GR,F,DIESEL,HEV,2019,3
GR,F,DIESEL,HEV,2020,2
GR,F,DIESEL,HEV,2021,1
GR,F,DIESEL,HEV,2023,2
GR,F,ELECTRIC,BEV,2016,2
GR,F,ELECTRIC,BEV,2017,1
GR,F,ELECTRIC,BEV,2020,19
GR,F,ELECTRIC,BEV,2021,54
GR,F,ELECTRIC,BEV,2022,100
GR,F,ELECTRIC,BEV,2023,212
GR,F,LPG,Other,2011,1
GR,F,LPG,Other,2013,1
GR,F,PETROL,HEV,2019,3
GR,F,PETROL,HEV,2020,6
GR,F,PETROL,HEV,2021,24
GR,F,PETROL,HEV,2022,958
GR,F,PETROL,HEV,2023,67
GR,F,PETROL,Petrol,2010,5342
GR,F,PETROL,Petrol,2011,4605
GR,F,PETROL,Petrol,2012,2409
GR,F,PETROL,Petrol,2013,1329
GR,F,PETROL,Petrol,2014,1078
GR,F,PETROL,Petrol,2015,2006
GR,F,PETROL,Petrol,2016,2715
GR,F,PETROL,Petrol,2017,2281
GR,F,PETROL,Petrol,2018,2489
GR,F,PETROL,Petrol,2019,3756
GR,F,PETROL,Petrol,2020,2310
GR,F,PETROL,Petrol,2021,3397
GR,F,PETROL,Petrol,2022,3032
GR,F,PETROL,Petrol,2023,2494
GR,F,PETROL-ELECTRIC,Other,2015,8
GR,F,PETROL-ELECTRIC,Other,2016,6
GR,F,PETROL/ELECTRIC,Other,2017,4
GR,F,PETROL/ELECTRIC,Other,2018,4
GR,F,PETROL/ELECTRIC,PHEV,2019,2
GR,F,PETROL/ELECTRIC,PHEV,2020,2
GR,F,PETROL/ELECTRIC,PHEV,2021,2
GR,F,PETROL/ELECTRIC,PHEV,2022,1
GR,F,PETROL/ELECTRIC,PHEV,2023,1
GR,JA,DIESEL,Diesel,2010,7
GR,JA,DIESEL,Diesel,2011,1
GR,JA,DIESEL,Diesel,2012,4
GR,JA,DIESEL,Diesel,2013,6
GR,JA,DIESEL,Diesel,2014,6
GR,JA,DIESEL,Diesel,2015,54
GR,JA,DIESEL,Diesel,2016,99
GR,JA,DIESEL,Diesel,2017,549
GR,JA,DIESEL,Diesel,2018,360
GR,JA,DIESEL,Diesel,2019,736
GR,JA,DIESEL,Diesel,2020,1042
GR,JA,DIESEL,Diesel,2021,315
GR,JA,DIESEL,Diesel,2022,119
GR,JA,DIESEL,Diesel,2023,129
GR,JA,ELECTRIC,BEV,2018,3
GR,JA,ELECTRIC,BEV,2022,2
GR,JA,ELECTRIC,BEV,2023,3
GR,JA,NG,Other,2020,206
GR,JA,NG,Other,2021,304
GR,JA,NG,Other,2022,187
GR,JA,NG,Other,2023,17
GR,JA,PETROL,HEV,2019,215
GR,JA,PETROL,HEV,2020,995
GR,JA,PETROL,HEV,2021,1356
GR,JA,PETROL,HEV,2022,902
GR,JA,PETROL,HEV,2023,1417
GR,JA,PETROL,Petrol,2010,26
GR,JA,PETROL,Petrol,2011,17
GR,JA,PETROL,Petrol,2015,11
GR,JA,PETROL,Petrol,2016,45
GR,JA,PETROL,Petrol,2017,1162
GR,JA,PETROL,Petrol,2018,1434
GR,JA,PETROL,Petrol,2019,1524
GR,JA,PETROL,Petrol,2020,881
GR,JA,PETROL,Petrol,2021,1267
GR,JA,PETROL,Petrol,2022,1385
GR,JA,PETROL,Petrol,2023,1957
GR,JB,DIESEL,Diesel,2010,122
GR,JB,DIESEL,Diesel,2011,486
GR,JB,DIESEL,Diesel,2012,634
GR,JB,DIESEL,Diesel,2013,1081
GR,JB,DIESEL,Diesel,2014,2391
GR,JB,DIESEL,Diesel,2015,4188
GR,JB,DIESEL,Diesel,2016,4988
GR,JB,DIESEL,Diesel,2017,4418
GR,JB,DIESEL,Diesel,2018,4771
GR,JB,DIESEL,Diesel,2019,4172
GR,JB,DIESEL,Diesel,2020,3317
GR,JB,DIESEL,Diesel,2021,3455
GR,JB,DIESEL,Diesel,2022,3253
GR,JB,DIESEL,Diesel,2023,2994
GR,JB,DIESEL,HEV,2022,7
GR,JB,E85,Other,2011,1
GR,JB,ELECTRIC,BEV,2020,48
GR,JB,ELECTRIC,BEV,2021,208
GR,JB,ELECTRIC,BEV,2022,205
GR,JB,ELECTRIC,BEV,2023,474
GR,JB,LPG,Other,2011,4
GR,JB,LPG,Other,2014,2
GR,JB,LPG,Other,2020,306
GR,JB,LPG,Other,2021,981
GR,JB,LPG,Other,2022,1339
GR,JB,LPG,Other,2023,1284
GR,JB,NG,Other,2020,243
GR,JB,NG,Other,2021,322
GR,JB,NG,Other,2022,196
GR,JB,NG,Other,2023,146
GR,JB,NG-BIOMETHANE,Other,2019,371
GR,JB,NG-BIOMETHANE,Other,2020,1
GR,JB,PETROL,HEV,2019,59
GR,JB,PETROL,HEV,2020,2302
GR,JB,PETROL,HEV,2021,4520
GR,JB,PETROL,HEV,2022,7320
GR,JB,PETROL,HEV,2023,12050
GR,JB,PETROL,Other,2018,1
GR,JB,PETROL,Petrol,2010,1398
GR,JB,PETROL,Petrol,2011,1375
GR,JB,PETROL,Petrol,2012,605
GR,JB,PETROL,Petrol,2013,489
GR,JB,PETROL,Petrol,2014,1206
GR,JB,PETROL,Petrol,2015,1636
GR,JB,PETROL,Petrol,2016,2478
GR,JB,PETROL,Petrol,2017,3265
GR,JB,PETROL,Petrol,2018,5187
GR,JB,PETROL,Petrol,2019,9532
GR,JB,PETROL,Petrol,2020,7429
GR,JB,PETROL,Petrol,2021,8134
GR,JB,PETROL,Petrol,2022,8700
GR,JB,PETROL,Petrol,2023,11610
GR,JB,PETROL/ELECTRIC,PHEV,2020,133
GR,JB,PETROL/ELECTRIC,PHEV,2021,888
GR,JB,PETROL/ELECTRIC,PHEV,2022,1343
GR,JB,PETROL/ELECTRIC,PHEV,2023,1680
GR,JC,DIESEL,Diesel,2010,721
GR,JC,DIESEL,Diesel,2011,1002
GR,JC,DIESEL,Diesel,2012,1446
GR,JC,DIESEL,Diesel,2013,1512
GR,JC,DIESEL,Diesel,2014,2613
GR,JC,DIESEL,Diesel,2015,3182
GR,JC,DIESEL,Diesel,2016,3792
GR,JC,DIESEL,Diesel,2017,4944
GR,JC,DIESEL,Diesel,2018,5192
GR,JC,DIESEL,Diesel,2019,5947
GR,JC,DIESEL,Diesel,2020,4440
GR,JC,DIESEL,Diesel,2021,1768
GR,JC,DIESEL,Diesel,2022,2097
GR,JC,DIESEL,Diesel,2023,1291
GR,JC,DIESEL,HEV,2019,401
GR,JC,DIESEL,HEV,2020,538
GR,JC,DIESEL,HEV,2021,514
GR,JC,DIESEL,HEV,2022,567
GR,JC,DIESEL,HEV,2023,849
GR,JC,ELECTRIC,BEV,2019,27
GR,JC,ELECTRIC,BEV,2020,19
GR,JC,ELECTRIC,BEV,2021,346
GR,JC,ELECTRIC,BEV,2022,677
GR,JC,ELECTRIC,BEV,2023,1087
GR,JC,LPG,Other,2010,4
GR,JC,LPG,Other,2011,13
GR,JC,LPG,Other,2012,1
GR,JC,PETROL,HEV,2019,1640
GR,JC,PETROL,HEV,2020,1856
GR,JC,PETROL,HEV,2021,3776
GR,JC,PETROL,HEV,2022,5985
GR,JC,PETROL,HEV,2023,7655
GR,JC,PETROL,Petrol,2010,6759
GR,JC,PETROL,Petrol,2011,4287
GR,JC,PETROL,Petrol,2012,1571
GR,JC,PETROL,Petrol,2013,1040
GR,JC,PETROL,Petrol,2014,750
GR,JC,PETROL,Petrol,2015,716
GR,JC,PETROL,Petrol,2016,1133
GR,JC,PETROL,Petrol,2017,3727
GR,JC,PETROL,Petrol,2018,6548
GR,JC,PETROL,Petrol,2019,6419
GR,JC,PETROL,Petrol,2020,4275
GR,JC,PETROL,Petrol,2021,6012
GR,JC,PETROL,Petrol,2022,5291
GR,JC,PETROL,Petrol,2023,4859
GR,JC,PETROL/ELECTRIC,Other,2017,9
GR,JC,PETROL/ELECTRIC,Other,2018,57
GR,JC,PETROL/ELECTRIC,PHEV,2019,71
GR,JC,PETROL/ELECTRIC,PHEV,2020,338
GR,JC,PETROL/ELECTRIC,PHEV,2021,1016
GR,JC,PETROL/ELECTRIC,PHEV,2022,1310
GR,JC,PETROL/ELECTRIC,PHEV,2023,2271
GR,JD,DIESEL,Diesel,2010,346
GR,JD,DIESEL,Diesel,2011,70
GR,JD,DIESEL,Diesel,2012,59
GR,JD,DIESEL,Diesel,2013,126
GR,JD,DIESEL,Diesel,2014,324
GR,JD,DIESEL,Diesel,2015,623
GR,JD,DIESEL,Diesel,2016,854
GR,JD,DIESEL,Diesel,2017,696
GR,JD,DIESEL,Diesel,2018,807
GR,JD,DIESEL,Diesel,2019,730
GR,JD,DIESEL,Diesel,2020,524
GR,JD,DIESEL,Diesel,2021,279
GR,JD,DIESEL,Diesel,2022,62
GR,JD,DIESEL,Diesel,2023,29
GR,JD,DIESEL,HEV,2019,35
GR,JD,DIESEL,HEV,2020,154
GR,JD,DIESEL,HEV,2021,179
GR,JD,DIESEL,HEV,2022,325
GR,JD,DIESEL,HEV,2023,474
GR,JD,DIESEL/ELECTRIC,Other,2017,3
GR,JD,DIESEL/ELECTRIC,Other,2018,1
GR,JD,DIESEL/ELECTRIC,PHEV,2019,1
GR,JD,DIESEL/ELECTRIC,PHEV,2020,35
GR,JD,DIESEL/ELECTRIC,PHEV,2021,196
GR,JD,DIESEL/ELECTRIC,PHEV,2022,210
GR,JD,DIESEL/ELECTRIC,PHEV,2023,132
GR,JD,ELECTRIC,BEV,2021,99
GR,JD,ELECTRIC,BEV,2022,396
GR,JD,ELECTRIC,BEV,2023,1149
GR,JD,LPG,Other,2011,2
GR,JD,PETROL,HEV,2019,149
GR,JD,PETROL,HEV,2020,238
GR,JD,PETROL,HEV,2021,293
GR,JD,PETROL,HEV,2022,331
GR,JD,PETROL,HEV,2023,642
GR,JD,PETROL,Petrol,2010,1581
GR,JD,PETROL,Petrol,2011,407
GR,JD,PETROL,Petrol,2012,65
GR,JD,PETROL,Petrol,2013,79
GR,JD,PETROL,Petrol,2014,87
GR,JD,PETROL,Petrol,2015,69
GR,JD,PETROL,Petrol,2016,119
GR,JD,PETROL,Petrol,2017,197
GR,JD,PETROL,Petrol,2018,272
GR,JD,PETROL,Petrol,2019,302
GR,JD,PETROL,Petrol,2020,264
GR,JD,PETROL,Petrol,2021,298
GR,JD,PETROL,Petrol,2022,259
GR,JD,PETROL,Petrol,2023,111
GR,JD,PETROL-ELECTRIC,Other,2015,1
GR,JD,PETROL-ELECTRIC,Other,2016,23
GR,JD,PETROL/ELECTRIC,Other,2017,47
GR,JD,PETROL/ELECTRIC,Other,2018,60
GR,JD,PETROL/ELECTRIC,PHEV,2019,25
GR,JD,PETROL/ELECTRIC,PHEV,2020,161
GR,JD,PETROL/ELECTRIC,PHEV,2021,405
GR,JD,PETROL/ELECTRIC,PHEV,2022,526
GR,JD,PETROL/ELECTRIC,PHEV,2023,751
GR,JE,DIESEL,Diesel,2010,70
GR,JE,DIESEL,Diesel,2011,22
GR,JE,DIESEL,Diesel,2012,4
GR,JE,DIESEL,Diesel,2013,10
GR,JE,DIESEL,Diesel,2014,48
GR,JE,DIESEL,Diesel,2015,66
GR,JE,DIESEL,Diesel,2016,95
GR,JE,DIESEL,Diesel,2017,109
GR,JE,DIESEL,Diesel,2018,79
GR,JE,DIESEL,Diesel,2019,93
GR,JE,DIESEL,Diesel,2020,62
GR,JE,DIESEL,Diesel,2021,18
GR,JE,DIESEL,Diesel,2022,12
GR,JE,DIESEL,Diesel,2023,7
GR,JE,DIESEL,HEV,2019,30
GR,JE,DIESEL,HEV,2020,28
GR,JE,DIESEL,HEV,2021,81
GR,JE,DIESEL,HEV,2022,98
GR,JE,DIESEL,HEV,2023,80
GR,JE,DIESEL/ELECTRIC,PHEV,2021,35
GR,JE,DIESEL/ELECTRIC,PHEV,2022,51
GR,JE,DIESEL/ELECTRIC,PHEV,2023,39
GR,JE,ELECTRIC,BEV,2016,1
GR,JE,ELECTRIC,BEV,2018,2
GR,JE,ELECTRIC,BEV,2020,2
GR,JE,ELECTRIC,BEV,2021,6
GR,JE,ELECTRIC,BEV,2022,27
GR,JE,ELECTRIC,BEV,2023,75
GR,JE,LPG,Other,2010,1
GR,JE,PETROL,HEV,2019,20
GR,JE,PETROL,HEV,2020,27
GR,JE,PETROL,HEV,2021,30
GR,JE,PETROL,HEV,2022,39
GR,JE,PETROL,HEV,2023,29
GR,JE,PETROL,Petrol,2010,361
GR,JE,PETROL,Petrol,2011,90
GR,JE,PETROL,Petrol,2012,30
GR,JE,PETROL,Petrol,2013,21
GR,JE,PETROL,Petrol,2014,3
GR,JE,PETROL,Petrol,2015,14
GR,JE,PETROL,Petrol,2016,28
GR,JE,PETROL,Petrol,2017,27
GR,JE,PETROL,Petrol,2018,32
GR,JE,PETROL,Petrol,2019,19
GR,JE,PETROL,Petrol,2020,3
GR,JE,PETROL,Petrol,2021,7
GR,JE,PETROL,Petrol,2022,9
GR,JE,PETROL,Petrol,2023,3
GR,JE,PETROL-ELECTRIC,Other,2015,3
GR,JE,PETROL-ELECTRIC,Other,2016,10
GR,JE,PETROL/ELECTRIC,Other,2017,21
GR,JE,PETROL/ELECTRIC,Other,2018,25
GR,JE,PETROL/ELECTRIC,PHEV,2019,31
GR,JE,PETROL/ELECTRIC,PHEV,2020,88
GR,JE,PETROL/ELECTRIC,PHEV,2021,133
GR,JE,PETROL/ELECTRIC,PHEV,2022,155
GR,JE,PETROL/ELECTRIC,PHEV,2023,251
GR,JF,DIESEL,Diesel,2010,25
GR,JF,DIESEL,Diesel,2011,17
GR,JF,DIESEL,Diesel,2012,9
GR,JF,DIESEL,Diesel,2013,18
GR,JF,DIESEL,Diesel,2014,20
GR,JF,DIESEL,Diesel,2015,14
GR,JF,DIESEL,Diesel,2016,79
GR,JF,DIESEL,Diesel,2017,101
GR,JF,DIESEL,Diesel,2018,138
GR,JF,DIESEL,Diesel,2019,80
GR,JF,DIESEL,Diesel,2020,34
GR,JF,DIESEL,Diesel,2021,109
GR,JF,DIESEL,Diesel,2022,6
GR,JF,DIESEL,Diesel,2023,12
GR,JF,DIESEL,HEV,2019,61
GR,JF,DIESEL,HEV,2020,65
GR,JF,DIESEL,HEV,2021,14
GR,JF,DIESEL,HEV,2022,114
GR,JF,DIESEL,HEV,2023,122
GR,JF,DIESEL-ELECTRIC,Other,2015,12
GR,JF,ELECTRIC,BEV,2020,5
GR,JF,ELECTRIC,BEV,2021,9
GR,JF,ELECTRIC,BEV,2022,18
GR,JF,ELECTRIC,BEV,2023,12
GR,JF,PETROL,HEV,2019,51
GR,JF,PETROL,HEV,2020,40
GR,JF,PETROL,HEV,2021,6
GR,JF,PETROL,HEV,2022,67
GR,JF,PETROL,HEV,2023,30
GR,JF,PETROL,Petrol,2010,43
GR,JF,PETROL,Petrol,2011,15
GR,JF,PETROL,Petrol,2012,5
GR,JF,PETROL,Petrol,2013,6
GR,JF,PETROL,Petrol,2014,8
GR,JF,PETROL,Petrol,2015,7
GR,JF,PETROL,Petrol,2016,5
GR,JF,PETROL,Petrol,2017,9
GR,JF,PETROL,Petrol,2018,31
GR,JF,PETROL,Petrol,2019,17
GR,JF,PETROL,Petrol,2020,9
GR,JF,PETROL,Petrol,2021,34
GR,JF,PETROL,Petrol,2022,5
GR,JF,PETROL,Petrol,2023,3
GR,JF,PETROL/ELECTRIC,PHEV,2019,81
GR,JF,PETROL/ELECTRIC,PHEV,2020,113
GR,JF,PETROL/ELECTRIC,PHEV,2021,279
GR,JF,PETROL/ELECTRIC,PHEV,2022,201
GR,JF,PETROL/ELECTRIC,PHEV,2023,390
GR,V,DIESEL,Diesel,2010,175
GR,V,DIESEL,Diesel,2011,120
GR,V,DIESEL,Diesel,2012,169
GR,V,DIESEL,Diesel,2013,269
GR,V,DIESEL,Diesel,2014,540
GR,V,DIESEL,Diesel,2015,449
GR,V,DIESEL,Diesel,2016,377
GR,V,DIESEL,Diesel,2017,721
GR,V,DIESEL,Diesel,2018,890
GR,V,DIESEL,Diesel,2019,1070
GR,V,DIESEL,Diesel,2020,405
GR,V,DIESEL,Diesel,2021,462
GR,V,DIESEL,Diesel,2022,394
GR,V,DIESEL,Diesel,2023,376
GR,V,DIESEL,HEV,2022,1
GR,V,ELECTRIC,BEV,2020,1
GR,V,ELECTRIC,BEV,2021,21
GR,V,ELECTRIC,BEV,2022,56
GR,V,ELECTRIC,BEV,2023,183
GR,V,NG,Other,2018,4
GR,V,NG,Other,2019,1
GR,V,NG,Other,2020,2
GR,V,NG-BIOMETHANE,Other,2011,1
GR,V,NG-BIOMETHANE,Other,2016,5
GR,V,NG-BIOMETHANE,Other,2017,1
GR,V,NG-BIOMETHANE,Other,2019,1
GR,V,PETROL,Petrol,2010,486
GR,V,PETROL,Petrol,2011,267
GR,V,PETROL,Petrol,2012,45
GR,V,PETROL,Petrol,2013,26
GR,V,PETROL,Petrol,2014,62
GR,V,PETROL,Petrol,2015,47
GR,V,PETROL,Petrol,2016,121
GR,V,PETROL,Petrol,2017,112
GR,V,PETROL,Petrol,2018,229
GR,V,PETROL,Petrol,2019,323
GR,V,PETROL,Petrol,2020,107
GR,V,PETROL,Petrol,2021,202
GR,V,PETROL,Petrol,2022,125
GR,V,PETROL,Petrol,2023,109
GR,V,PETROL/ELECTRIC,PHEV,2023,2
HR,,DIESEL,Diesel,2014,1056
HR,,DIESEL,Diesel,2015,780
HR,,DIESEL,Diesel,2016,790
HR,,DIESEL,Diesel,2017,881
HR,,DIESEL,Diesel,2018,1144
HR,,DIESEL,Diesel,2019,223
HR,,DIESEL,Diesel,2020,84
HR,,DIESEL,Diesel,2021,63
HR,,DIESEL,Diesel,2022,52
HR,,DIESEL,Diesel,2023,164
HR,,DIESEL,HEV,2020,3
HR,,DIESEL,HEV,2021,1
HR,,DIESEL,HEV,2022,1
HR,,ELECTRIC,BEV,2014,13
HR,,ELECTRIC,BEV,2015,22
HR,,ELECTRIC,BEV,2016,9
HR,,ELECTRIC,BEV,2017,1
HR,,ELECTRIC,BEV,2018,8
HR,,ELECTRIC,BEV,2020,2
HR,,ELECTRIC,BEV,2022,16
HR,,ELECTRIC,BEV,2023,32
HR,,LPG,Other,2017,5
HR,,LPG,Other,2018,7
HR,,LPG,Other,2019,28
HR,,PETROL,HEV,2020,5
HR,,PETROL,HEV,2021,8
HR,,PETROL,HEV,2022,31
HR,,PETROL,HEV,2023,50
HR,,PETROL,Petrol,2014,203
HR,,PETROL,Petrol,2015,167
HR,,PETROL,Petrol,2016,273
HR,,PETROL,Petrol,2017,75
HR,,PETROL,Petrol,2018,144
HR,,PETROL,Petrol,2019,117
HR,,PETROL,Petrol,2020,18
HR,,PETROL,Petrol,2021,27
HR,,PETROL,Petrol,2022,13
HR,,PETROL,Petrol,2023,32
HR,,PETROL-ELECTRIC,Other,2016,1
HR,,PETROL/ELECTRIC,Other,2018,1
HR,,PETROL/ELECTRIC,PHEV,2020,1
HR,,PETROL/ELECTRIC,PHEV,2021,4
HR,,PETROL/ELECTRIC,PHEV,2022,20
HR,,PETROL/ELECTRIC,PHEV,2023,47
HR,,UNKNOWN,Other,2021,16
HR,A,DIESEL,Diesel,2014,387
HR,A,DIESEL,Diesel,2015,437
HR,A,DIESEL,Diesel,2016,398
HR,A,DIESEL,Diesel,2017,361
HR,A,DIESEL,Diesel,2018,124
HR,A,DIESEL,Diesel,2019,38
HR,A,DIESEL,Diesel,2020,2
HR,A,DIESEL,Diesel,2021,2
HR,A,DIESEL,Diesel,2023,6
HR,A,ELECTRIC,BEV,2015,39
HR,A,ELECTRIC,BEV,2016,37
HR,A,ELECTRIC,BEV,2017,8
HR,A,ELECTRIC,BEV,2018,60
HR,A,ELECTRIC,BEV,2019,49
HR,A,ELECTRIC,BEV,2020,254
HR,A,ELECTRIC,BEV,2021,598
HR,A,ELECTRIC,BEV,2022,467
HR,A,ELECTRIC,BEV,2023,271
HR,A,LPG,Other,2015,1
HR,A,LPG,Other,2016,1
HR,A,LPG,Other,2022,3
HR,A,LPG,Other,2023,46
HR,A,NG,Other,2020,1
HR,A,PETROL,HEV,2020,147
HR,A,PETROL,HEV,2021,344
HR,A,PETROL,HEV,2022,447
HR,A,PETROL,HEV,2023,490
HR,A,PETROL,Petrol,2014,2278
HR,A,PETROL,Petrol,2015,2039
HR,A,PETROL,Petrol,2016,3073
HR,A,PETROL,Petrol,2017,3355
HR,A,PETROL,Petrol,2018,4021
HR,A,PETROL,Petrol,2019,5021
HR,A,PETROL,Petrol,2020,1711
HR,A,PETROL,Petrol,2021,1423
HR,A,PETROL,Petrol,2022,413
HR,A,PETROL,Petrol,2023,990
HR,B,DIESEL,Diesel,2014,3625
HR,B,DIESEL,Diesel,2015,4310
HR,B,DIESEL,Diesel,2016,4275
HR,B,DIESEL,Diesel,2017,3552
HR,B,DIESEL,Diesel,2018,3529
HR,B,DIESEL,Diesel,2019,2773
HR,B,DIESEL,Diesel,2020,1487
HR,B,DIESEL,Diesel,2021,899
HR,B,DIESEL,Diesel,2022,451
HR,B,DIESEL,Diesel,2023,683
HR,B,DIESEL,HEV,2020,13
HR,B,DIESEL,HEV,2021,71
HR,B,DIESEL,HEV,2022,127
HR,B,DIESEL,HEV,2023,194
HR,B,DIESEL,Other,2021,3
HR,B,ELECTRIC,BEV,2020,17
HR,B,ELECTRIC,BEV,2021,41
HR,B,ELECTRIC,BEV,2022,43
HR,B,ELECTRIC,BEV,2023,25
HR,B,LPG,Other,2014,58
HR,B,LPG,Other,2015,66
HR,B,LPG,Other,2016,105
HR,B,LPG,Other,2017,167
HR,B,LPG,Other,2018,115
HR,B,LPG,Other,2019,106
HR,B,LPG,Other,2020,205
HR,B,LPG,Other,2021,1005
HR,B,LPG,Other,2022,687
HR,B,LPG,Other,2023,810
HR,B,NG-BIOMETHANE,Other,2014,6
HR,B,NG-BIOMETHANE,Other,2016,10
HR,B,PETROL,HEV,2019,289
HR,B,PETROL,HEV,2020,472
HR,B,PETROL,HEV,2021,1070
HR,B,PETROL,HEV,2022,505
HR,B,PETROL,HEV,2023,624
HR,B,PETROL,Other,2018,16
HR,B,PETROL,Petrol,2014,5832
HR,B,PETROL,Petrol,2015,6492
HR,B,PETROL,Petrol,2016,7675
HR,B,PETROL,Petrol,2017,8073
HR,B,PETROL,Petrol,2018,11187
HR,B,PETROL,Petrol,2019,10722
HR,B,PETROL,Petrol,2020,6002
HR,B,PETROL,Petrol,2021,6648
HR,B,PETROL,Petrol,2022,5347
HR,B,PETROL,Petrol,2023,7301
HR,B,PETROL-ELECTRIC,Other,2016,1
HR,B,PETROL/ELECTRIC,Other,2017,2
HR,B,PETROL/ELECTRIC,Other,2018,2
HR,B,PETROL/ELECTRIC,PHEV,2019,2
HR,B,PETROL/ELECTRIC,PHEV,2023,1
HR,C,DIESEL,Diesel,2014,9792
HR,C,DIESEL,Diesel,2015,9700
HR,C,DIESEL,Diesel,2016,10811
HR,C,DIESEL,Diesel,2017,10752
HR,C,DIESEL,Diesel,2018,9213
HR,C,DIESEL,Diesel,2019,7272
HR,C,DIESEL,Diesel,2020,4402
HR,C,DIESEL,Diesel,2021,3597
HR,C,DIESEL,Diesel,2022,2494
HR,C,DIESEL,Diesel,2023,4051
HR,C,DIESEL,HEV,2020,107
HR,C,DIESEL,HEV,2021,437
HR,C,DIESEL,HEV,2022,326
HR,C,DIESEL,HEV,2023,192
HR,C,DIESEL,Other,2021,4
HR,C,DIESEL/ELECTRIC,PHEV,2019,2
HR,C,DIESEL/ELECTRIC,PHEV,2020,5
HR,C,DIESEL/ELECTRIC,PHEV,2021,2
HR,C,DIESEL/ELECTRIC,PHEV,2022,3
HR,C,DIESEL/ELECTRIC,PHEV,2023,3
HR,C,ELECTRIC,BEV,2015,21
HR,C,ELECTRIC,BEV,2016,9
HR,C,ELECTRIC,BEV,2017,1
HR,C,ELECTRIC,BEV,2018,30
HR,C,ELECTRIC,BEV,2019,56
HR,C,ELECTRIC,BEV,2020,69
HR,C,ELECTRIC,BEV,2021,120
HR,C,ELECTRIC,BEV,2022,121
HR,C,ELECTRIC,BEV,2023,245
HR,C,LPG,Other,2014,236
HR,C,LPG,Other,2015,76
HR,C,LPG,Other,2016,440
HR,C,LPG,Other,2017,70
HR,C,LPG,Other,2018,285
HR,C,LPG,Other,2019,274
HR,C,LPG,Other,2020,78
HR,C,LPG,Other,2021,3
HR,C,LPG,Other,2022,289
HR,C,LPG,Other,2023,375
HR,C,PETROL,HEV,2019,331
HR,C,PETROL,HEV,2020,462
HR,C,PETROL,HEV,2021,1310
HR,C,PETROL,HEV,2022,1718
HR,C,PETROL,HEV,2023,2974
HR,C,PETROL,Petrol,2014,3355
HR,C,PETROL,Petrol,2015,2733
HR,C,PETROL,Petrol,2016,3965
HR,C,PETROL,Petrol,2017,5495
HR,C,PETROL,Petrol,2018,8415
HR,C,PETROL,Petrol,2019,8383
HR,C,PETROL,Petrol,2020,3422
HR,C,PETROL,Petrol,2021,3762
HR,C,PETROL,Petrol,2022,3858
HR,C,PETROL,Petrol,2023,5205
HR,C,PETROL-ELECTRIC,Other,2015,13
HR,C,PETROL-ELECTRIC,Other,2016,5
HR,C,PETROL/ELECTRIC,Other,2017,2
HR,C,PETROL/ELECTRIC,PHEV,2019,6
HR,C,PETROL/ELECTRIC,PHEV,2020,28
HR,C,PETROL/ELECTRIC,PHEV,2021,174
HR,C,PETROL/ELECTRIC,PHEV,2022,274
HR,C,PETROL/ELECTRIC,PHEV,2023,169
HR,C,UNKNOWN,Other,2021,2
HR,D,DIESEL,Diesel,2014,1979
HR,D,DIESEL,Diesel,2015,2515
HR,D,DIESEL,Diesel,2016,2711
HR,D,DIESEL,Diesel,2017,2457
HR,D,DIESEL,Diesel,2018,2370
HR,D,DIESEL,Diesel,2019,1935
HR,D,DIESEL,Diesel,2020,1179
HR,D,DIESEL,Diesel,2021,1154
HR,D,DIESEL,Diesel,2022,886
HR,D,DIESEL,Diesel,2023,780
HR,D,DIESEL,HEV,2020,99
HR,D,DIESEL,HEV,2021,213
HR,D,DIESEL,HEV,2022,365
HR,D,DIESEL,HEV,2023,322
HR,D,DIESEL,Other,2021,1
HR,D,ELECTRIC,BEV,2020,28
HR,D,ELECTRIC,BEV,2021,218
HR,D,ELECTRIC,BEV,2022,144
HR,D,ELECTRIC,BEV,2023,172
HR,D,LPG,Other,2014,2
HR,D,LPG,Other,2015,3
HR,D,LPG,Other,2016,5
HR,D,LPG,Other,2017,1
HR,D,PETROL,HEV,2020,17
HR,D,PETROL,HEV,2021,73
HR,D,PETROL,HEV,2022,322
HR,D,PETROL,HEV,2023,539
HR,D,PETROL,Petrol,2014,36
HR,D,PETROL,Petrol,2015,37
HR,D,PETROL,Petrol,2016,40
HR,D,PETROL,Petrol,2017,57
HR,D,PETROL,Petrol,2018,364
HR,D,PETROL,Petrol,2019,375
HR,D,PETROL,Petrol,2020,166
HR,D,PETROL,Petrol,2021,227
HR,D,PETROL,Petrol,2022,370
HR,D,PETROL,Petrol,2023,572
HR,D,PETROL-ELECTRIC,Other,2016,5
HR,D,PETROL/ELECTRIC,Other,2017,2
HR,D,PETROL/ELECTRIC,Other,2018,1
HR,D,PETROL/ELECTRIC,PHEV,2020,19
HR,D,PETROL/ELECTRIC,PHEV,2021,58
HR,D,PETROL/ELECTRIC,PHEV,2022,62
HR,D,PETROL/ELECTRIC,PHEV,2023,49
HR,E,DIESEL,Diesel,2014,498
HR,E,DIESEL,Diesel,2015,481
HR,E,DIESEL,Diesel,2016,628
HR,E,DIESEL,Diesel,2017,775
HR,E,DIESEL,Diesel,2018,923
HR,E,DIESEL,Diesel,2019,736
HR,E,DIESEL,Diesel,2020,248
HR,E,DIESEL,Diesel,2021,250
HR,E,DIESEL,Diesel,2022,169
HR,E,DIESEL,Diesel,2023,276
HR,E,DIESEL,HEV,2019,24
HR,E,DIESEL,HEV,2020,87
HR,E,DIESEL,HEV,2021,79
HR,E,DIESEL,HEV,2022,157
HR,E,DIESEL,HEV,2023,146
HR,E,DIESEL,Other,2021,1
HR,E,ELECTRIC,BEV,2021,1
HR,E,ELECTRIC,BEV,2022,18
HR,E,ELECTRIC,BEV,2023,41
HR,E,PETROL,HEV,2020,33
HR,E,PETROL,HEV,2021,44
HR,E,PETROL,HEV,2022,33
HR,E,PETROL,HEV,2023,80
HR,E,PETROL,Petrol,2014,8
HR,E,PETROL,Petrol,2015,9
HR,E,PETROL,Petrol,2016,23
HR,E,PETROL,Petrol,2017,211
HR,E,PETROL,Petrol,2018,304
HR,E,PETROL,Petrol,2019,563
HR,E,PETROL,Petrol,2020,288
HR,E,PETROL,Petrol,2021,114
HR,E,PETROL,Petrol,2022,65
HR,E,PETROL,Petrol,2023,137
HR,E,PETROL/ELECTRIC,Other,2017,7
HR,E,PETROL/ELECTRIC,Other,2018,10
HR,E,PETROL/ELECTRIC,PHEV,2019,7
HR,E,PETROL/ELECTRIC,PHEV,2020,14
HR,E,PETROL/ELECTRIC,PHEV,2021,29
HR,E,PETROL/ELECTRIC,PHEV,2022,44
HR,E,PETROL/ELECTRIC,PHEV,2023,35
HR,F,DIESEL,Diesel,2014,338
HR,F,DIESEL,Diesel,2015,401
HR,F,DIESEL,Diesel,2016,472
HR,F,DIESEL,Diesel,2017,318
HR,F,DIESEL,Diesel,2018,369
HR,F,DIESEL,Diesel,2019,246
HR,F,DIESEL,Diesel,2020,143
HR,F,DIESEL,Diesel,2021,226
HR,F,DIESEL,Diesel,2022,237
HR,F,DIESEL,Diesel,2023,85
HR,F,DIESEL,HEV,2019,2
HR,F,DIESEL,HEV,2020,12
HR,F,DIESEL,HEV,2021,4
HR,F,DIESEL,HEV,2022,9
HR,F,DIESEL,HEV,2023,13
HR,F,ELECTRIC,BEV,2020,14
HR,F,ELECTRIC,BEV,2021,11
HR,F,ELECTRIC,BEV,2022,37
HR,F,ELECTRIC,BEV,2023,53
HR,F,PETROL,HEV,2020,2
HR,F,PETROL,HEV,2021,4
HR,F,PETROL,HEV,2022,13
HR,F,PETROL,HEV,2023,8
HR,F,PETROL,Petrol,2014,138
HR,F,PETROL,Petrol,2015,78
HR,F,PETROL,Petrol,2016,95
HR,F,PETROL,Petrol,2017,63
HR,F,PETROL,Petrol,2018,201
HR,F,PETROL,Petrol,2019,215
HR,F,PETROL,Petrol,2020,214
HR,F,PETROL,Petrol,2021,1001
HR,F,PETROL,Petrol,2022,1177
HR,F,PETROL,Petrol,2023,856
HR,F,PETROL/ELECTRIC,PHEV,2022,2
HR,F,PETROL/ELECTRIC,PHEV,2023,8
HR,JA,DIESEL,Diesel,2014,162
HR,JA,DIESEL,Diesel,2015,87
HR,JA,DIESEL,Diesel,2016,158
HR,JA,DIESEL,Diesel,2017,292
HR,JA,DIESEL,Diesel,2018,242
HR,JA,DIESEL,Diesel,2019,140
HR,JA,DIESEL,Diesel,2020,150
HR,JA,DIESEL,Diesel,2021,87
HR,JA,DIESEL,Diesel,2022,87
HR,JA,DIESEL,Diesel,2023,108
HR,JA,ELECTRIC,BEV,2023,1
HR,JA,PETROL,HEV,2020,122
HR,JA,PETROL,HEV,2021,815
HR,JA,PETROL,HEV,2022,509
HR,JA,PETROL,HEV,2023,569
HR,JA,PETROL,Petrol,2016,2
HR,JA,PETROL,Petrol,2017,280
HR,JA,PETROL,Petrol,2018,514
HR,JA,PETROL,Petrol,2019,672
HR,JA,PETROL,Petrol,2020,1068
HR,JA,PETROL,Petrol,2021,930
HR,JA,PETROL,Petrol,2022,650
HR,JA,PETROL,Petrol,2023,1241
HR,JB,DIESEL,Diesel,2014,1535
HR,JB,DIESEL,Diesel,2015,1579
HR,JB,DIESEL,Diesel,2016,2549
HR,JB,DIESEL,Diesel,2017,2102
HR,JB,DIESEL,Diesel,2018,2659
HR,JB,DIESEL,Diesel,2019,2871
HR,JB,DIESEL,Diesel,2020,1631
HR,JB,DIESEL,Diesel,2021,1648
HR,JB,DIESEL,Diesel,2022,1389
HR,JB,DIESEL,Diesel,2023,2089
HR,JB,DIESEL,Other,2021,3
HR,JB,ELECTRIC,BEV,2017,1
HR,JB,ELECTRIC,BEV,2018,5
HR,JB,ELECTRIC,BEV,2019,49
HR,JB,ELECTRIC,BEV,2020,114
HR,JB,ELECTRIC,BEV,2021,134
HR,JB,ELECTRIC,BEV,2022,139
HR,JB,ELECTRIC,BEV,2023,115
HR,JB,LPG,Other,2014,6
HR,JB,LPG,Other,2015,10
HR,JB,LPG,Other,2016,3
HR,JB,LPG,Other,2017,9
HR,JB,LPG,Other,2018,33
HR,JB,LPG,Other,2019,183
HR,JB,LPG,Other,2020,429
HR,JB,LPG,Other,2021,983
HR,JB,LPG,Other,2022,826
HR,JB,LPG,Other,2023,490
HR,JB,PETROL,HEV,2019,2
HR,JB,PETROL,HEV,2020,475
HR,JB,PETROL,HEV,2021,1398
HR,JB,PETROL,HEV,2022,1401
HR,JB,PETROL,HEV,2023,2748
HR,JB,PETROL,Other,2018,199
HR,JB,PETROL,Petrol,2014,339
HR,JB,PETROL,Petrol,2015,890
HR,JB,PETROL,Petrol,2016,1857
HR,JB,PETROL,Petrol,2017,2566
HR,JB,PETROL,Petrol,2018,4700
HR,JB,PETROL,Petrol,2019,7946
HR,JB,PETROL,Petrol,2020,4307
HR,JB,PETROL,Petrol,2021,5492
HR,JB,PETROL,Petrol,2022,6539
HR,JB,PETROL,Petrol,2023,7707
HR,JB,PETROL/ELECTRIC,PHEV,2019,2
HR,JB,PETROL/ELECTRIC,PHEV,2020,17
HR,JB,PETROL/ELECTRIC,PHEV,2021,48
HR,JB,PETROL/ELECTRIC,PHEV,2022,61
HR,JB,PETROL/ELECTRIC,PHEV,2023,39
HR,JC,DIESEL,Diesel,2014,1068
HR,JC,DIESEL,Diesel,2015,1325
HR,JC,DIESEL,Diesel,2016,2684
HR,JC,DIESEL,Diesel,2017,2849
HR,JC,DIESEL,Diesel,2018,4037
HR,JC,DIESEL,Diesel,2019,4079
HR,JC,DIESEL,Diesel,2020,1918
HR,JC,DIESEL,Diesel,2021,1994
HR,JC,DIESEL,Diesel,2022,1961
HR,JC,DIESEL,Diesel,2023,2225
HR,JC,DIESEL,HEV,2020,75
HR,JC,DIESEL,HEV,2021,409
HR,JC,DIESEL,HEV,2022,355
HR,JC,DIESEL,HEV,2023,369
HR,JC,ELECTRIC,BEV,2019,1
HR,JC,ELECTRIC,BEV,2020,6
HR,JC,ELECTRIC,BEV,2021,206
HR,JC,ELECTRIC,BEV,2022,279
HR,JC,ELECTRIC,BEV,2023,376
HR,JC,PETROL,HEV,2019,406
HR,JC,PETROL,HEV,2020,270
HR,JC,PETROL,HEV,2021,619
HR,JC,PETROL,HEV,2022,1443
HR,JC,PETROL,HEV,2023,2595
HR,JC,PETROL,Petrol,2014,157
HR,JC,PETROL,Petrol,2015,364
HR,JC,PETROL,Petrol,2016,456
HR,JC,PETROL,Petrol,2017,675
HR,JC,PETROL,Petrol,2018,2762
HR,JC,PETROL,Petrol,2019,3254
HR,JC,PETROL,Petrol,2020,1461
HR,JC,PETROL,Petrol,2021,3489
HR,JC,PETROL,Petrol,2022,2721
HR,JC,PETROL,Petrol,2023,3874
HR,JC,PETROL/ELECTRIC,PHEV,2019,6
HR,JC,PETROL/ELECTRIC,PHEV,2020,23
HR,JC,PETROL/ELECTRIC,PHEV,2021,54
HR,JC,PETROL/ELECTRIC,PHEV,2022,146
HR,JC,PETROL/ELECTRIC,PHEV,2023,178
HR,JD,DIESEL,Diesel,2014,712
HR,JD,DIESEL,Diesel,2015,524
HR,JD,DIESEL,Diesel,2016,460
HR,JD,DIESEL,Diesel,2017,332
HR,JD,DIESEL,Diesel,2018,413
HR,JD,DIESEL,Diesel,2019,544
HR,JD,DIESEL,Diesel,2020,310
HR,JD,DIESEL,Diesel,2021,373
HR,JD,DIESEL,Diesel,2022,215
HR,JD,DIESEL,Diesel,2023,281
HR,JD,DIESEL,HEV,2020,83
HR,JD,DIESEL,HEV,2021,117
HR,JD,DIESEL,HEV,2022,321
HR,JD,DIESEL,HEV,2023,427
HR,JD,DIESEL-ELECTRIC,Other,2016,1
HR,JD,DIESEL/ELECTRIC,Other,2017,8
HR,JD,DIESEL/ELECTRIC,Other,2018,8
HR,JD,DIESEL/ELECTRIC,PHEV,2021,5
HR,JD,DIESEL/ELECTRIC,PHEV,2022,2
HR,JD,DIESEL/ELECTRIC,PHEV,2023,19
HR,JD,ELECTRIC,BEV,2021,16
HR,JD,ELECTRIC,BEV,2022,64
HR,JD,ELECTRIC,BEV,2023,240
HR,JD,PETROL,HEV,2019,6
HR,JD,PETROL,HEV,2020,152
HR,JD,PETROL,HEV,2021,246
HR,JD,PETROL,HEV,2022,161
HR,JD,PETROL,HEV,2023,320
HR,JD,PETROL,Petrol,2014,222
HR,JD,PETROL,Petrol,2015,51
HR,JD,PETROL,Petrol,2016,104
HR,JD,PETROL,Petrol,2017,96
HR,JD,PETROL,Petrol,2018,204
HR,JD,PETROL,Petrol,2019,324
HR,JD,PETROL,Petrol,2020,55
HR,JD,PETROL,Petrol,2021,146
HR,JD,PETROL,Petrol,2022,214
HR,JD,PETROL,Petrol,2023,248
HR,JD,PETROL-ELECTRIC,Other,2014,3
HR,JD,PETROL-ELECTRIC,Other,2015,23
HR,JD,PETROL-ELECTRIC,Other,2016,6
HR,JD,PETROL/ELECTRIC,Other,2017,4
HR,JD,PETROL/ELECTRIC,Other,2018,11
HR,JD,PETROL/ELECTRIC,PHEV,2019,27
HR,JD,PETROL/ELECTRIC,PHEV,2020,43
HR,JD,PETROL/ELECTRIC,PHEV,2021,53
HR,JD,PETROL/ELECTRIC,PHEV,2022,114
HR,JD,PETROL/ELECTRIC,PHEV,2023,236
HR,JE,DIESEL,Diesel,2014,54
HR,JE,DIESEL,Diesel,2015,95
HR,JE,DIESEL,Diesel,2016,156
HR,JE,DIESEL,Diesel,2017,54
HR,JE,DIESEL,Diesel,2018,69
HR,JE,DIESEL,Diesel,2019,208
HR,JE,DIESEL,Diesel,2020,124
HR,JE,DIESEL,Diesel,2021,61
HR,JE,DIESEL,Diesel,2022,50
HR,JE,DIESEL,Diesel,2023,52
HR,JE,DIESEL,HEV,2020,46
HR,JE,DIESEL,HEV,2021,89
HR,JE,DIESEL,HEV,2022,109
HR,JE,DIESEL,HEV,2023,104
HR,JE,DIESEL/ELECTRIC,PHEV,2020,6
HR,JE,DIESEL/ELECTRIC,PHEV,2021,52
HR,JE,DIESEL/ELECTRIC,PHEV,2022,87
HR,JE,DIESEL/ELECTRIC,PHEV,2023,80
HR,JE,ELECTRIC,BEV,2020,4
HR,JE,ELECTRIC,BEV,2022,14
HR,JE,ELECTRIC,BEV,2023,19
HR,JE,PETROL,HEV,2020,7
HR,JE,PETROL,HEV,2021,51
HR,JE,PETROL,HEV,2022,68
HR,JE,PETROL,HEV,2023,41
HR,JE,PETROL,Petrol,2014,3
HR,JE,PETROL,Petrol,2015,2
HR,JE,PETROL,Petrol,2016,4
HR,JE,PETROL,Petrol,2017,2
HR,JE,PETROL,Petrol,2018,25
HR,JE,PETROL,Petrol,2019,33
HR,JE,PETROL,Petrol,2020,28
HR,JE,PETROL,Petrol,2021,9
HR,JE,PETROL,Petrol,2022,33
HR,JE,PETROL,Petrol,2023,19
HR,JE,PETROL-ELECTRIC,Other,2015,3
HR,JE,PETROL-ELECTRIC,Other,2016,8
HR,JE,PETROL/ELECTRIC,Other,2017,1
HR,JE,PETROL/ELECTRIC,Other,2018,5
HR,JE,PETROL/ELECTRIC,PHEV,2019,19
HR,JE,PETROL/ELECTRIC,PHEV,2020,58
HR,JE,PETROL/ELECTRIC,PHEV,2021,126
HR,JE,PETROL/ELECTRIC,PHEV,2022,138
HR,JE,PETROL/ELECTRIC,PHEV,2023,217
HR,JF,DIESEL,Diesel,2014,20
HR,JF,DIESEL,Diesel,2015,31
HR,JF,DIESEL,Diesel,2016,32
HR,JF,DIESEL,Diesel,2017,45
HR,JF,DIESEL,Diesel,2018,57
HR,JF,DIESEL,Diesel,2019,160
HR,JF,DIESEL,Diesel,2020,16
HR,JF,DIESEL,Diesel,2021,76
HR,JF,DIESEL,Diesel,2022,7
HR,JF,DIESEL,Diesel,2023,16
HR,JF,DIESEL,HEV,2020,43
HR,JF,DIESEL,HEV,2021,4
HR,JF,DIESEL,HEV,2022,87
HR,JF,DIESEL,HEV,2023,85
HR,JF,ELECTRIC,BEV,2020,10
HR,JF,ELECTRIC,BEV,2021,15
HR,JF,ELECTRIC,BEV,2022,13
HR,JF,ELECTRIC,BEV,2023,6
HR,JF,PETROL,HEV,2020,11
HR,JF,PETROL,HEV,2021,1
HR,JF,PETROL,HEV,2022,4
HR,JF,PETROL,HEV,2023,4
HR,JF,PETROL,Petrol,2015,1
HR,JF,PETROL,Petrol,2016,1
HR,JF,PETROL,Petrol,2019,11
HR,JF,PETROL,Petrol,2020,10
HR,JF,PETROL,Petrol,2021,18
HR,JF,PETROL,Petrol,2022,2
HR,JF,PETROL,Petrol,2023,5
HR,JF,PETROL/ELECTRIC,PHEV,2019,1
HR,JF,PETROL/ELECTRIC,PHEV,2020,6
HR,JF,PETROL/ELECTRIC,PHEV,2021,19
HR,JF,PETROL/ELECTRIC,PHEV,2022,4
HR,JF,PETROL/ELECTRIC,PHEV,2023,31
HR,V,DIESEL,Diesel,2014,620
HR,V,DIESEL,Diesel,2015,570
HR,V,DIESEL,Diesel,2016,918
HR,V,DIESEL,Diesel,2017,1623
HR,V,DIESEL,Diesel,2018,1400
HR,V,DIESEL,Diesel,2019,1440
HR,V,DIESEL,Diesel,2020,615
HR,V,DIESEL,Diesel,2021,646
HR,V,DIESEL,Diesel,2022,747
HR,V,DIESEL,Diesel,2023,993
HR,V,DIESEL,HEV,2021,18
HR,V,DIESEL,HEV,2022,5
HR,V,ELECTRIC,BEV,2020,1
HR,V,ELECTRIC,BEV,2022,3
HR,V,ELECTRIC,BEV,2023,33
HR,V,PETROL,HEV,2022,40
HR,V,PETROL,HEV,2023,81
HR,V,PETROL,Petrol,2014,4
HR,V,PETROL,Petrol,2016,1
HR,V,PETROL,Petrol,2017,3
HR,V,PETROL,Petrol,2018,1
HR,V,PETROL,Petrol,2019,18
HR,V,PETROL,Petrol,2020,16
HR,V,PETROL,Petrol,2021,65
HR,V,PETROL,Petrol,2022,32
HR,V,PETROL,Petrol,2023,9
HR,V,PETROL/ELECTRIC,PHEV,2022,5
HR,V,PETROL/ELECTRIC,PHEV,2023,9
HU,,BIODIESEL,Other,2014,1
HU,,DIESEL,Diesel,2010,2121
HU,,DIESEL,Diesel,2011,1574
HU,,DIESEL,Diesel,2012,1776
HU,,DIESEL,Diesel,2013,1848
HU,,DIESEL,Diesel,2014,2588
HU,,DIESEL,Diesel,2015,2068
HU,,DIESEL,Diesel,2016,2004
HU,,DIESEL,Diesel,2017,1191
HU,,DIESEL,Diesel,2018,1161
HU,,DIESEL,Diesel,2019,807
HU,,DIESEL,Diesel,2020,904
HU,,DIESEL,Diesel,2021,548
HU,,DIESEL,Diesel,2022,326
HU,,DIESEL,Diesel,2023,360
HU,,DIESEL,HEV,2019,3
HU,,DIESEL,HEV,2020,7
HU,,DIESEL,HEV,2021,13
HU,,DIESEL,HEV,2022,14
HU,,DIESEL,HEV,2023,13
HU,,E85,Other,2011,6
HU,,ELECTRIC,BEV,2016,1
HU,,ELECTRIC,BEV,2017,1
HU,,ELECTRIC,BEV,2020,164
HU,,ELECTRIC,BEV,2021,40
HU,,ELECTRIC,BEV,2022,120
HU,,ELECTRIC,BEV,2023,237
HU,,ELECTRIC,Other,2010,8
HU,,ELECTRIC,Other,2011,26
HU,,ELECTRIC,Other,2012,2
HU,,LPG,Other,2015,3
HU,,NG-BIOMETHANE,Other,2010,2
HU,,PETROL,HEV,2019,12
HU,,PETROL,HEV,2020,204
HU,,PETROL,HEV,2021,373
HU,,PETROL,HEV,2022,405
HU,,PETROL,HEV,2023,304
HU,,PETROL,Petrol,2010,2096
HU,,PETROL,Petrol,2011,2249
HU,,PETROL,Petrol,2012,1870
HU,,PETROL,Petrol,2013,1716
HU,,PETROL,Petrol,2014,2082
HU,,PETROL,Petrol,2015,1758
HU,,PETROL,Petrol,2016,2245
HU,,PETROL,Petrol,2017,1236
HU,,PETROL,Petrol,2018,1359
HU,,PETROL,Petrol,2019,1514
HU,,PETROL,Petrol,2020,534
HU,,PETROL,Petrol,2021,224
HU,,PETROL,Petrol,2022,233
HU,,PETROL,Petrol,2023,279
HU,,PETROL-ELECTRIC,Other,2016,3
HU,,PETROL/ELECTRIC,Other,2017,6
HU,,PETROL/ELECTRIC,Other,2018,7
HU,,PETROL/ELECTRIC,PHEV,2019,27
HU,,PETROL/ELECTRIC,PHEV,2020,19
HU,,PETROL/ELECTRIC,PHEV,2021,129
HU,,PETROL/ELECTRIC,PHEV,2022,188
HU,,PETROL/ELECTRIC,PHEV,2023,306
HU,,UNKNOWN,Other,2020,7
HU,A,DIESEL,Diesel,2010,122
HU,A,DIESEL,Diesel,2011,320
HU,A,DIESEL,Diesel,2012,545
HU,A,DIESEL,Diesel,2013,403
HU,A,DIESEL,Diesel,2014,664
HU,A,DIESEL,Diesel,2015,295
HU,A,DIESEL,Diesel,2016,260
HU,A,DIESEL,Diesel,2017,358
HU,A,DIESEL,Diesel,2018,164
HU,A,DIESEL,Diesel,2019,147
HU,A,DIESEL,Diesel,2020,327
HU,A,DIESEL,Diesel,2021,341
HU,A,DIESEL,Diesel,2022,60
HU,A,DIESEL,Diesel,2023,106
HU,A,DIESEL,HEV,2020,1
HU,A,E85,Other,2019,1
HU,A,ELECTRIC,BEV,2014,2
HU,A,ELECTRIC,BEV,2015,6
HU,A,ELECTRIC,BEV,2016,2
HU,A,ELECTRIC,BEV,2017,206
HU,A,ELECTRIC,BEV,2018,225
HU,A,ELECTRIC,BEV,2019,341
HU,A,ELECTRIC,BEV,2020,860
HU,A,ELECTRIC,BEV,2021,944
HU,A,ELECTRIC,BEV,2022,694
HU,A,ELECTRIC,BEV,2023,278
HU,A,LPG,Other,2013,1
HU,A,LPG,Other,2015,67
HU,A,LPG,Other,2023,23
HU,A,PETROL,HEV,2019,1
HU,A,PETROL,HEV,2020,2911
HU,A,PETROL,HEV,2021,4240
HU,A,PETROL,HEV,2022,2202
HU,A,PETROL,HEV,2023,1477
HU,A,PETROL,Petrol,2010,2199
HU,A,PETROL,Petrol,2011,1937
HU,A,PETROL,Petrol,2012,2688
HU,A,PETROL,Petrol,2013,2979
HU,A,PETROL,Petrol,2014,2917
HU,A,PETROL,Petrol,2015,3500
HU,A,PETROL,Petrol,2016,4602
HU,A,PETROL,Petrol,2017,3978
HU,A,PETROL,Petrol,2018,5354
HU,A,PETROL,Petrol,2019,5224
HU,A,PETROL,Petrol,2020,3453
HU,A,PETROL,Petrol,2021,2598
HU,A,PETROL,Petrol,2022,1543
HU,A,PETROL,Petrol,2023,1309
HU,A,PETROL-ELECTRIC,Other,2015,1
HU,A,PETROL/ELECTRIC,Other,2017,1
HU,A,PETROL/ELECTRIC,PHEV,2020,1
HU,A,PETROL/ELECTRIC,PHEV,2021,11
HU,A,PETROL/ELECTRIC,PHEV,2022,11
HU,A,PETROL/ELECTRIC,PHEV,2023,3
HU,B,BIODIESEL,Other,2010,1
HU,B,BIODIESEL,Other,2011,9
HU,B,BIODIESEL,Other,2012,9
HU,B,BIODIESEL,Other,2013,1
HU,B,DIESEL,Diesel,2010,1453
HU,B,DIESEL,Diesel,2011,1812
HU,B,DIESEL,Diesel,2012,1740
HU,B,DIESEL,Diesel,2013,1776
HU,B,DIESEL,Diesel,2014,1767
HU,B,DIESEL,Diesel,2015,1675
HU,B,DIESEL,Diesel,2016,1475
HU,B,DIESEL,Diesel,2017,1288
HU,B,DIESEL,Diesel,2018,1018
HU,B,DIESEL,Diesel,2019,870
HU,B,DIESEL,Diesel,2020,352
HU,B,DIESEL,Diesel,2021,131
HU,B,DIESEL,Diesel,2022,116
HU,B,DIESEL,Diesel,2023,56
HU,B,DIESEL,HEV,2020,65
HU,B,DIESEL,HEV,2021,156
HU,B,DIESEL,HEV,2022,154
HU,B,DIESEL,HEV,2023,150
HU,B,E85,Other,2019,33
HU,B,ELECTRIC,BEV,2015,5
HU,B,ELECTRIC,BEV,2016,19
HU,B,ELECTRIC,BEV,2017,41
HU,B,ELECTRIC,BEV,2018,30
HU,B,ELECTRIC,BEV,2019,28
HU,B,ELECTRIC,BEV,2020,230
HU,B,ELECTRIC,BEV,2021,247
HU,B,ELECTRIC,BEV,2022,171
HU,B,ELECTRIC,BEV,2023,208
HU,B,ELECTRIC,Other,2011,10
HU,B,LPG,Other,2010,2
HU,B,LPG,Other,2012,14
HU,B,LPG,Other,2013,13
HU,B,LPG,Other,2016,7
HU,B,LPG,Other,2018,9
HU,B,LPG,Other,2019,7
HU,B,LPG,Other,2020,67
HU,B,LPG,Other,2021,226
HU,B,LPG,Other,2022,145
HU,B,LPG,Other,2023,38
HU,B,NG-BIOMETHANE,Other,2011,1
HU,B,NG-BIOMETHANE,Other,2014,1
HU,B,PETROL,HEV,2019,908
HU,B,PETROL,HEV,2020,2446
HU,B,PETROL,HEV,2021,3404
HU,B,PETROL,HEV,2022,1756
HU,B,PETROL,HEV,2023,2667
HU,B,PETROL,Other,2010,1
HU,B,PETROL,Petrol,2010,6422
HU,B,PETROL,Petrol,2011,6692
HU,B,PETROL,Petrol,2012,8398
HU,B,PETROL,Petrol,2013,7723
HU,B,PETROL,Petrol,2014,9087
HU,B,PETROL,Petrol,2015,10298
HU,B,PETROL,Petrol,2016,13869
HU,B,PETROL,Petrol,2017,14119
HU,B,PETROL,Petrol,2018,16896
HU,B,PETROL,Petrol,2019,17770
HU,B,PETROL,Petrol,2020,10838
HU,B,PETROL,Petrol,2021,6108
HU,B,PETROL,Petrol,2022,6447
HU,B,PETROL,Petrol,2023,4997
HU,B,PETROL-ELECTRIC,Other,2016,18
HU,B,PETROL/ELECTRIC,Other,2017,15
HU,B,PETROL/ELECTRIC,Other,2018,32
HU,B,PETROL/ELECTRIC,PHEV,2019,108
HU,B,PETROL/ELECTRIC,PHEV,2020,27
HU,B,PETROL/ELECTRIC,PHEV,2021,13
HU,B,PETROL/ELECTRIC,PHEV,2022,27
HU,B,PETROL/ELECTRIC,PHEV,2023,96
HU,B,UNKNOWN,Other,2019,5
HU,C,BIODIESEL,Other,2010,1
HU,C,DIESEL,Diesel,2010,7625
HU,C,DIESEL,Diesel,2011,8441
HU,C,DIESEL,Diesel,2012,7897
HU,C,DIESEL,Diesel,2013,8983
HU,C,DIESEL,Diesel,2014,10482
HU,C,DIESEL,Diesel,2015,10213
HU,C,DIESEL,Diesel,2016,10638
HU,C,DIESEL,Diesel,2017,9889
HU,C,DIESEL,Diesel,2018,7984
HU,C,DIESEL,Diesel,2019,6787
HU,C,DIESEL,Diesel,2020,5326
HU,C,DIESEL,Diesel,2021,3452
HU,C,DIESEL,Diesel,2022,3399
HU,C,DIESEL,Diesel,2023,3369
HU,C,DIESEL,HEV,2020,154
HU,C,DIESEL,HEV,2021,1273
HU,C,DIESEL,HEV,2022,802
HU,C,DIESEL,HEV,2023,498
HU,C,DIESEL/ELECTRIC,Other,2017,1
HU,C,DIESEL/ELECTRIC,PHEV,2019,70
HU,C,DIESEL/ELECTRIC,PHEV,2020,106
HU,C,DIESEL/ELECTRIC,PHEV,2021,59
HU,C,DIESEL/ELECTRIC,PHEV,2022,58
HU,C,DIESEL/ELECTRIC,PHEV,2023,22
HU,C,E85,Other,2010,9
HU,C,E85,Other,2011,19
HU,C,E85,Other,2012,50
HU,C,E85,Other,2013,13
HU,C,E85,Other,2019,46
HU,C,ELECTRIC,BEV,2014,23
HU,C,ELECTRIC,BEV,2015,86
HU,C,ELECTRIC,BEV,2016,165
HU,C,ELECTRIC,BEV,2017,388
HU,C,ELECTRIC,BEV,2018,960
HU,C,ELECTRIC,BEV,2019,909
HU,C,ELECTRIC,BEV,2020,939
HU,C,ELECTRIC,BEV,2021,826
HU,C,ELECTRIC,BEV,2022,889
HU,C,ELECTRIC,BEV,2023,965
HU,C,ELECTRIC,Other,2010,111
HU,C,ELECTRIC,Other,2011,238
HU,C,ELECTRIC,Other,2012,3
HU,C,ELECTRIC,Other,2013,11
HU,C,ELECTRIC,Other,2014,1
HU,C,ELECTRIC,Other,2015,14
HU,C,LPG,Other,2010,3
HU,C,LPG,Other,2012,47
HU,C,LPG,Other,2013,47
HU,C,LPG,Other,2014,16
HU,C,LPG,Other,2015,11
HU,C,LPG,Other,2018,20
HU,C,LPG,Other,2019,3
HU,C,LPG,Other,2020,36
HU,C,LPG,Other,2021,42
HU,C,LPG,Other,2022,456
HU,C,LPG,Other,2023,340
HU,C,NG,Other,2018,6
HU,C,NG,Other,2020,1
HU,C,NG,Other,2021,3
HU,C,NG,Other,2022,4
HU,C,NG-BIOMETHANE,Other,2011,2
HU,C,NG-BIOMETHANE,Other,2012,3
HU,C,NG-BIOMETHANE,Other,2013,29
HU,C,NG-BIOMETHANE,Other,2014,20
HU,C,NG-BIOMETHANE,Other,2016,3
HU,C,PETROL,HEV,2019,2061
HU,C,PETROL,HEV,2020,9153
HU,C,PETROL,HEV,2021,10564
HU,C,PETROL,HEV,2022,11916
HU,C,PETROL,HEV,2023,13574
HU,C,PETROL,Petrol,2010,11588
HU,C,PETROL,Petrol,2011,11184
HU,C,PETROL,Petrol,2012,12824
HU,C,PETROL,Petrol,2013,12087
HU,C,PETROL,Petrol,2014,16069
HU,C,PETROL,Petrol,2015,16515
HU,C,PETROL,Petrol,2016,20032
HU,C,PETROL,Petrol,2017,24697
HU,C,PETROL,Petrol,2018,31326
HU,C,PETROL,Petrol,2019,34739
HU,C,PETROL,Petrol,2020,17412
HU,C,PETROL,Petrol,2021,12094
HU,C,PETROL,Petrol,2022,13569
HU,C,PETROL,Petrol,2023,11324
HU,C,PETROL-ELECTRIC,Other,2014,4
HU,C,PETROL-ELECTRIC,Other,2015,50
HU,C,PETROL-ELECTRIC,Other,2016,114
HU,C,PETROL/ELECTRIC,Other,2017,151
HU,C,PETROL/ELECTRIC,Other,2018,215
HU,C,PETROL/ELECTRIC,PHEV,2019,352
HU,C,PETROL/ELECTRIC,PHEV,2020,851
HU,C,PETROL/ELECTRIC,PHEV,2021,1124
HU,C,PETROL/ELECTRIC,PHEV,2022,1221
HU,C,PETROL/ELECTRIC,PHEV,2023,1186
HU,D,DIESEL,Diesel,2010,2504
HU,D,DIESEL,Diesel,2011,3508
HU,D,DIESEL,Diesel,2012,3596
HU,D,DIESEL,Diesel,2013,3972
HU,D,DIESEL,Diesel,2014,4488
HU,D,DIESEL,Diesel,2015,4721
HU,D,DIESEL,Diesel,2016,5559
HU,D,DIESEL,Diesel,2017,5208
HU,D,DIESEL,Diesel,2018,5451
HU,D,DIESEL,Diesel,2019,6934
HU,D,DIESEL,Diesel,2020,6534
HU,D,DIESEL,Diesel,2021,3163
HU,D,DIESEL,Diesel,2022,3214
HU,D,DIESEL,Diesel,2023,2618
HU,D,DIESEL,HEV,2019,84
HU,D,DIESEL,HEV,2020,1591
HU,D,DIESEL,HEV,2021,2697
HU,D,DIESEL,HEV,2022,1643
HU,D,DIESEL,HEV,2023,1466
HU,D,E85,Other,2010,2
HU,D,E85,Other,2013,2
HU,D,E85,Other,2014,2
HU,D,E85,Other,2019,2
HU,D,ELECTRIC,BEV,2019,85
HU,D,ELECTRIC,BEV,2020,74
HU,D,ELECTRIC,BEV,2021,215
HU,D,ELECTRIC,BEV,2022,465
HU,D,ELECTRIC,BEV,2023,470
HU,D,ELECTRIC,Other,2011,4
HU,D,LPG,Other,2015,4
HU,D,PETROL,HEV,2019,349
HU,D,PETROL,HEV,2020,394
HU,D,PETROL,HEV,2021,582
HU,D,PETROL,HEV,2022,937
HU,D,PETROL,HEV,2023,724
HU,D,PETROL,Other,2020,7
HU,D,PETROL,Petrol,2010,1150
HU,D,PETROL,Petrol,2011,1162
HU,D,PETROL,Petrol,2012,960
HU,D,PETROL,Petrol,2013,801
HU,D,PETROL,Petrol,2014,1043
HU,D,PETROL,Petrol,2015,868
HU,D,PETROL,Petrol,2016,1417
HU,D,PETROL,Petrol,2017,1968
HU,D,PETROL,Petrol,2018,2817
HU,D,PETROL,Petrol,2019,3845
HU,D,PETROL,Petrol,2020,3372
HU,D,PETROL,Petrol,2021,1489
HU,D,PETROL,Petrol,2022,1192
HU,D,PETROL,Petrol,2023,1321
HU,D,PETROL-ELECTRIC,Other,2015,1
HU,D,PETROL-ELECTRIC,Other,2016,25
HU,D,PETROL/ELECTRIC,Other,2017,12
HU,D,PETROL/ELECTRIC,Other,2018,43
HU,D,PETROL/ELECTRIC,PHEV,2019,62
HU,D,PETROL/ELECTRIC,PHEV,2020,427
HU,D,PETROL/ELECTRIC,PHEV,2021,326
HU,D,PETROL/ELECTRIC,PHEV,2022,308
HU,D,PETROL/ELECTRIC,PHEV,2023,290
HU,E,DIESEL,Diesel,2010,200
HU,E,DIESEL,Diesel,2011,541
HU,E,DIESEL,Diesel,2012,763
HU,E,DIESEL,Diesel,2013,854
HU,E,DIESEL,Diesel,2014,534
HU,E,DIESEL,Diesel,2015,1071
HU,E,DIESEL,Diesel,2016,1321
HU,E,DIESEL,Diesel,2017,1324
HU,E,DIESEL,Diesel,2018,1280
HU,E,DIESEL,Diesel,2019,867
HU,E,DIESEL,Diesel,2020,565
HU,E,DIESEL,Diesel,2021,674
HU,E,DIESEL,Diesel,2022,623
HU,E,DIESEL,Diesel,2023,554
HU,E,DIESEL,HEV,2019,267
HU,E,DIESEL,HEV,2020,177
HU,E,DIESEL,HEV,2021,186
HU,E,DIESEL,HEV,2022,343
HU,E,DIESEL,HEV,2023,257
HU,E,ELECTRIC,BEV,2022,92
HU,E,ELECTRIC,BEV,2023,216
HU,E,HYDROGEN,Other,2021,1
HU,E,HYDROGEN,Other,2022,1
HU,E,PETROL,HEV,2019,532
HU,E,PETROL,HEV,2020,762
HU,E,PETROL,HEV,2021,743
HU,E,PETROL,HEV,2022,566
HU,E,PETROL,HEV,2023,697
HU,E,PETROL,Petrol,2010,114
HU,E,PETROL,Petrol,2011,228
HU,E,PETROL,Petrol,2012,169
HU,E,PETROL,Petrol,2013,263
HU,E,PETROL,Petrol,2014,125
HU,E,PETROL,Petrol,2015,352
HU,E,PETROL,Petrol,2016,685
HU,E,PETROL,Petrol,2017,898
HU,E,PETROL,Petrol,2018,1340
HU,E,PETROL,Petrol,2019,1495
HU,E,PETROL,Petrol,2020,1353
HU,E,PETROL,Petrol,2021,842
HU,E,PETROL,Petrol,2022,575
HU,E,PETROL,Petrol,2023,780
HU,E,PETROL/ELECTRIC,Other,2017,12
HU,E,PETROL/ELECTRIC,Other,2018,25
HU,E,PETROL/ELECTRIC,PHEV,2019,22
HU,E,PETROL/ELECTRIC,PHEV,2020,22
HU,E,PETROL/ELECTRIC,PHEV,2021,82
HU,E,PETROL/ELECTRIC,PHEV,2022,153
HU,E,PETROL/ELECTRIC,PHEV,2023,166
HU,F,DIESEL,Diesel,2010,132
HU,F,DIESEL,Diesel,2011,120
HU,F,DIESEL,Diesel,2012,231
HU,F,DIESEL,Diesel,2013,239
HU,F,DIESEL,Diesel,2014,202
HU,F,DIESEL,Diesel,2015,157
HU,F,DIESEL,Diesel,2016,246
HU,F,DIESEL,Diesel,2017,272
HU,F,DIESEL,Diesel,2018,299
HU,F,DIESEL,Diesel,2019,209
HU,F,DIESEL,Diesel,2020,139
HU,F,DIESEL,Diesel,2021,238
HU,F,DIESEL,Diesel,2022,178
HU,F,DIESEL,Diesel,2023,95
HU,F,DIESEL,HEV,2019,43
HU,F,DIESEL,HEV,2020,25
HU,F,DIESEL,HEV,2021,33
HU,F,DIESEL,HEV,2022,50
HU,F,DIESEL,HEV,2023,79
HU,F,E85,Other,2012,3
HU,F,ELECTRIC,BEV,2014,3
HU,F,ELECTRIC,BEV,2015,9
HU,F,ELECTRIC,BEV,2016,11
HU,F,ELECTRIC,BEV,2017,9
HU,F,ELECTRIC,BEV,2018,10
HU,F,ELECTRIC,BEV,2019,8
HU,F,ELECTRIC,BEV,2020,55
HU,F,ELECTRIC,BEV,2021,68
HU,F,ELECTRIC,BEV,2022,128
HU,F,ELECTRIC,BEV,2023,244
HU,F,ELECTRIC,Other,2010,5
HU,F,PETROL,HEV,2019,92
HU,F,PETROL,HEV,2020,58
HU,F,PETROL,HEV,2021,76
HU,F,PETROL,HEV,2022,219
HU,F,PETROL,HEV,2023,145
HU,F,PETROL,Petrol,2010,270
HU,F,PETROL,Petrol,2011,250
HU,F,PETROL,Petrol,2012,371
HU,F,PETROL,Petrol,2013,368
HU,F,PETROL,Petrol,2014,332
HU,F,PETROL,Petrol,2015,329
HU,F,PETROL,Petrol,2016,660
HU,F,PETROL,Petrol,2017,600
HU,F,PETROL,Petrol,2018,582
HU,F,PETROL,Petrol,2019,986
HU,F,PETROL,Petrol,2020,993
HU,F,PETROL,Petrol,2021,1614
HU,F,PETROL,Petrol,2022,1814
HU,F,PETROL,Petrol,2023,1267
HU,F,PETROL-ELECTRIC,Other,2014,1
HU,F,PETROL-ELECTRIC,Other,2015,9
HU,F,PETROL-ELECTRIC,Other,2016,10
HU,F,PETROL/ELECTRIC,Other,2017,13
HU,F,PETROL/ELECTRIC,Other,2018,8
HU,F,PETROL/ELECTRIC,PHEV,2020,6
HU,F,PETROL/ELECTRIC,PHEV,2021,5
HU,F,PETROL/ELECTRIC,PHEV,2022,37
HU,F,PETROL/ELECTRIC,PHEV,2023,31
HU,JA,DIESEL,Diesel,2010,92
HU,JA,DIESEL,Diesel,2011,92
HU,JA,DIESEL,Diesel,2012,95
HU,JA,DIESEL,Diesel,2013,65
HU,JA,DIESEL,Diesel,2014,62
HU,JA,DIESEL,Diesel,2015,61
HU,JA,DIESEL,Diesel,2016,52
HU,JA,DIESEL,Diesel,2017,100
HU,JA,DIESEL,Diesel,2018,120
HU,JA,DIESEL,Diesel,2019,102
HU,JA,DIESEL,Diesel,2020,204
HU,JA,DIESEL,Diesel,2021,56
HU,JA,DIESEL,Diesel,2022,32
HU,JA,DIESEL,Diesel,2023,23
HU,JA,ELECTRIC,BEV,2022,4
HU,JA,ELECTRIC,BEV,2023,4
HU,JA,NG,Other,2021,2
HU,JA,PETROL,HEV,2019,241
HU,JA,PETROL,HEV,2020,991
HU,JA,PETROL,HEV,2021,884
HU,JA,PETROL,HEV,2022,616
HU,JA,PETROL,HEV,2023,463
HU,JA,PETROL,Petrol,2010,35
HU,JA,PETROL,Petrol,2011,30
HU,JA,PETROL,Petrol,2012,23
HU,JA,PETROL,Petrol,2013,38
HU,JA,PETROL,Petrol,2014,37
HU,JA,PETROL,Petrol,2015,21
HU,JA,PETROL,Petrol,2016,45
HU,JA,PETROL,Petrol,2017,1118
HU,JA,PETROL,Petrol,2018,625
HU,JA,PETROL,Petrol,2019,809
HU,JA,PETROL,Petrol,2020,650
HU,JA,PETROL,Petrol,2021,561
HU,JA,PETROL,Petrol,2022,318
HU,JA,PETROL,Petrol,2023,620
HU,JA,PETROL/ELECTRIC,PHEV,2021,2
HU,JB,DIESEL,Diesel,2010,183
HU,JB,DIESEL,Diesel,2011,771
HU,JB,DIESEL,Diesel,2012,1500
HU,JB,DIESEL,Diesel,2013,1964
HU,JB,DIESEL,Diesel,2014,2113
HU,JB,DIESEL,Diesel,2015,2020
HU,JB,DIESEL,Diesel,2016,2710
HU,JB,DIESEL,Diesel,2017,2934
HU,JB,DIESEL,Diesel,2018,2341
HU,JB,DIESEL,Diesel,2019,2029
HU,JB,DIESEL,Diesel,2020,4347
HU,JB,DIESEL,Diesel,2021,4276
HU,JB,DIESEL,Diesel,2022,1907
HU,JB,DIESEL,Diesel,2023,1557
HU,JB,E85,Other,2011,79
HU,JB,E85,Other,2012,429
HU,JB,E85,Other,2013,44
HU,JB,E85,Other,2019,2
HU,JB,ELECTRIC,BEV,2015,1
HU,JB,ELECTRIC,BEV,2017,48
HU,JB,ELECTRIC,BEV,2018,55
HU,JB,ELECTRIC,BEV,2019,220
HU,JB,ELECTRIC,BEV,2020,441
HU,JB,ELECTRIC,BEV,2021,446
HU,JB,ELECTRIC,BEV,2022,467
HU,JB,ELECTRIC,BEV,2023,295
HU,JB,ELECTRIC,Other,2011,3
HU,JB,ELECTRIC,Other,2012,1
HU,JB,LPG,Other,2012,17
HU,JB,LPG,Other,2013,63
HU,JB,LPG,Other,2014,18
HU,JB,LPG,Other,2015,10
HU,JB,LPG,Other,2020,219
HU,JB,LPG,Other,2021,327
HU,JB,LPG,Other,2022,171
HU,JB,LPG,Other,2023,82
HU,JB,NG,Other,2021,1
HU,JB,PETROL,HEV,2019,361
HU,JB,PETROL,HEV,2020,9178
HU,JB,PETROL,HEV,2021,10300
HU,JB,PETROL,HEV,2022,9163
HU,JB,PETROL,HEV,2023,8128
HU,JB,PETROL,Petrol,2010,438
HU,JB,PETROL,Petrol,2011,645
HU,JB,PETROL,Petrol,2012,696
HU,JB,PETROL,Petrol,2013,1744
HU,JB,PETROL,Petrol,2014,2902
HU,JB,PETROL,Petrol,2015,7276
HU,JB,PETROL,Petrol,2016,11559
HU,JB,PETROL,Petrol,2017,14564
HU,JB,PETROL,Petrol,2018,22550
HU,JB,PETROL,Petrol,2019,25471
HU,JB,PETROL,Petrol,2020,9906
HU,JB,PETROL,Petrol,2021,7992
HU,JB,PETROL,Petrol,2022,8704
HU,JB,PETROL,Petrol,2023,6882
HU,JB,PETROL-ELECTRIC,Other,2016,1
HU,JB,PETROL/ELECTRIC,Other,2017,29
HU,JB,PETROL/ELECTRIC,Other,2018,36
HU,JB,PETROL/ELECTRIC,PHEV,2019,33
HU,JB,PETROL/ELECTRIC,PHEV,2020,124
HU,JB,PETROL/ELECTRIC,PHEV,2021,162
HU,JB,PETROL/ELECTRIC,PHEV,2022,330
HU,JB,PETROL/ELECTRIC,PHEV,2023,208
HU,JC,DIESEL,Diesel,2010,1348
HU,JC,DIESEL,Diesel,2011,1459
HU,JC,DIESEL,Diesel,2012,2068
HU,JC,DIESEL,Diesel,2013,2963
HU,JC,DIESEL,Diesel,2014,3790
HU,JC,DIESEL,Diesel,2015,3989
HU,JC,DIESEL,Diesel,2016,5139
HU,JC,DIESEL,Diesel,2017,5375
HU,JC,DIESEL,Diesel,2018,4594
HU,JC,DIESEL,Diesel,2019,3244
HU,JC,DIESEL,Diesel,2020,2538
HU,JC,DIESEL,Diesel,2021,2050
HU,JC,DIESEL,Diesel,2022,1474
HU,JC,DIESEL,Diesel,2023,1414
HU,JC,DIESEL,HEV,2019,28
HU,JC,DIESEL,HEV,2020,496
HU,JC,DIESEL,HEV,2021,609
HU,JC,DIESEL,HEV,2022,752
HU,JC,DIESEL,HEV,2023,845
HU,JC,E85,Other,2019,17
HU,JC,ELECTRIC,BEV,2019,23
HU,JC,ELECTRIC,BEV,2020,392
HU,JC,ELECTRIC,BEV,2021,1035
HU,JC,ELECTRIC,BEV,2022,1051
HU,JC,ELECTRIC,BEV,2023,1196
HU,JC,PETROL,HEV,2019,1652
HU,JC,PETROL,HEV,2020,1498
HU,JC,PETROL,HEV,2021,2693
HU,JC,PETROL,HEV,2022,3917
HU,JC,PETROL,HEV,2023,6348
HU,JC,PETROL,Petrol,2010,1284
HU,JC,PETROL,Petrol,2011,991
HU,JC,PETROL,Petrol,2012,1335
HU,JC,PETROL,Petrol,2013,1383
HU,JC,PETROL,Petrol,2014,2108
HU,JC,PETROL,Petrol,2015,3132
HU,JC,PETROL,Petrol,2016,4274
HU,JC,PETROL,Petrol,2017,7323
HU,JC,PETROL,Petrol,2018,11707
HU,JC,PETROL,Petrol,2019,11349
HU,JC,PETROL,Petrol,2020,8975
HU,JC,PETROL,Petrol,2021,8588
HU,JC,PETROL,Petrol,2022,9611
HU,JC,PETROL,Petrol,2023,6646
HU,JC,PETROL/ELECTRIC,Other,2018,81
HU,JC,PETROL/ELECTRIC,PHEV,2019,1
HU,JC,PETROL/ELECTRIC,PHEV,2020,632
HU,JC,PETROL/ELECTRIC,PHEV,2021,644
HU,JC,PETROL/ELECTRIC,PHEV,2022,1004
HU,JC,PETROL/ELECTRIC,PHEV,2023,1165
HU,JD,DIESEL,Diesel,2010,538
HU,JD,DIESEL,Diesel,2011,911
HU,JD,DIESEL,Diesel,2012,839
HU,JD,DIESEL,Diesel,2013,902
HU,JD,DIESEL,Diesel,2014,1165
HU,JD,DIESEL,Diesel,2015,1594
HU,JD,DIESEL,Diesel,2016,1715
HU,JD,DIESEL,Diesel,2017,1781
HU,JD,DIESEL,Diesel,2018,1807
HU,JD,DIESEL,Diesel,2019,876
HU,JD,DIESEL,Diesel,2020,1189
HU,JD,DIESEL,Diesel,2021,716
HU,JD,DIESEL,Diesel,2022,348
HU,JD,DIESEL,Diesel,2023,297
HU,JD,DIESEL,HEV,2019,12
HU,JD,DIESEL,HEV,2020,455
HU,JD,DIESEL,HEV,2021,634
HU,JD,DIESEL,HEV,2022,748
HU,JD,DIESEL,HEV,2023,1214
HU,JD,DIESEL-ELECTRIC,Other,2016,5
HU,JD,DIESEL/ELECTRIC,Other,2017,8
HU,JD,DIESEL/ELECTRIC,Other,2018,5
HU,JD,DIESEL/ELECTRIC,PHEV,2020,45
HU,JD,DIESEL/ELECTRIC,PHEV,2021,209
HU,JD,DIESEL/ELECTRIC,PHEV,2022,166
HU,JD,DIESEL/ELECTRIC,PHEV,2023,168
HU,JD,ELECTRIC,BEV,2021,105
HU,JD,ELECTRIC,BEV,2022,296
HU,JD,ELECTRIC,BEV,2023,1041
HU,JD,PETROL,HEV,2019,1426
HU,JD,PETROL,HEV,2020,1971
HU,JD,PETROL,HEV,2021,1958
HU,JD,PETROL,HEV,2022,2123
HU,JD,PETROL,HEV,2023,2228
HU,JD,PETROL,Petrol,2010,179
HU,JD,PETROL,Petrol,2011,208
HU,JD,PETROL,Petrol,2012,196
HU,JD,PETROL,Petrol,2013,212
HU,JD,PETROL,Petrol,2014,405
HU,JD,PETROL,Petrol,2015,421
HU,JD,PETROL,Petrol,2016,903
HU,JD,PETROL,Petrol,2017,1634
HU,JD,PETROL,Petrol,2018,1915
HU,JD,PETROL,Petrol,2019,966
HU,JD,PETROL,Petrol,2020,1024
HU,JD,PETROL,Petrol,2021,850
HU,JD,PETROL,Petrol,2022,559
HU,JD,PETROL,Petrol,2023,375
HU,JD,PETROL-ELECTRIC,Other,2014,5
HU,JD,PETROL-ELECTRIC,Other,2015,9
HU,JD,PETROL-ELECTRIC,Other,2016,83
HU,JD,PETROL/ELECTRIC,Other,2017,114
HU,JD,PETROL/ELECTRIC,Other,2018,168
HU,JD,PETROL/ELECTRIC,PHEV,2019,75
HU,JD,PETROL/ELECTRIC,PHEV,2020,593
HU,JD,PETROL/ELECTRIC,PHEV,2021,707
HU,JD,PETROL/ELECTRIC,PHEV,2022,792
HU,JD,PETROL/ELECTRIC,PHEV,2023,1066
HU,JE,DIESEL,Diesel,2010,179
HU,JE,DIESEL,Diesel,2011,212
HU,JE,DIESEL,Diesel,2012,220
HU,JE,DIESEL,Diesel,2013,218
HU,JE,DIESEL,Diesel,2014,391
HU,JE,DIESEL,Diesel,2015,603
HU,JE,DIESEL,Diesel,2016,718
HU,JE,DIESEL,Diesel,2017,736
HU,JE,DIESEL,Diesel,2018,886
HU,JE,DIESEL,Diesel,2019,97
HU,JE,DIESEL,Diesel,2020,841
HU,JE,DIESEL,Diesel,2021,404
HU,JE,DIESEL,Diesel,2022,405
HU,JE,DIESEL,Diesel,2023,185
HU,JE,DIESEL,HEV,2019,3
HU,JE,DIESEL,HEV,2020,226
HU,JE,DIESEL,HEV,2021,713
HU,JE,DIESEL,HEV,2022,959
HU,JE,DIESEL,HEV,2023,980
HU,JE,DIESEL/ELECTRIC,PHEV,2020,176
HU,JE,DIESEL/ELECTRIC,PHEV,2021,251
HU,JE,DIESEL/ELECTRIC,PHEV,2022,210
HU,JE,DIESEL/ELECTRIC,PHEV,2023,143
HU,JE,ELECTRIC,BEV,2016,3
HU,JE,ELECTRIC,BEV,2017,4
HU,JE,ELECTRIC,BEV,2018,6
HU,JE,ELECTRIC,BEV,2019,9
HU,JE,ELECTRIC,BEV,2020,5
HU,JE,ELECTRIC,BEV,2021,28
HU,JE,ELECTRIC,BEV,2022,173
HU,JE,ELECTRIC,BEV,2023,240
HU,JE,ELECTRIC,Other,2010,53
HU,JE,ELECTRIC,Other,2011,44
HU,JE,PETROL,HEV,2019,197
HU,JE,PETROL,HEV,2020,439
HU,JE,PETROL,HEV,2021,848
HU,JE,PETROL,HEV,2022,1058
HU,JE,PETROL,HEV,2023,609
HU,JE,PETROL,Petrol,2010,24
HU,JE,PETROL,Petrol,2011,3
HU,JE,PETROL,Petrol,2012,48
HU,JE,PETROL,Petrol,2013,53
HU,JE,PETROL,Petrol,2014,35
HU,JE,PETROL,Petrol,2015,80
HU,JE,PETROL,Petrol,2016,215
HU,JE,PETROL,Petrol,2017,262
HU,JE,PETROL,Petrol,2018,354
HU,JE,PETROL,Petrol,2019,16
HU,JE,PETROL,Petrol,2020,177
HU,JE,PETROL,Petrol,2021,201
HU,JE,PETROL,Petrol,2022,307
HU,JE,PETROL,Petrol,2023,195
HU,JE,PETROL-ELECTRIC,Other,2014,1
HU,JE,PETROL-ELECTRIC,Other,2016,30
HU,JE,PETROL/ELECTRIC,Other,2017,16
HU,JE,PETROL/ELECTRIC,Other,2018,45
HU,JE,PETROL/ELECTRIC,PHEV,2020,211
HU,JE,PETROL/ELECTRIC,PHEV,2021,263
HU,JE,PETROL/ELECTRIC,PHEV,2022,326
HU,JE,PETROL/ELECTRIC,PHEV,2023,441
HU,JF,DIESEL,Diesel,2010,45
HU,JF,DIESEL,Diesel,2011,60
HU,JF,DIESEL,Diesel,2012,90
HU,JF,DIESEL,Diesel,2013,85
HU,JF,DIESEL,Diesel,2014,98
HU,JF,DIESEL,Diesel,2015,151
HU,JF,DIESEL,Diesel,2016,317
HU,JF,DIESEL,Diesel,2017,289
HU,JF,DIESEL,Diesel,2018,182
HU,JF,DIESEL,Diesel,2019,7
HU,JF,DIESEL,Diesel,2020,241
HU,JF,DIESEL,Diesel,2021,355
HU,JF,DIESEL,Diesel,2022,293
HU,JF,DIESEL,Diesel,2023,158
HU,JF,DIESEL,HEV,2020,34
HU,JF,DIESEL,HEV,2021,67
HU,JF,DIESEL,HEV,2022,114
HU,JF,DIESEL,HEV,2023,252
HU,JF,ELECTRIC,BEV,2020,6
HU,JF,ELECTRIC,BEV,2021,30
HU,JF,ELECTRIC,BEV,2022,46
HU,JF,ELECTRIC,BEV,2023,16
HU,JF,PETROL,HEV,2020,34
HU,JF,PETROL,HEV,2021,71
HU,JF,PETROL,HEV,2022,66
HU,JF,PETROL,HEV,2023,51
HU,JF,PETROL,Petrol,2012,9
HU,JF,PETROL,Petrol,2013,7
HU,JF,PETROL,Petrol,2014,6
HU,JF,PETROL,Petrol,2015,15
HU,JF,PETROL,Petrol,2016,62
HU,JF,PETROL,Petrol,2017,83
HU,JF,PETROL,Petrol,2018,73
HU,JF,PETROL,Petrol,2019,7
HU,JF,PETROL,Petrol,2020,26
HU,JF,PETROL,Petrol,2021,73
HU,JF,PETROL,Petrol,2022,25
HU,JF,PETROL,Petrol,2023,37
HU,JF,PETROL/ELECTRIC,PHEV,2019,1
HU,JF,PETROL/ELECTRIC,PHEV,2020,55
HU,JF,PETROL/ELECTRIC,PHEV,2021,15
HU,JF,PETROL/ELECTRIC,PHEV,2022,20
HU,JF,PETROL/ELECTRIC,PHEV,2023,29
HU,V,BIODIESEL,Other,2015,2
HU,V,DIESEL,Diesel,2010,672
HU,V,DIESEL,Diesel,2011,931
HU,V,DIESEL,Diesel,2012,877
HU,V,DIESEL,Diesel,2013,1160
HU,V,DIESEL,Diesel,2014,2025
HU,V,DIESEL,Diesel,2015,3315
HU,V,DIESEL,Diesel,2016,2173
HU,V,DIESEL,Diesel,2017,2572
HU,V,DIESEL,Diesel,2018,2679
HU,V,DIESEL,Diesel,2019,3128
HU,V,DIESEL,Diesel,2020,3438
HU,V,DIESEL,Diesel,2021,1909
HU,V,DIESEL,Diesel,2022,1638
HU,V,DIESEL,Diesel,2023,1679
HU,V,DIESEL,HEV,2019,2
HU,V,DIESEL,HEV,2020,522
HU,V,DIESEL,HEV,2021,602
HU,V,DIESEL,HEV,2022,443
HU,V,DIESEL,HEV,2023,580
HU,V,ELECTRIC,BEV,2020,20
HU,V,ELECTRIC,BEV,2021,78
HU,V,ELECTRIC,BEV,2022,70
HU,V,ELECTRIC,BEV,2023,171
HU,V,LPG,Other,2012,1
HU,V,NG,Other,2018,8
HU,V,NG,Other,2019,2
HU,V,NG-BIOMETHANE,Other,2011,1
HU,V,NG-BIOMETHANE,Other,2013,2
HU,V,PETROL,HEV,2021,17
HU,V,PETROL,HEV,2022,111
HU,V,PETROL,HEV,2023,5
HU,V,PETROL,Petrol,2010,63
HU,V,PETROL,Petrol,2011,55
HU,V,PETROL,Petrol,2012,24
HU,V,PETROL,Petrol,2013,31
HU,V,PETROL,Petrol,2014,70
HU,V,PETROL,Petrol,2015,56
HU,V,PETROL,Petrol,2016,83
HU,V,PETROL,Petrol,2017,115
HU,V,PETROL,Petrol,2018,237
HU,V,PETROL,Petrol,2019,1452
HU,V,PETROL,Petrol,2020,2628
HU,V,PETROL,Petrol,2021,1297
HU,V,PETROL,Petrol,2022,706
HU,V,PETROL,Petrol,2023,389
HU,V,PETROL/ELECTRIC,PHEV,2021,2
HU,V,PETROL/ELECTRIC,PHEV,2022,39
HU,V,PETROL/ELECTRIC,PHEV,2023,51
IE,,DIESEL,Diesel,2010,49419
IE,,DIESEL,Diesel,2011,56040
IE,,DIESEL,Diesel,2012,1782
IE,,DIESEL,Diesel,2013,1090
IE,,DIESEL,Diesel,2014,4552
IE,,DIESEL,Diesel,2015,6384
IE,,DIESEL,Diesel,2016,6061
IE,,DIESEL,Diesel,2017,2694
IE,,DIESEL,Diesel,2018,2089
IE,,DIESEL,Diesel,2019,1125
IE,,DIESEL,Diesel,2020,533
IE,,DIESEL,Diesel,2021,749
IE,,DIESEL,Diesel,2022,179
IE,,DIESEL,Diesel,2023,619
IE,,DIESEL,HEV,2020,11
IE,,DIESEL,HEV,2022,5
IE,,DIESEL,HEV,2023,2
IE,,E85,Other,2011,1350
IE,,ELECTRIC,BEV,2014,3
IE,,ELECTRIC,BEV,2019,1
IE,,ELECTRIC,BEV,2020,6
IE,,ELECTRIC,BEV,2021,170
IE,,ELECTRIC,BEV,2022,323
IE,,ELECTRIC,BEV,2023,1497
IE,,ELECTRIC,Other,2010,17
IE,,ELECTRIC,Other,2011,597
IE,,ELECTRIC,Other,2012,68
IE,,ELECTRIC,Other,2013,3
IE,,NG-BIOMETHANE,Other,2010,375
IE,,PETROL,HEV,2019,50
IE,,PETROL,HEV,2020,79
IE,,PETROL,HEV,2021,62
IE,,PETROL,HEV,2022,3
IE,,PETROL,HEV,2023,15
IE,,PETROL,Petrol,2010,29826
IE,,PETROL,Petrol,2011,21659
IE,,PETROL,Petrol,2013,17
IE,,PETROL,Petrol,2014,1186
IE,,PETROL,Petrol,2015,1930
IE,,PETROL,Petrol,2016,1716
IE,,PETROL,Petrol,2017,862
IE,,PETROL,Petrol,2018,147
IE,,PETROL,Petrol,2019,149
IE,,PETROL,Petrol,2020,49
IE,,PETROL,Petrol,2021,93
IE,,PETROL,Petrol,2022,46
IE,,PETROL,Petrol,2023,8
IE,,PETROL-ELECTRIC,Other,2015,1
IE,,PETROL-ELECTRIC,Other,2016,4
IE,,PETROL/ELECTRIC,HEV,2020,1
IE,,PETROL/ELECTRIC,Other,2017,2
IE,,PETROL/ELECTRIC,Other,2018,4
IE,,PETROL/ELECTRIC,PHEV,2019,16
IE,,PETROL/ELECTRIC,PHEV,2020,7
IE,,PETROL/ELECTRIC,PHEV,2021,460
IE,,PETROL/ELECTRIC,PHEV,2022,515
IE,,PETROL/ELECTRIC,PHEV,2023,424
IE,A,DIESEL,Diesel,2012,267
IE,A,DIESEL,Diesel,2013,403
IE,A,DIESEL,Diesel,2014,468
IE,A,DIESEL,Diesel,2015,491
IE,A,DIESEL,Diesel,2016,508
IE,A,DIESEL,Diesel,2017,383
IE,A,DIESEL,Diesel,2018,235
IE,A,DIESEL,Diesel,2019,128
IE,A,DIESEL,Diesel,2020,108
IE,A,DIESEL,Diesel,2021,10
IE,A,DIESEL,Diesel,2023,29
IE,A,ELECTRIC,BEV,2014,10
IE,A,ELECTRIC,BEV,2015,30
IE,A,ELECTRIC,BEV,2016,13
IE,A,ELECTRIC,BEV,2017,57
IE,A,ELECTRIC,BEV,2018,94
IE,A,ELECTRIC,BEV,2019,263
IE,A,ELECTRIC,BEV,2020,232
IE,A,ELECTRIC,BEV,2021,468
IE,A,ELECTRIC,BEV,2022,460
IE,A,ELECTRIC,BEV,2023,459
IE,A,PETROL,HEV,2020,68
IE,A,PETROL,HEV,2021,245
IE,A,PETROL,HEV,2022,279
IE,A,PETROL,HEV,2023,685
IE,A,PETROL,Petrol,2010,181
IE,A,PETROL,Petrol,2011,573
IE,A,PETROL,Petrol,2012,3533
IE,A,PETROL,Petrol,2013,4254
IE,A,PETROL,Petrol,2014,5510
IE,A,PETROL,Petrol,2015,6984
IE,A,PETROL,Petrol,2016,7196
IE,A,PETROL,Petrol,2017,6859
IE,A,PETROL,Petrol,2018,6396
IE,A,PETROL,Petrol,2019,5254
IE,A,PETROL,Petrol,2020,2696
IE,A,PETROL,Petrol,2021,2169
IE,A,PETROL,Petrol,2022,1649
IE,A,PETROL,Petrol,2023,2505
IE,A,PETROL/ELECTRIC,Other,2017,2
IE,A,PETROL/ELECTRIC,PHEV,2020,1
IE,A,PETROL/ELECTRIC,PHEV,2021,11
IE,A,PETROL/ELECTRIC,PHEV,2022,13
IE,A,PETROL/ELECTRIC,PHEV,2023,8
IE,B,DIESEL,Diesel,2010,2188
IE,B,DIESEL,Diesel,2011,2497
IE,B,DIESEL,Diesel,2012,6221
IE,B,DIESEL,Diesel,2013,5523
IE,B,DIESEL,Diesel,2014,5013
IE,B,DIESEL,Diesel,2015,6525
IE,B,DIESEL,Diesel,2016,6244
IE,B,DIESEL,Diesel,2017,5553
IE,B,DIESEL,Diesel,2018,3532
IE,B,DIESEL,Diesel,2019,1795
IE,B,DIESEL,Diesel,2020,548
IE,B,DIESEL,Diesel,2021,500
IE,B,DIESEL,Diesel,2022,182
IE,B,DIESEL,Diesel,2023,109
IE,B,DIESEL,HEV,2020,506
IE,B,DIESEL,HEV,2021,874
IE,B,DIESEL,HEV,2022,920
IE,B,DIESEL,HEV,2023,561
IE,B,E85,Other,2012,1332
IE,B,E85,Other,2013,2
IE,B,ELECTRIC,BEV,2017,3
IE,B,ELECTRIC,BEV,2018,2
IE,B,ELECTRIC,BEV,2019,63
IE,B,ELECTRIC,BEV,2020,500
IE,B,ELECTRIC,BEV,2021,508
IE,B,ELECTRIC,BEV,2022,648
IE,B,ELECTRIC,BEV,2023,595
IE,B,LPG,Other,2021,278
IE,B,LPG,Other,2022,515
IE,B,PETROL,HEV,2019,1172
IE,B,PETROL,HEV,2020,908
IE,B,PETROL,HEV,2021,2165
IE,B,PETROL,HEV,2022,2245
IE,B,PETROL,HEV,2023,2791
IE,B,PETROL,Petrol,2010,1011
IE,B,PETROL,Petrol,2011,1134
IE,B,PETROL,Petrol,2012,8284
IE,B,PETROL,Petrol,2013,9632
IE,B,PETROL,Petrol,2014,11420
IE,B,PETROL,Petrol,2015,15414
IE,B,PETROL,Petrol,2016,18390
IE,B,PETROL,Petrol,2017,17393
IE,B,PETROL,Petrol,2018,17147
IE,B,PETROL,Petrol,2019,15731
IE,B,PETROL,Petrol,2020,9850
IE,B,PETROL,Petrol,2021,10360
IE,B,PETROL,Petrol,2022,9148
IE,B,PETROL,Petrol,2023,9231
IE,B,PETROL-ELECTRIC,Other,2016,8
IE,B,PETROL/ELECTRIC,Other,2017,2
IE,B,PETROL/ELECTRIC,Other,2018,8
IE,B,PETROL/ELECTRIC,PHEV,2019,62
IE,B,PETROL/ELECTRIC,PHEV,2020,6
IE,B,PETROL/ELECTRIC,PHEV,2021,3
IE,B,PETROL/ELECTRIC,PHEV,2023,19
IE,C,DIESEL,Diesel,2010,2796
IE,C,DIESEL,Diesel,2011,3244
IE,C,DIESEL,Diesel,2012,19983
IE,C,DIESEL,Diesel,2013,20219
IE,C,DIESEL,Diesel,2014,26417
IE,C,DIESEL,Diesel,2015,31705
IE,C,DIESEL,Diesel,2016,31702
IE,C,DIESEL,Diesel,2017,26102
IE,C,DIESEL,Diesel,2018,17279
IE,C,DIESEL,Diesel,2019,10574
IE,C,DIESEL,Diesel,2020,7375
IE,C,DIESEL,Diesel,2021,7400
IE,C,DIESEL,Diesel,2022,4318
IE,C,DIESEL,Diesel,2023,4548
IE,C,DIESEL,HEV,2020,39
IE,C,DIESEL,HEV,2021,294
IE,C,DIESEL,HEV,2022,273
IE,C,DIESEL,HEV,2023,441
IE,C,DIESEL/ELECTRIC,Other,2017,1
IE,C,DIESEL/ELECTRIC,Other,2018,7
IE,C,DIESEL/ELECTRIC,PHEV,2019,1
IE,C,DIESEL/ELECTRIC,PHEV,2020,6
IE,C,DIESEL/ELECTRIC,PHEV,2021,126
IE,C,DIESEL/ELECTRIC,PHEV,2022,133
IE,C,DIESEL/ELECTRIC,PHEV,2023,32
IE,C,ELECTRIC,BEV,2014,201
IE,C,ELECTRIC,BEV,2015,430
IE,C,ELECTRIC,BEV,2016,365
IE,C,ELECTRIC,BEV,2017,277
IE,C,ELECTRIC,BEV,2018,921
IE,C,ELECTRIC,BEV,2019,1515
IE,C,ELECTRIC,BEV,2020,1247
IE,C,ELECTRIC,BEV,2021,2199
IE,C,ELECTRIC,BEV,2022,2800
IE,C,ELECTRIC,BEV,2023,3307
IE,C,ELECTRIC,Other,2010,1
IE,C,ELECTRIC,Other,2012,552
IE,C,ELECTRIC,Other,2013,43
IE,C,NG-BIOMETHANE,Other,2015,6
IE,C,PETROL,HEV,2019,4046
IE,C,PETROL,HEV,2020,4049
IE,C,PETROL,HEV,2021,4965
IE,C,PETROL,HEV,2022,5496
IE,C,PETROL,HEV,2023,5648
IE,C,PETROL,Petrol,2010,364
IE,C,PETROL,Petrol,2011,556
IE,C,PETROL,Petrol,2012,2692
IE,C,PETROL,Petrol,2013,3945
IE,C,PETROL,Petrol,2014,5489
IE,C,PETROL,Petrol,2015,8062
IE,C,PETROL,Petrol,2016,10734
IE,C,PETROL,Petrol,2017,11301
IE,C,PETROL,Petrol,2018,14496
IE,C,PETROL,Petrol,2019,11342
IE,C,PETROL,Petrol,2020,6708
IE,C,PETROL,Petrol,2021,5731
IE,C,PETROL,Petrol,2022,4714
IE,C,PETROL,Petrol,2023,5649
IE,C,PETROL-ELECTRIC,Other,2014,6
IE,C,PETROL-ELECTRIC,Other,2015,31
IE,C,PETROL-ELECTRIC,Other,2016,152
IE,C,PETROL-GAS,Other,2014,18
IE,C,PETROL/ELECTRIC,Other,2017,210
IE,C,PETROL/ELECTRIC,Other,2018,330
IE,C,PETROL/ELECTRIC,PHEV,2019,225
IE,C,PETROL/ELECTRIC,PHEV,2020,669
IE,C,PETROL/ELECTRIC,PHEV,2021,2425
IE,C,PETROL/ELECTRIC,PHEV,2022,1547
IE,C,PETROL/ELECTRIC,PHEV,2023,1526
IE,D,DIESEL,Diesel,2010,7
IE,D,DIESEL,Diesel,2011,7
IE,D,DIESEL,Diesel,2012,10920
IE,D,DIESEL,Diesel,2013,9078
IE,D,DIESEL,Diesel,2014,10146
IE,D,DIESEL,Diesel,2015,12362
IE,D,DIESEL,Diesel,2016,15473
IE,D,DIESEL,Diesel,2017,9259
IE,D,DIESEL,Diesel,2018,7168
IE,D,DIESEL,Diesel,2019,5713
IE,D,DIESEL,Diesel,2020,3127
IE,D,DIESEL,Diesel,2021,3224
IE,D,DIESEL,Diesel,2022,2103
IE,D,DIESEL,Diesel,2023,2255
IE,D,DIESEL,HEV,2020,596
IE,D,DIESEL,HEV,2021,138
IE,D,DIESEL,HEV,2022,1026
IE,D,DIESEL,HEV,2023,1095
IE,D,DIESEL-ELECTRIC,Other,2015,1
IE,D,DIESEL-ELECTRIC,Other,2016,9
IE,D,DIESEL/ELECTRIC,Other,2017,1
IE,D,ELECTRIC,BEV,2019,196
IE,D,ELECTRIC,BEV,2020,737
IE,D,ELECTRIC,BEV,2021,883
IE,D,ELECTRIC,BEV,2022,1100
IE,D,ELECTRIC,BEV,2023,1217
IE,D,ELECTRIC,Other,2012,32
IE,D,PETROL,HEV,2020,54
IE,D,PETROL,HEV,2021,13
IE,D,PETROL,HEV,2022,96
IE,D,PETROL,HEV,2023,78
IE,D,PETROL,Petrol,2012,169
IE,D,PETROL,Petrol,2013,106
IE,D,PETROL,Petrol,2014,94
IE,D,PETROL,Petrol,2015,159
IE,D,PETROL,Petrol,2016,492
IE,D,PETROL,Petrol,2017,357
IE,D,PETROL,Petrol,2018,584
IE,D,PETROL,Petrol,2019,503
IE,D,PETROL,Petrol,2020,435
IE,D,PETROL,Petrol,2021,419
IE,D,PETROL,Petrol,2022,331
IE,D,PETROL,Petrol,2023,451
IE,D,PETROL-ELECTRIC,Other,2016,5
IE,D,PETROL/ELECTRIC,Other,2017,8
IE,D,PETROL/ELECTRIC,Other,2018,15
IE,D,PETROL/ELECTRIC,PHEV,2019,3
IE,D,PETROL/ELECTRIC,PHEV,2020,89
IE,D,PETROL/ELECTRIC,PHEV,2021,260
IE,D,PETROL/ELECTRIC,PHEV,2022,177
IE,D,PETROL/ELECTRIC,PHEV,2023,398
IE,E,DIESEL,Diesel,2010,2002
IE,E,DIESEL,Diesel,2011,1889
IE,E,DIESEL,Diesel,2012,2720
IE,E,DIESEL,Diesel,2013,2998
IE,E,DIESEL,Diesel,2014,3585
IE,E,DIESEL,Diesel,2015,4141
IE,E,DIESEL,Diesel,2016,3762
IE,E,DIESEL,Diesel,2017,5071
IE,E,DIESEL,Diesel,2018,4005
IE,E,DIESEL,Diesel,2019,3161
IE,E,DIESEL,Diesel,2020,1077
IE,E,DIESEL,Diesel,2021,1538
IE,E,DIESEL,Diesel,2022,585
IE,E,DIESEL,Diesel,2023,845
IE,E,DIESEL,HEV,2020,588
IE,E,DIESEL,HEV,2022,849
IE,E,DIESEL,HEV,2023,754
IE,E,DIESEL/ELECTRIC,PHEV,2022,1
IE,E,ELECTRIC,BEV,2019,1
IE,E,ELECTRIC,BEV,2022,359
IE,E,ELECTRIC,BEV,2023,827
IE,E,ELECTRIC,Other,2010,1
IE,E,ELECTRIC,Other,2012,51
IE,E,PETROL,HEV,2019,540
IE,E,PETROL,HEV,2020,535
IE,E,PETROL,HEV,2021,479
IE,E,PETROL,HEV,2022,344
IE,E,PETROL,HEV,2023,380
IE,E,PETROL,Petrol,2010,218
IE,E,PETROL,Petrol,2011,59
IE,E,PETROL,Petrol,2012,6
IE,E,PETROL,Petrol,2013,68
IE,E,PETROL,Petrol,2014,127
IE,E,PETROL,Petrol,2015,107
IE,E,PETROL,Petrol,2016,123
IE,E,PETROL,Petrol,2017,73
IE,E,PETROL,Petrol,2018,164
IE,E,PETROL,Petrol,2019,245
IE,E,PETROL,Petrol,2020,112
IE,E,PETROL,Petrol,2021,53
IE,E,PETROL,Petrol,2022,67
IE,E,PETROL,Petrol,2023,15
IE,E,PETROL-ELECTRIC,Other,2016,3
IE,E,PETROL/ELECTRIC,Other,2017,13
IE,E,PETROL/ELECTRIC,Other,2018,33
IE,E,PETROL/ELECTRIC,PHEV,2019,52
IE,E,PETROL/ELECTRIC,PHEV,2020,28
IE,E,PETROL/ELECTRIC,PHEV,2021,53
IE,E,PETROL/ELECTRIC,PHEV,2022,72
IE,E,PETROL/ELECTRIC,PHEV,2023,75
IE,F,DIESEL,Diesel,2010,5
IE,F,DIESEL,Diesel,2011,78
IE,F,DIESEL,Diesel,2012,2432
IE,F,DIESEL,Diesel,2013,2055
IE,F,DIESEL,Diesel,2014,518
IE,F,DIESEL,Diesel,2015,948
IE,F,DIESEL,Diesel,2016,931
IE,F,DIESEL,Diesel,2017,672
IE,F,DIESEL,Diesel,2018,554
IE,F,DIESEL,Diesel,2019,512
IE,F,DIESEL,Diesel,2020,381
IE,F,DIESEL,Diesel,2021,422
IE,F,DIESEL,Diesel,2022,564
IE,F,DIESEL,Diesel,2023,227
IE,F,DIESEL,HEV,2020,42
IE,F,DIESEL,HEV,2021,17
IE,F,DIESEL,HEV,2022,16
IE,F,DIESEL,HEV,2023,9
IE,F,DIESEL/ELECTRIC,PHEV,2022,1
IE,F,ELECTRIC,BEV,2015,3
IE,F,ELECTRIC,BEV,2016,7
IE,F,ELECTRIC,BEV,2017,36
IE,F,ELECTRIC,BEV,2018,85
IE,F,ELECTRIC,BEV,2019,53
IE,F,ELECTRIC,BEV,2020,58
IE,F,ELECTRIC,BEV,2021,116
IE,F,ELECTRIC,BEV,2022,191
IE,F,ELECTRIC,BEV,2023,270
IE,F,PETROL,HEV,2019,15
IE,F,PETROL,HEV,2020,10
IE,F,PETROL,HEV,2021,5
IE,F,PETROL,HEV,2022,81
IE,F,PETROL,HEV,2023,76
IE,F,PETROL,Petrol,2011,1
IE,F,PETROL,Petrol,2012,629
IE,F,PETROL,Petrol,2013,936
IE,F,PETROL,Petrol,2014,79
IE,F,PETROL,Petrol,2015,204
IE,F,PETROL,Petrol,2016,315
IE,F,PETROL,Petrol,2017,610
IE,F,PETROL,Petrol,2018,660
IE,F,PETROL,Petrol,2019,823
IE,F,PETROL,Petrol,2020,586
IE,F,PETROL,Petrol,2021,783
IE,F,PETROL,Petrol,2022,655
IE,F,PETROL,Petrol,2023,433
IE,F,PETROL-ELECTRIC,Other,2014,2
IE,F,PETROL-ELECTRIC,Other,2015,8
IE,F,PETROL-ELECTRIC,Other,2016,9
IE,F,PETROL/ELECTRIC,Other,2017,1
IE,F,PETROL/ELECTRIC,Other,2018,4
IE,F,PETROL/ELECTRIC,PHEV,2019,1
IE,F,PETROL/ELECTRIC,PHEV,2020,2
IE,F,PETROL/ELECTRIC,PHEV,2021,14
IE,F,PETROL/ELECTRIC,PHEV,2022,7
IE,F,PETROL/ELECTRIC,PHEV,2023,30
IE,JA,DIESEL,Diesel,2012,37
IE,JA,DIESEL,Diesel,2013,140
IE,JA,DIESEL,Diesel,2014,64
IE,JA,DIESEL,Diesel,2015,64
IE,JA,DIESEL,Diesel,2016,36
IE,JA,DIESEL,Diesel,2017,274
IE,JA,DIESEL,Diesel,2018,238
IE,JA,DIESEL,Diesel,2019,200
IE,JA,DIESEL,Diesel,2020,396
IE,JA,DIESEL,Diesel,2021,211
IE,JA,DIESEL,Diesel,2022,193
IE,JA,DIESEL,Diesel,2023,146
IE,JA,ELECTRIC,BEV,2022,23
IE,JA,ELECTRIC,BEV,2023,30
IE,JA,PETROL,HEV,2022,510
IE,JA,PETROL,HEV,2023,666
IE,JA,PETROL,Petrol,2016,2
IE,JA,PETROL,Petrol,2017,316
IE,JA,PETROL,Petrol,2018,359
IE,JA,PETROL,Petrol,2019,459
IE,JA,PETROL,Petrol,2020,1046
IE,JA,PETROL,Petrol,2021,1658
IE,JA,PETROL,Petrol,2022,966
IE,JA,PETROL,Petrol,2023,1017
IE,JB,DIESEL,Diesel,2010,9
IE,JB,DIESEL,Diesel,2011,8
IE,JB,DIESEL,Diesel,2012,968
IE,JB,DIESEL,Diesel,2013,2251
IE,JB,DIESEL,Diesel,2014,5068
IE,JB,DIESEL,Diesel,2015,6984
IE,JB,DIESEL,Diesel,2016,8190
IE,JB,DIESEL,Diesel,2017,6895
IE,JB,DIESEL,Diesel,2018,6470
IE,JB,DIESEL,Diesel,2019,5737
IE,JB,DIESEL,Diesel,2020,4276
IE,JB,DIESEL,Diesel,2021,3972
IE,JB,DIESEL,Diesel,2022,2496
IE,JB,DIESEL,Diesel,2023,3199
IE,JB,DIESEL,HEV,2021,35
IE,JB,DIESEL/ELECTRIC,PHEV,2023,6
IE,JB,ELECTRIC,BEV,2016,4
IE,JB,ELECTRIC,BEV,2017,231
IE,JB,ELECTRIC,BEV,2018,95
IE,JB,ELECTRIC,BEV,2019,1220
IE,JB,ELECTRIC,BEV,2020,704
IE,JB,ELECTRIC,BEV,2021,912
IE,JB,ELECTRIC,BEV,2022,2397
IE,JB,ELECTRIC,BEV,2023,2791
IE,JB,LPG,Other,2021,33
IE,JB,LPG,Other,2022,67
IE,JB,PETROL,HEV,2019,197
IE,JB,PETROL,HEV,2020,1362
IE,JB,PETROL,HEV,2021,2325
IE,JB,PETROL,HEV,2022,5041
IE,JB,PETROL,HEV,2023,7042
IE,JB,PETROL,Petrol,2010,2
IE,JB,PETROL,Petrol,2012,510
IE,JB,PETROL,Petrol,2013,457
IE,JB,PETROL,Petrol,2014,590
IE,JB,PETROL,Petrol,2015,1361
IE,JB,PETROL,Petrol,2016,2076
IE,JB,PETROL,Petrol,2017,2323
IE,JB,PETROL,Petrol,2018,6788
IE,JB,PETROL,Petrol,2019,7474
IE,JB,PETROL,Petrol,2020,7390
IE,JB,PETROL,Petrol,2021,7871
IE,JB,PETROL,Petrol,2022,7161
IE,JB,PETROL,Petrol,2023,7514
IE,JB,PETROL/ELECTRIC,Other,2018,28
IE,JB,PETROL/ELECTRIC,PHEV,2019,12
IE,JB,PETROL/ELECTRIC,PHEV,2020,47
IE,JB,PETROL/ELECTRIC,PHEV,2021,395
IE,JB,PETROL/ELECTRIC,PHEV,2022,254
IE,JB,PETROL/ELECTRIC,PHEV,2023,306
IE,JC,DIESEL,Diesel,2012,6190
IE,JC,DIESEL,Diesel,2013,6220
IE,JC,DIESEL,Diesel,2014,8707
IE,JC,DIESEL,Diesel,2015,10417
IE,JC,DIESEL,Diesel,2016,21148
IE,JC,DIESEL,Diesel,2017,20194
IE,JC,DIESEL,Diesel,2018,20287
IE,JC,DIESEL,Diesel,2019,20180
IE,JC,DIESEL,Diesel,2020,14438
IE,JC,DIESEL,Diesel,2021,13248
IE,JC,DIESEL,Diesel,2022,12877
IE,JC,DIESEL,Diesel,2023,10510
IE,JC,DIESEL,HEV,2020,433
IE,JC,DIESEL,HEV,2021,2110
IE,JC,DIESEL,HEV,2022,1136
IE,JC,DIESEL,HEV,2023,2067
IE,JC,DIESEL/ELECTRIC,PHEV,2023,2
IE,JC,ELECTRIC,BEV,2018,3
IE,JC,ELECTRIC,BEV,2019,110
IE,JC,ELECTRIC,BEV,2020,428
IE,JC,ELECTRIC,BEV,2021,3078
IE,JC,ELECTRIC,BEV,2022,6350
IE,JC,ELECTRIC,BEV,2023,8547
IE,JC,PETROL,HEV,2019,2395
IE,JC,PETROL,HEV,2020,2248
IE,JC,PETROL,HEV,2021,5445
IE,JC,PETROL,HEV,2022,8252
IE,JC,PETROL,HEV,2023,8726
IE,JC,PETROL,Petrol,2012,431
IE,JC,PETROL,Petrol,2013,366
IE,JC,PETROL,Petrol,2014,552
IE,JC,PETROL,Petrol,2015,1038
IE,JC,PETROL,Petrol,2016,1864
IE,JC,PETROL,Petrol,2017,4267
IE,JC,PETROL,Petrol,2018,7606
IE,JC,PETROL,Petrol,2019,5444
IE,JC,PETROL,Petrol,2020,3662
IE,JC,PETROL,Petrol,2021,2652
IE,JC,PETROL,Petrol,2022,1987
IE,JC,PETROL,Petrol,2023,2071
IE,JC,PETROL/ELECTRIC,Other,2018,169
IE,JC,PETROL/ELECTRIC,PHEV,2019,471
IE,JC,PETROL/ELECTRIC,PHEV,2020,919
IE,JC,PETROL/ELECTRIC,PHEV,2021,1743
IE,JC,PETROL/ELECTRIC,PHEV,2022,2467
IE,JC,PETROL/ELECTRIC,PHEV,2023,4684
IE,JD,DIESEL,Diesel,2012,2580
IE,JD,DIESEL,Diesel,2013,3195
IE,JD,DIESEL,Diesel,2014,5210
IE,JD,DIESEL,Diesel,2015,7829
IE,JD,DIESEL,Diesel,2016,6501
IE,JD,DIESEL,Diesel,2017,4745
IE,JD,DIESEL,Diesel,2018,4600
IE,JD,DIESEL,Diesel,2019,3070
IE,JD,DIESEL,Diesel,2020,2682
IE,JD,DIESEL,Diesel,2021,1339
IE,JD,DIESEL,Diesel,2022,514
IE,JD,DIESEL,Diesel,2023,575
IE,JD,DIESEL,HEV,2020,244
IE,JD,DIESEL,HEV,2021,181
IE,JD,DIESEL,HEV,2022,269
IE,JD,DIESEL,HEV,2023,467
IE,JD,DIESEL-ELECTRIC,Other,2016,3
IE,JD,DIESEL/ELECTRIC,Other,2018,3
IE,JD,DIESEL/ELECTRIC,PHEV,2019,1
IE,JD,DIESEL/ELECTRIC,PHEV,2021,86
IE,JD,DIESEL/ELECTRIC,PHEV,2022,138
IE,JD,DIESEL/ELECTRIC,PHEV,2023,87
IE,JD,ELECTRIC,BEV,2021,105
IE,JD,ELECTRIC,BEV,2022,480
IE,JD,ELECTRIC,BEV,2023,2509
IE,JD,PETROL,HEV,2019,1723
IE,JD,PETROL,HEV,2020,1444
IE,JD,PETROL,HEV,2021,2561
IE,JD,PETROL,HEV,2022,2168
IE,JD,PETROL,HEV,2023,1927
IE,JD,PETROL,Petrol,2012,3
IE,JD,PETROL,Petrol,2013,8
IE,JD,PETROL,Petrol,2014,3
IE,JD,PETROL,Petrol,2015,15
IE,JD,PETROL,Petrol,2016,214
IE,JD,PETROL,Petrol,2017,303
IE,JD,PETROL,Petrol,2018,925
IE,JD,PETROL,Petrol,2019,158
IE,JD,PETROL,Petrol,2020,140
IE,JD,PETROL,Petrol,2021,42
IE,JD,PETROL,Petrol,2022,15
IE,JD,PETROL,Petrol,2023,14
IE,JD,PETROL-ELECTRIC,Other,2014,25
IE,JD,PETROL-ELECTRIC,Other,2015,40
IE,JD,PETROL-ELECTRIC,Other,2016,86
IE,JD,PETROL/ELECTRIC,Other,2017,22
IE,JD,PETROL/ELECTRIC,Other,2018,92
IE,JD,PETROL/ELECTRIC,PHEV,2019,470
IE,JD,PETROL/ELECTRIC,PHEV,2020,378
IE,JD,PETROL/ELECTRIC,PHEV,2021,1078
IE,JD,PETROL/ELECTRIC,PHEV,2022,2071
IE,JD,PETROL/ELECTRIC,PHEV,2023,2140
IE,JE,DIESEL,Diesel,2012,55
IE,JE,DIESEL,Diesel,2013,59
IE,JE,DIESEL,Diesel,2014,280
IE,JE,DIESEL,Diesel,2015,464
IE,JE,DIESEL,Diesel,2016,568
IE,JE,DIESEL,Diesel,2017,247
IE,JE,DIESEL,Diesel,2018,400
IE,JE,DIESEL,Diesel,2019,529
IE,JE,DIESEL,Diesel,2020,402
IE,JE,DIESEL,Diesel,2021,70
IE,JE,DIESEL,Diesel,2022,13
IE,JE,DIESEL,Diesel,2023,7
IE,JE,DIESEL,HEV,2020,45
IE,JE,DIESEL,HEV,2021,105
IE,JE,DIESEL,HEV,2022,168
IE,JE,DIESEL,HEV,2023,90
IE,JE,DIESEL/ELECTRIC,PHEV,2021,43
IE,JE,DIESEL/ELECTRIC,PHEV,2022,243
IE,JE,DIESEL/ELECTRIC,PHEV,2023,176
IE,JE,ELECTRIC,BEV,2017,13
IE,JE,ELECTRIC,BEV,2018,35
IE,JE,ELECTRIC,BEV,2019,31
IE,JE,ELECTRIC,BEV,2020,17
IE,JE,ELECTRIC,BEV,2021,16
IE,JE,ELECTRIC,BEV,2022,207
IE,JE,ELECTRIC,BEV,2023,214
IE,JE,ELECTRIC,Other,2012,65
IE,JE,PETROL,HEV,2019,53
IE,JE,PETROL,HEV,2020,55
IE,JE,PETROL,HEV,2021,117
IE,JE,PETROL,HEV,2022,77
IE,JE,PETROL,HEV,2023,28
IE,JE,PETROL,Petrol,2012,1
IE,JE,PETROL,Petrol,2013,1
IE,JE,PETROL,Petrol,2014,51
IE,JE,PETROL,Petrol,2015,48
IE,JE,PETROL,Petrol,2016,95
IE,JE,PETROL,Petrol,2017,65
IE,JE,PETROL,Petrol,2018,83
IE,JE,PETROL,Petrol,2019,8
IE,JE,PETROL,Petrol,2020,2
IE,JE,PETROL,Petrol,2021,4
IE,JE,PETROL,Petrol,2022,9
IE,JE,PETROL,Petrol,2023,2
IE,JE,PETROL-ELECTRIC,Other,2015,16
IE,JE,PETROL-ELECTRIC,Other,2016,22
IE,JE,PETROL/ELECTRIC,Other,2018,10
IE,JE,PETROL/ELECTRIC,PHEV,2019,3
IE,JE,PETROL/ELECTRIC,PHEV,2020,233
IE,JE,PETROL/ELECTRIC,PHEV,2021,680
IE,JE,PETROL/ELECTRIC,PHEV,2022,737
IE,JE,PETROL/ELECTRIC,PHEV,2023,929
IE,JF,DIESEL,Diesel,2010,211
IE,JF,DIESEL,Diesel,2011,435
IE,JF,DIESEL,Diesel,2012,402
IE,JF,DIESEL,Diesel,2013,342
IE,JF,DIESEL,Diesel,2014,414
IE,JF,DIESEL,Diesel,2015,134
IE,JF,DIESEL,Diesel,2016,276
IE,JF,DIESEL,Diesel,2017,59
IE,JF,DIESEL,Diesel,2018,539
IE,JF,DIESEL,Diesel,2019,591
IE,JF,DIESEL,Diesel,2020,478
IE,JF,DIESEL,Diesel,2021,179
IE,JF,DIESEL,Diesel,2022,74
IE,JF,DIESEL,Diesel,2023,8
IE,JF,DIESEL,HEV,2020,1
IE,JF,DIESEL,HEV,2021,15
IE,JF,DIESEL,HEV,2022,22
IE,JF,DIESEL,HEV,2023,28
IE,JF,ELECTRIC,BEV,2020,84
IE,JF,ELECTRIC,BEV,2021,187
IE,JF,ELECTRIC,BEV,2022,307
IE,JF,ELECTRIC,BEV,2023,133
IE,JF,PETROL,HEV,2022,3
IE,JF,PETROL,Petrol,2010,4
IE,JF,PETROL,Petrol,2011,2
IE,JF,PETROL,Petrol,2012,1
IE,JF,PETROL,Petrol,2013,2
IE,JF,PETROL,Petrol,2014,2
IE,JF,PETROL,Petrol,2016,2
IE,JF,PETROL,Petrol,2018,6
IE,JF,PETROL,Petrol,2019,8
IE,JF,PETROL,Petrol,2020,1
IE,JF,PETROL,Petrol,2021,4
IE,JF,PETROL,Petrol,2022,1
IE,JF,PETROL/ELECTRIC,Other,2018,15
IE,JF,PETROL/ELECTRIC,PHEV,2019,218
IE,JF,PETROL/ELECTRIC,PHEV,2020,121
IE,JF,PETROL/ELECTRIC,PHEV,2021,607
IE,JF,PETROL/ELECTRIC,PHEV,2022,353
IE,JF,PETROL/ELECTRIC,PHEV,2023,493
IE,V,DIESEL,Diesel,2011,36
IE,V,DIESEL,Diesel,2012,396
IE,V,DIESEL,Diesel,2013,514
IE,V,DIESEL,Diesel,2014,577
IE,V,DIESEL,Diesel,2015,483
IE,V,DIESEL,Diesel,2016,1330
IE,V,DIESEL,Diesel,2017,1554
IE,V,DIESEL,Diesel,2018,1229
IE,V,DIESEL,Diesel,2019,1329
IE,V,DIESEL,Diesel,2020,951
IE,V,DIESEL,Diesel,2021,519
IE,V,DIESEL,Diesel,2022,257
IE,V,DIESEL,Diesel,2023,371
IE,V,DIESEL,HEV,2020,2
IE,V,DIESEL,HEV,2021,19
IE,V,DIESEL,HEV,2022,19
IE,V,DIESEL,HEV,2023,1
IE,V,ELECTRIC,BEV,2021,10
IE,V,ELECTRIC,BEV,2022,80
IE,V,ELECTRIC,BEV,2023,111
IE,V,PETROL,HEV,2022,34
IE,V,PETROL,HEV,2023,29
IE,V,PETROL,Petrol,2011,2
IE,V,PETROL,Petrol,2012,3
IE,V,PETROL,Petrol,2017,1
IE,V,PETROL,Petrol,2018,4
IE,V,PETROL,Petrol,2019,10
IE,V,PETROL,Petrol,2020,7
IE,V,PETROL,Petrol,2021,2
IE,V,PETROL,Petrol,2022,2
IE,V,PETROL/ELECTRIC,PHEV,2022,25
IE,V,PETROL/ELECTRIC,PHEV,2023,33
IS,,DIESEL,Diesel,2018,365
IS,,DIESEL,Diesel,2019,242
IS,,DIESEL,Diesel,2020,172
IS,,DIESEL,Diesel,2021,99
IS,,DIESEL,Diesel,2022,74
IS,,DIESEL,Diesel,2023,108
IS,,ELECTRIC,BEV,2019,27
IS,,ELECTRIC,BEV,2020,63
IS,,ELECTRIC,BEV,2021,5
IS,,ELECTRIC,BEV,2022,196
IS,,ELECTRIC,BEV,2023,323
IS,,HYDROGEN,Other,2018,1
IS,,HYDROGEN,Other,2019,7
IS,,HYDROGEN,Other,2021,3
IS,,HYDROGEN,Other,2023,1
IS,,PETROL,HEV,2021,11
IS,,PETROL,HEV,2022,17
IS,,PETROL,HEV,2023,1
IS,,PETROL,Petrol,2018,38
IS,,PETROL,Petrol,2019,16
IS,,PETROL,Petrol,2020,2
IS,,PETROL/ELECTRIC,Other,2018,8
IS,,PETROL/ELECTRIC,PHEV,2019,2
IS,,PETROL/ELECTRIC,PHEV,2021,128
IS,,PETROL/ELECTRIC,PHEV,2022,68
IS,,PETROL/ELECTRIC,PHEV,2023,99
IS,A,DIESEL,Diesel,2018,3
IS,A,ELECTRIC,BEV,2018,66
IS,A,ELECTRIC,BEV,2019,44
IS,A,ELECTRIC,BEV,2020,61
IS,A,ELECTRIC,BEV,2021,53
IS,A,ELECTRIC,BEV,2022,68
IS,A,ELECTRIC,BEV,2023,133
IS,A,PETROL,HEV,2021,2
IS,A,PETROL,HEV,2022,1
IS,A,PETROL,Petrol,2018,1120
IS,A,PETROL,Petrol,2019,455
IS,A,PETROL,Petrol,2020,181
IS,A,PETROL,Petrol,2021,237
IS,A,PETROL,Petrol,2022,326
IS,A,PETROL,Petrol,2023,278
IS,B,DIESEL,Diesel,2018,324
IS,B,DIESEL,Diesel,2019,86
IS,B,DIESEL,Diesel,2020,12
IS,B,DIESEL,Diesel,2021,12
IS,B,ELECTRIC,BEV,2018,42
IS,B,ELECTRIC,BEV,2019,41
IS,B,ELECTRIC,BEV,2020,127
IS,B,ELECTRIC,BEV,2021,125
IS,B,ELECTRIC,BEV,2022,143
IS,B,ELECTRIC,BEV,2023,155
IS,B,NG,Other,2018,4
IS,B,NG,Other,2020,3
IS,B,NG,Other,2021,1
IS,B,NG-BIOMETHANE,Other,2019,4
IS,B,PETROL,HEV,2020,176
IS,B,PETROL,HEV,2021,410
IS,B,PETROL,HEV,2022,530
IS,B,PETROL,HEV,2023,603
IS,B,PETROL,Petrol,2018,2526
IS,B,PETROL,Petrol,2019,1395
IS,B,PETROL,Petrol,2020,604
IS,B,PETROL,Petrol,2021,644
IS,B,PETROL,Petrol,2022,343
IS,B,PETROL,Petrol,2023,481
IS,B,PETROL/ELECTRIC,Other,2018,23
IS,B,PETROL/ELECTRIC,PHEV,2019,45
IS,B,PETROL/ELECTRIC,PHEV,2020,9
IS,B,PETROL/ELECTRIC,PHEV,2021,18
IS,B,PETROL/ELECTRIC,PHEV,2023,10
IS,C,DIESEL,Diesel,2018,885
IS,C,DIESEL,Diesel,2019,429
IS,C,DIESEL,Diesel,2020,44
IS,C,DIESEL,Diesel,2021,172
IS,C,DIESEL,Diesel,2022,174
IS,C,DIESEL,Diesel,2023,48
IS,C,DIESEL/ELECTRIC,PHEV,2020,3
IS,C,ELECTRIC,BEV,2018,505
IS,C,ELECTRIC,BEV,2019,419
IS,C,ELECTRIC,BEV,2020,419
IS,C,ELECTRIC,BEV,2021,542
IS,C,ELECTRIC,BEV,2022,915
IS,C,ELECTRIC,BEV,2023,921
IS,C,NG,Other,2018,134
IS,C,NG,Other,2020,8
IS,C,NG,Other,2021,3
IS,C,NG,Other,2023,2
IS,C,NG-BIOMETHANE,Other,2019,43
IS,C,NG-BIOMETHANE,Other,2020,22
IS,C,PETROL,HEV,2020,175
IS,C,PETROL,HEV,2021,229
IS,C,PETROL,HEV,2022,302
IS,C,PETROL,HEV,2023,388
IS,C,PETROL,Petrol,2018,1736
IS,C,PETROL,Petrol,2019,1351
IS,C,PETROL,Petrol,2020,385
IS,C,PETROL,Petrol,2021,393
IS,C,PETROL,Petrol,2022,349
IS,C,PETROL,Petrol,2023,404
IS,C,PETROL/ELECTRIC,Other,2018,277
IS,C,PETROL/ELECTRIC,PHEV,2019,104
IS,C,PETROL/ELECTRIC,PHEV,2020,322
IS,C,PETROL/ELECTRIC,PHEV,2021,935
IS,C,PETROL/ELECTRIC,PHEV,2022,1193
IS,C,PETROL/ELECTRIC,PHEV,2023,181
IS,D,DIESEL,Diesel,2018,296
IS,D,DIESEL,Diesel,2019,131
IS,D,DIESEL,Diesel,2020,63
IS,D,DIESEL,Diesel,2021,40
IS,D,DIESEL,Diesel,2022,45
IS,D,DIESEL,Diesel,2023,85
IS,D,DIESEL,HEV,2020,4
IS,D,DIESEL/ELECTRIC,Other,2018,9
IS,D,DIESEL/ELECTRIC,PHEV,2021,1
IS,D,ELECTRIC,BEV,2019,62
IS,D,ELECTRIC,BEV,2020,927
IS,D,ELECTRIC,BEV,2021,578
IS,D,ELECTRIC,BEV,2022,326
IS,D,ELECTRIC,BEV,2023,308
IS,D,PETROL,Petrol,2018,162
IS,D,PETROL,Petrol,2019,26
IS,D,PETROL,Petrol,2020,13
IS,D,PETROL,Petrol,2022,2
IS,D,PETROL,Petrol,2023,2
IS,D,PETROL/ELECTRIC,Other,2018,203
IS,D,PETROL/ELECTRIC,PHEV,2019,168
IS,D,PETROL/ELECTRIC,PHEV,2020,149
IS,D,PETROL/ELECTRIC,PHEV,2021,82
IS,D,PETROL/ELECTRIC,PHEV,2022,18
IS,D,PETROL/ELECTRIC,PHEV,2023,3
IS,E,DIESEL,Diesel,2018,38
IS,E,DIESEL,Diesel,2019,44
IS,E,DIESEL,Diesel,2020,7
IS,E,DIESEL,Diesel,2021,6
IS,E,DIESEL,HEV,2022,3
IS,E,DIESEL,HEV,2023,3
IS,E,ELECTRIC,BEV,2021,6
IS,E,ELECTRIC,BEV,2022,480
IS,E,ELECTRIC,BEV,2023,325
IS,E,HYDROGEN,Other,2018,5
IS,E,HYDROGEN,Other,2020,1
IS,E,PETROL,HEV,2020,26
IS,E,PETROL,HEV,2021,5
IS,E,PETROL,HEV,2022,2
IS,E,PETROL,HEV,2023,3
IS,E,PETROL,Petrol,2018,27
IS,E,PETROL,Petrol,2019,68
IS,E,PETROL,Petrol,2020,4
IS,E,PETROL,Petrol,2021,2
IS,E,PETROL/ELECTRIC,Other,2018,11
IS,E,PETROL/ELECTRIC,PHEV,2019,2
IS,E,PETROL/ELECTRIC,PHEV,2020,3
IS,E,PETROL/ELECTRIC,PHEV,2021,6
IS,E,PETROL/ELECTRIC,PHEV,2022,1
IS,E,PETROL/ELECTRIC,PHEV,2023,1
IS,F,DIESEL,Diesel,2018,4
IS,F,DIESEL,Diesel,2019,8
IS,F,DIESEL,Diesel,2020,3
IS,F,DIESEL,HEV,2021,1
IS,F,DIESEL,HEV,2023,1
IS,F,ELECTRIC,BEV,2018,3
IS,F,ELECTRIC,BEV,2019,2
IS,F,ELECTRIC,BEV,2020,25
IS,F,ELECTRIC,BEV,2021,108
IS,F,ELECTRIC,BEV,2022,146
IS,F,ELECTRIC,BEV,2023,327
IS,F,PETROL,Petrol,2018,22
IS,F,PETROL,Petrol,2019,9
IS,F,PETROL,Petrol,2020,4
IS,F,PETROL,Petrol,2021,2
IS,F,PETROL,Petrol,2022,5
IS,F,PETROL,Petrol,2023,8
IS,F,PETROL/ELECTRIC,Other,2018,1
IS,F,PETROL/ELECTRIC,PHEV,2021,1
IS,F,PETROL/ELECTRIC,PHEV,2022,1
IS,JA,DIESEL,Diesel,2018,26
IS,JA,DIESEL,Diesel,2019,1
IS,JA,DIESEL,Diesel,2020,3
IS,JA,DIESEL,Diesel,2022,1
IS,JA,ELECTRIC,BEV,2022,1
IS,JA,ELECTRIC,BEV,2023,2
IS,JA,PETROL,HEV,2020,57
IS,JA,PETROL,HEV,2021,5
IS,JA,PETROL,HEV,2022,108
IS,JA,PETROL,HEV,2023,88
IS,JA,PETROL,Petrol,2018,39
IS,JA,PETROL,Petrol,2019,40
IS,JA,PETROL,Petrol,2020,59
IS,JA,PETROL,Petrol,2021,130
IS,JA,PETROL,Petrol,2022,28
IS,JA,PETROL,Petrol,2023,53
IS,JB,DIESEL,Diesel,2018,947
IS,JB,DIESEL,Diesel,2019,221
IS,JB,DIESEL,Diesel,2020,99
IS,JB,DIESEL,Diesel,2021,194
IS,JB,DIESEL,Diesel,2022,728
IS,JB,DIESEL,Diesel,2023,870
IS,JB,ELECTRIC,BEV,2018,71
IS,JB,ELECTRIC,BEV,2019,216
IS,JB,ELECTRIC,BEV,2020,258
IS,JB,ELECTRIC,BEV,2021,403
IS,JB,ELECTRIC,BEV,2022,518
IS,JB,ELECTRIC,BEV,2023,588
IS,JB,PETROL,HEV,2020,128
IS,JB,PETROL,HEV,2021,39
IS,JB,PETROL,HEV,2022,508
IS,JB,PETROL,HEV,2023,414
IS,JB,PETROL,Petrol,2018,922
IS,JB,PETROL,Petrol,2019,1226
IS,JB,PETROL,Petrol,2020,517
IS,JB,PETROL,Petrol,2021,514
IS,JB,PETROL,Petrol,2022,437
IS,JB,PETROL,Petrol,2023,352
IS,JB,PETROL/ELECTRIC,Other,2018,11
IS,JB,PETROL/ELECTRIC,PHEV,2019,12
IS,JB,PETROL/ELECTRIC,PHEV,2020,112
IS,JB,PETROL/ELECTRIC,PHEV,2021,253
IS,JB,PETROL/ELECTRIC,PHEV,2022,448
IS,JB,PETROL/ELECTRIC,PHEV,2023,157
IS,JC,DIESEL,Diesel,2018,1990
IS,JC,DIESEL,Diesel,2019,1196
IS,JC,DIESEL,Diesel,2020,641
IS,JC,DIESEL,Diesel,2021,320
IS,JC,DIESEL,Diesel,2022,263
IS,JC,DIESEL,Diesel,2023,169
IS,JC,DIESEL,HEV,2019,8
IS,JC,DIESEL,HEV,2020,27
IS,JC,DIESEL,HEV,2021,185
IS,JC,DIESEL,HEV,2022,71
IS,JC,DIESEL,HEV,2023,60
IS,JC,DIESEL/ELECTRIC,PHEV,2021,11
IS,JC,ELECTRIC,BEV,2019,98
IS,JC,ELECTRIC,BEV,2020,218
IS,JC,ELECTRIC,BEV,2021,962
IS,JC,ELECTRIC,BEV,2022,1394
IS,JC,ELECTRIC,BEV,2023,2020
IS,JC,PETROL,HEV,2020,117
IS,JC,PETROL,HEV,2021,230
IS,JC,PETROL,HEV,2022,581
IS,JC,PETROL,HEV,2023,570
IS,JC,PETROL,Petrol,2018,1042
IS,JC,PETROL,Petrol,2019,555
IS,JC,PETROL,Petrol,2020,155
IS,JC,PETROL,Petrol,2021,184
IS,JC,PETROL,Petrol,2022,74
IS,JC,PETROL,Petrol,2023,31
IS,JC,PETROL/ELECTRIC,Other,2018,282
IS,JC,PETROL/ELECTRIC,PHEV,2019,243
IS,JC,PETROL/ELECTRIC,PHEV,2020,327
IS,JC,PETROL/ELECTRIC,PHEV,2021,877
IS,JC,PETROL/ELECTRIC,PHEV,2022,890
IS,JC,PETROL/ELECTRIC,PHEV,2023,611
IS,JC,UNKNOWN,Other,2022,2
IS,JD,DIESEL,Diesel,2018,763
IS,JD,DIESEL,Diesel,2019,467
IS,JD,DIESEL,Diesel,2020,260
IS,JD,DIESEL,Diesel,2021,186
IS,JD,DIESEL,Diesel,2022,23
IS,JD,DIESEL,Diesel,2023,5
IS,JD,DIESEL,HEV,2019,10
IS,JD,DIESEL,HEV,2020,19
IS,JD,DIESEL,HEV,2022,361
IS,JD,DIESEL,HEV,2023,243
IS,JD,DIESEL/ELECTRIC,Other,2018,86
IS,JD,DIESEL/ELECTRIC,PHEV,2019,34
IS,JD,DIESEL/ELECTRIC,PHEV,2020,3
IS,JD,DIESEL/ELECTRIC,PHEV,2021,62
IS,JD,DIESEL/ELECTRIC,PHEV,2022,7
IS,JD,DIESEL/ELECTRIC,PHEV,2023,3
IS,JD,ELECTRIC,BEV,2021,537
IS,JD,ELECTRIC,BEV,2022,1045
IS,JD,ELECTRIC,BEV,2023,3315
IS,JD,HYDROGEN,Other,2018,10
IS,JD,PETROL,HEV,2020,314
IS,JD,PETROL,HEV,2021,365
IS,JD,PETROL,HEV,2022,368
IS,JD,PETROL,HEV,2023,437
IS,JD,PETROL,Petrol,2018,675
IS,JD,PETROL,Petrol,2019,743
IS,JD,PETROL,Petrol,2020,186
IS,JD,PETROL,Petrol,2021,241
IS,JD,PETROL,Petrol,2022,377
IS,JD,PETROL,Petrol,2023,171
IS,JD,PETROL/ELECTRIC,Other,2018,944
IS,JD,PETROL/ELECTRIC,PHEV,2019,487
IS,JD,PETROL/ELECTRIC,PHEV,2020,811
IS,JD,PETROL/ELECTRIC,PHEV,2021,589
IS,JD,PETROL/ELECTRIC,PHEV,2022,778
IS,JD,PETROL/ELECTRIC,PHEV,2023,409
IS,JE,DIESEL,Diesel,2018,47
IS,JE,DIESEL,Diesel,2019,34
IS,JE,DIESEL,Diesel,2020,31
IS,JE,DIESEL,Diesel,2021,6
IS,JE,DIESEL,Diesel,2022,5
IS,JE,DIESEL,Diesel,2023,7
IS,JE,DIESEL,HEV,2023,1
IS,JE,DIESEL/ELECTRIC,PHEV,2019,2
IS,JE,DIESEL/ELECTRIC,PHEV,2020,56
IS,JE,DIESEL/ELECTRIC,PHEV,2021,100
IS,JE,DIESEL/ELECTRIC,PHEV,2022,112
IS,JE,DIESEL/ELECTRIC,PHEV,2023,59
IS,JE,ELECTRIC,BEV,2019,2
IS,JE,ELECTRIC,BEV,2020,29
IS,JE,ELECTRIC,BEV,2021,24
IS,JE,ELECTRIC,BEV,2022,135
IS,JE,ELECTRIC,BEV,2023,186
IS,JE,PETROL,HEV,2020,23
IS,JE,PETROL,HEV,2021,118
IS,JE,PETROL,HEV,2022,123
IS,JE,PETROL,HEV,2023,65
IS,JE,PETROL,Petrol,2018,39
IS,JE,PETROL,Petrol,2019,40
IS,JE,PETROL,Petrol,2020,2
IS,JE,PETROL,Petrol,2021,2
IS,JE,PETROL/ELECTRIC,Other,2018,91
IS,JE,PETROL/ELECTRIC,PHEV,2019,25
IS,JE,PETROL/ELECTRIC,PHEV,2020,74
IS,JE,PETROL/ELECTRIC,PHEV,2021,241
IS,JE,PETROL/ELECTRIC,PHEV,2022,168
IS,JE,PETROL/ELECTRIC,PHEV,2023,124
IS,JF,DIESEL,Diesel,2018,680
IS,JF,DIESEL,Diesel,2019,415
IS,JF,DIESEL,Diesel,2020,296
IS,JF,DIESEL,Diesel,2021,412
IS,JF,DIESEL,Diesel,2022,767
IS,JF,DIESEL,Diesel,2023,531
IS,JF,DIESEL,HEV,2019,16
IS,JF,DIESEL,HEV,2020,13
IS,JF,DIESEL,HEV,2021,1
IS,JF,DIESEL,HEV,2022,4
IS,JF,DIESEL,HEV,2023,8
IS,JF,ELECTRIC,BEV,2019,3
IS,JF,ELECTRIC,BEV,2020,228
IS,JF,ELECTRIC,BEV,2021,115
IS,JF,ELECTRIC,BEV,2022,140
IS,JF,ELECTRIC,BEV,2023,40
IS,JF,PETROL,HEV,2021,1
IS,JF,PETROL,Petrol,2018,1
IS,JF,PETROL,Petrol,2019,1
IS,JF,PETROL/ELECTRIC,Other,2018,8
IS,JF,PETROL/ELECTRIC,PHEV,2019,80
IS,JF,PETROL/ELECTRIC,PHEV,2020,43
IS,JF,PETROL/ELECTRIC,PHEV,2021,49
IS,JF,PETROL/ELECTRIC,PHEV,2022,34
IS,JF,PETROL/ELECTRIC,PHEV,2023,70
IS,V,DIESEL,Diesel,2018,265
IS,V,DIESEL,Diesel,2019,150
IS,V,DIESEL,Diesel,2020,135
IS,V,DIESEL,Diesel,2021,123
IS,V,DIESEL,Diesel,2022,208
IS,V,DIESEL,Diesel,2023,374
IS,V,ELECTRIC,BEV,2020,1
IS,V,ELECTRIC,BEV,2021,10
IS,V,ELECTRIC,BEV,2022,42
IS,V,ELECTRIC,BEV,2023,97
IS,V,NG,Other,2018,4
IS,V,NG,Other,2019,6
IS,V,NG,Other,2020,2
IS,V,PETROL,Petrol,2019,5
IS,V,PETROL,Petrol,2020,1
IS,V,PETROL,Petrol,2021,8
IS,V,PETROL,Petrol,2022,38
IS,V,PETROL,Petrol,2023,28
IS,V,PETROL/ELECTRIC,PHEV,2022,14
IS,V,PETROL/ELECTRIC,PHEV,2023,12
IT,,DIESEL,Diesel,2010,126919
IT,,DIESEL,Diesel,2011,61382
IT,,DIESEL,Diesel,2012,50447
IT,,DIESEL,Diesel,2013,43473
IT,,DIESEL,Diesel,2014,28398
IT,,DIESEL,Diesel,2015,22834
IT,,DIESEL,Diesel,2016,18083
IT,,DIESEL,Diesel,2017,11367
IT,,DIESEL,Diesel,2018,17800
IT,,DIESEL,Diesel,2019,17509
IT,,DIESEL,Diesel,2020,9085
IT,,DIESEL,Diesel,2021,7768
IT,,DIESEL,Diesel,2022,9256
IT,,DIESEL,Diesel,2023,16323
IT,,DIESEL,HEV,2019,15
IT,,DIESEL,HEV,2020,16
IT,,DIESEL,HEV,2021,25
IT,,DIESEL,HEV,2022,22
IT,,DIESEL,HEV,2023,31
IT,,DIESEL                   ,Other,2017,5826
IT,,DIESEL-ELECTRIC,Other,2015,39
IT,,DIESEL/ELECTRIC,Other,2017,27
IT,,ELECTRIC,BEV,2014,299
IT,,ELECTRIC,BEV,2015,356
IT,,ELECTRIC,BEV,2016,246
IT,,ELECTRIC,BEV,2017,31
IT,,ELECTRIC,BEV,2018,177
IT,,ELECTRIC,BEV,2019,128
IT,,ELECTRIC,BEV,2020,211
IT,,ELECTRIC,BEV,2021,226
IT,,ELECTRIC,BEV,2022,430
IT,,ELECTRIC,BEV,2023,2345
IT,,ELECTRIC,Other,2010,127
IT,,ELECTRIC,Other,2011,543
IT,,ELECTRIC,Other,2012,219
IT,,ELECTRIC,Other,2013,235
IT,,ELECTRIC                 ,BEV,2017,139
IT,,HYDROGEN,Other,2019,12
IT,,HYDROGEN,Other,2022,5
IT,,LPG,Other,2010,71191
IT,,LPG,Other,2011,7716
IT,,LPG,Other,2012,6100
IT,,LPG,Other,2013,4057
IT,,LPG,Other,2014,1941
IT,,LPG,Other,2015,1224
IT,,LPG,Other,2016,650
IT,,LPG,Other,2017,1089
IT,,LPG,Other,2018,2485
IT,,LPG,Other,2019,2511
IT,,LPG,Other,2020,1356
IT,,LPG,Other,2021,4147
IT,,LPG,Other,2022,14517
IT,,LPG,Other,2023,3869
IT,,LPG                      ,Other,2017,127
IT,,NG,Other,2018,4
IT,,NG-BIOMETHANE,Other,2010,3036
IT,,NG-BIOMETHANE,Other,2011,17
IT,,NG-BIOMETHANE,Other,2012,1352
IT,,NG-BIOMETHANE,Other,2013,1558
IT,,NG-BIOMETHANE,Other,2014,836
IT,,NG-BIOMETHANE,Other,2015,9
IT,,NG-BIOMETHANE,Other,2016,16
IT,,NG-BIOMETHANE,Other,2017,10
IT,,NG-BIOMETHANE,Other,2019,2
IT,,NG-BIOMETHANE            ,Other,2017,3
IT,,PETROL,HEV,2019,19
IT,,PETROL,HEV,2020,45
IT,,PETROL,HEV,2021,237
IT,,PETROL,HEV,2022,6064
IT,,PETROL,HEV,2023,13373
IT,,PETROL,Petrol,2010,92151
IT,,PETROL,Petrol,2011,21516
IT,,PETROL,Petrol,2012,16307
IT,,PETROL,Petrol,2013,10261
IT,,PETROL,Petrol,2014,6827
IT,,PETROL,Petrol,2015,5429
IT,,PETROL,Petrol,2016,5037
IT,,PETROL,Petrol,2017,2153
IT,,PETROL,Petrol,2018,5118
IT,,PETROL,Petrol,2019,7722
IT,,PETROL,Petrol,2020,5074
IT,,PETROL,Petrol,2021,4043
IT,,PETROL,Petrol,2022,3928
IT,,PETROL,Petrol,2023,1520
IT,,PETROL                   ,Other,2017,3440
IT,,PETROL-ELECTRIC,Other,2012,92
IT,,PETROL-ELECTRIC,Other,2013,38
IT,,PETROL-ELECTRIC,Other,2014,79
IT,,PETROL-ELECTRIC,Other,2015,36
IT,,PETROL-ELECTRIC,Other,2016,32
IT,,PETROL/ELECTRIC,Other,2017,66
IT,,PETROL/ELECTRIC,Other,2018,23
IT,,PETROL/ELECTRIC,PHEV,2019,34
IT,,PETROL/ELECTRIC,PHEV,2020,25
IT,,PETROL/ELECTRIC,PHEV,2021,345
IT,,PETROL/ELECTRIC,PHEV,2022,263
IT,,PETROL/ELECTRIC,PHEV,2023,3135
IT,,UNKNOWN,Other,2022,2
IT,A,DIESEL,Diesel,2010,85581
IT,A,DIESEL,Diesel,2011,83932
IT,A,DIESEL,Diesel,2012,57440
IT,A,DIESEL,Diesel,2013,81631
IT,A,DIESEL,Diesel,2014,91272
IT,A,DIESEL,Diesel,2015,118701
IT,A,DIESEL,Diesel,2016,144968
IT,A,DIESEL,Diesel,2017,138305
IT,A,DIESEL,Diesel,2018,98632
IT,A,DIESEL,Diesel,2019,55702
IT,A,DIESEL,Diesel,2020,32601
IT,A,DIESEL,Diesel,2021,24716
IT,A,DIESEL,Diesel,2022,16018
IT,A,DIESEL,Diesel,2023,14455
IT,A,DIESEL                   ,Other,2017,908
IT,A,DIESEL/ELECTRIC,PHEV,2019,3
IT,A,ELECTRIC,BEV,2014,204
IT,A,ELECTRIC,BEV,2015,392
IT,A,ELECTRIC,BEV,2016,266
IT,A,ELECTRIC,BEV,2017,592
IT,A,ELECTRIC,BEV,2018,2297
IT,A,ELECTRIC,BEV,2019,5160
IT,A,ELECTRIC,BEV,2020,16605
IT,A,ELECTRIC,BEV,2021,35035
IT,A,ELECTRIC,BEV,2022,18316
IT,A,ELECTRIC,BEV,2023,13987
IT,A,ELECTRIC,Other,2010,82
IT,A,ELECTRIC,Other,2011,95
IT,A,ELECTRIC,Other,2012,43
IT,A,ELECTRIC,Other,2013,226
IT,A,ELECTRIC                 ,BEV,2017,1
IT,A,LPG,Other,2010,73307
IT,A,LPG,Other,2011,16962
IT,A,LPG,Other,2012,46749
IT,A,LPG,Other,2013,40962
IT,A,LPG,Other,2014,46916
IT,A,LPG,Other,2015,44427
IT,A,LPG,Other,2016,45096
IT,A,LPG,Other,2017,37409
IT,A,LPG,Other,2018,84302
IT,A,LPG,Other,2019,55892
IT,A,LPG,Other,2020,28212
IT,A,LPG,Other,2021,20041
IT,A,LPG,Other,2022,21989
IT,A,LPG,Other,2023,13946
IT,A,LPG                      ,Other,2017,9850
IT,A,NG,Other,2018,12948
IT,A,NG,Other,2019,6592
IT,A,NG,Other,2020,2724
IT,A,NG,Other,2021,2676
IT,A,NG,Other,2022,1720
IT,A,NG,Other,2023,163
IT,A,NG-BIOMETHANE,Other,2010,27585
IT,A,NG-BIOMETHANE,Other,2011,19634
IT,A,NG-BIOMETHANE,Other,2012,25855
IT,A,NG-BIOMETHANE,Other,2013,41679
IT,A,NG-BIOMETHANE,Other,2014,43415
IT,A,NG-BIOMETHANE,Other,2015,33359
IT,A,NG-BIOMETHANE,Other,2016,19923
IT,A,NG-BIOMETHANE,Other,2017,13480
IT,A,NG-BIOMETHANE,Other,2019,5829
IT,A,NG-BIOMETHANE,Other,2020,3575
IT,A,NG-BIOMETHANE,Other,2021,4070
IT,A,NG-BIOMETHANE            ,Other,2017,339
IT,A,PETROL,HEV,2019,3
IT,A,PETROL,HEV,2020,62340
IT,A,PETROL,HEV,2021,155581
IT,A,PETROL,HEV,2022,158803
IT,A,PETROL,HEV,2023,171479
IT,A,PETROL,Petrol,2010,293053
IT,A,PETROL,Petrol,2011,284538
IT,A,PETROL,Petrol,2012,216940
IT,A,PETROL,Petrol,2013,190827
IT,A,PETROL,Petrol,2014,198852
IT,A,PETROL,Petrol,2015,253798
IT,A,PETROL,Petrol,2016,302768
IT,A,PETROL,Petrol,2017,281041
IT,A,PETROL,Petrol,2018,298945
IT,A,PETROL,Petrol,2019,353960
IT,A,PETROL,Petrol,2020,175963
IT,A,PETROL,Petrol,2021,97332
IT,A,PETROL,Petrol,2022,56651
IT,A,PETROL,Petrol,2023,65984
IT,A,PETROL                   ,Other,2017,31642
IT,A,PETROL-ELECTRIC,Other,2013,1
IT,A,PETROL-ELECTRIC,Other,2014,1
IT,A,PETROL-ELECTRIC,Other,2015,8
IT,A,PETROL-ELECTRIC,Other,2016,6
IT,A,PETROL/ELECTRIC,Other,2017,1
IT,A,PETROL/ELECTRIC,PHEV,2019,2
IT,A,PETROL/ELECTRIC,PHEV,2020,37
IT,A,PETROL/ELECTRIC,PHEV,2021,259
IT,A,PETROL/ELECTRIC,PHEV,2022,206
IT,A,PETROL/ELECTRIC,PHEV,2023,733
IT,B,DIESEL,Diesel,2010,191050
IT,B,DIESEL,Diesel,2011,235388
IT,B,DIESEL,Diesel,2012,181220
IT,B,DIESEL,Diesel,2013,164101
IT,B,DIESEL,Diesel,2014,168553
IT,B,DIESEL,Diesel,2015,185287
IT,B,DIESEL,Diesel,2016,190632
IT,B,DIESEL,Diesel,2017,96561
IT,B,DIESEL,Diesel,2018,144275
IT,B,DIESEL,Diesel,2019,91699
IT,B,DIESEL,Diesel,2020,45703
IT,B,DIESEL,Diesel,2021,26216
IT,B,DIESEL,Diesel,2022,25430
IT,B,DIESEL,Diesel,2023,21725
IT,B,DIESEL,HEV,2020,1115
IT,B,DIESEL,HEV,2021,1892
IT,B,DIESEL,HEV,2022,3075
IT,B,DIESEL,HEV,2023,2142
IT,B,DIESEL,Other,2021,2
IT,B,DIESEL                   ,Other,2017,94328
IT,B,ELECTRIC,BEV,2014,19
IT,B,ELECTRIC,BEV,2015,49
IT,B,ELECTRIC,BEV,2016,40
IT,B,ELECTRIC,BEV,2018,48
IT,B,ELECTRIC,BEV,2019,200
IT,B,ELECTRIC,BEV,2020,4144
IT,B,ELECTRIC,BEV,2021,6238
IT,B,ELECTRIC,BEV,2022,4622
IT,B,ELECTRIC,BEV,2023,4550
IT,B,ELECTRIC,Other,2011,473
IT,B,ELECTRIC                 ,BEV,2017,36
IT,B,LPG,Other,2010,99834
IT,B,LPG,Other,2011,23121
IT,B,LPG,Other,2012,54249
IT,B,LPG,Other,2013,48165
IT,B,LPG,Other,2014,48643
IT,B,LPG,Other,2015,47485
IT,B,LPG,Other,2016,39352
IT,B,LPG,Other,2017,23341
IT,B,LPG,Other,2018,59646
IT,B,LPG,Other,2019,33561
IT,B,LPG,Other,2020,23788
IT,B,LPG,Other,2021,31448
IT,B,LPG,Other,2022,33287
IT,B,LPG,Other,2023,42396
IT,B,LPG                      ,Other,2017,28463
IT,B,NG,Other,2018,12085
IT,B,NG,Other,2019,5280
IT,B,NG,Other,2020,5488
IT,B,NG,Other,2021,8077
IT,B,NG,Other,2022,2076
IT,B,NG,Other,2023,652
IT,B,NG-BIOMETHANE,Other,2010,24623
IT,B,NG-BIOMETHANE,Other,2011,13911
IT,B,NG-BIOMETHANE,Other,2012,20110
IT,B,NG-BIOMETHANE,Other,2013,19522
IT,B,NG-BIOMETHANE,Other,2014,13197
IT,B,NG-BIOMETHANE,Other,2015,10056
IT,B,NG-BIOMETHANE,Other,2016,7390
IT,B,NG-BIOMETHANE,Other,2017,5674
IT,B,NG-BIOMETHANE,Other,2019,1850
IT,B,NG-BIOMETHANE,Other,2020,11
IT,B,NG-BIOMETHANE            ,Other,2017,1
IT,B,PETROL,HEV,2019,30028
IT,B,PETROL,HEV,2020,38050
IT,B,PETROL,HEV,2021,55596
IT,B,PETROL,HEV,2022,39083
IT,B,PETROL,HEV,2023,40201
IT,B,PETROL,Other,2012,1
IT,B,PETROL,Other,2020,239
IT,B,PETROL,Other,2021,1756
IT,B,PETROL,Petrol,2010,225826
IT,B,PETROL,Petrol,2011,250368
IT,B,PETROL,Petrol,2012,165675
IT,B,PETROL,Petrol,2013,141669
IT,B,PETROL,Petrol,2014,126382
IT,B,PETROL,Petrol,2015,160219
IT,B,PETROL,Petrol,2016,180585
IT,B,PETROL,Petrol,2017,113048
IT,B,PETROL,Petrol,2018,202531
IT,B,PETROL,Petrol,2019,194269
IT,B,PETROL,Petrol,2020,136197
IT,B,PETROL,Petrol,2021,132843
IT,B,PETROL,Petrol,2022,124666
IT,B,PETROL,Petrol,2023,149217
IT,B,PETROL                   ,Other,2017,87583
IT,B,PETROL-ELECTRIC,Other,2013,6243
IT,B,PETROL-ELECTRIC,Other,2014,9863
IT,B,PETROL-ELECTRIC,Other,2015,21
IT,B,PETROL-ELECTRIC,Other,2016,308
IT,B,PETROL/ELECTRIC,Other,2017,525
IT,B,PETROL/ELECTRIC,Other,2018,624
IT,B,PETROL/ELECTRIC,PHEV,2019,2936
IT,B,PETROL/ELECTRIC,PHEV,2020,395
IT,B,PETROL/ELECTRIC,PHEV,2021,307
IT,B,PETROL/ELECTRIC,PHEV,2022,736
IT,B,PETROL/ELECTRIC,PHEV,2023,632
IT,B,UNKNOWN,Other,2019,39
IT,C,CNG,Other,2020,917
IT,C,DIESEL,Diesel,2010,237855
IT,C,DIESEL,Diesel,2011,295514
IT,C,DIESEL,Diesel,2012,207614
IT,C,DIESEL,Diesel,2013,160937
IT,C,DIESEL,Diesel,2014,162938
IT,C,DIESEL,Diesel,2015,179611
IT,C,DIESEL,Diesel,2016,218750
IT,C,DIESEL,Diesel,2017,155754
IT,C,DIESEL,Diesel,2018,196747
IT,C,DIESEL,Diesel,2019,146240
IT,C,DIESEL,Diesel,2020,90445
IT,C,DIESEL,Diesel,2021,66928
IT,C,DIESEL,Diesel,2022,58044
IT,C,DIESEL,Diesel,2023,62062
IT,C,DIESEL,HEV,2019,36
IT,C,DIESEL,HEV,2020,2086
IT,C,DIESEL,HEV,2021,5317
IT,C,DIESEL,HEV,2022,4708
IT,C,DIESEL,HEV,2023,6297
IT,C,DIESEL                   ,Other,2017,99902
IT,C,DIESEL-ELECTRIC,Other,2013,417
IT,C,DIESEL-ELECTRIC,Other,2014,354
IT,C,DIESEL-ELECTRIC,Other,2015,74
IT,C,DIESEL/ELECTRIC,Other,2017,89
IT,C,DIESEL/ELECTRIC,PHEV,2019,137
IT,C,DIESEL/ELECTRIC,PHEV,2020,581
IT,C,DIESEL/ELECTRIC,PHEV,2021,207
IT,C,DIESEL/ELECTRIC,PHEV,2022,141
IT,C,DIESEL/ELECTRIC,PHEV,2023,81
IT,C,E85,Other,2011,4
IT,C,ELECTRIC,BEV,2014,347
IT,C,ELECTRIC,BEV,2015,406
IT,C,ELECTRIC,BEV,2016,573
IT,C,ELECTRIC,BEV,2017,41
IT,C,ELECTRIC,BEV,2018,1747
IT,C,ELECTRIC,BEV,2019,1958
IT,C,ELECTRIC,BEV,2020,4013
IT,C,ELECTRIC,BEV,2021,7577
IT,C,ELECTRIC,BEV,2022,6877
IT,C,ELECTRIC,BEV,2023,8081
IT,C,ELECTRIC,Other,2010,2498
IT,C,ELECTRIC,Other,2011,3497
IT,C,ELECTRIC,Other,2012,233
IT,C,ELECTRIC,Other,2013,358
IT,C,ELECTRIC,Other,2014,124
IT,C,ELECTRIC,Other,2015,111
IT,C,ELECTRIC                 ,BEV,2017,584
IT,C,LPG,Other,2010,23437
IT,C,LPG,Other,2011,4248
IT,C,LPG,Other,2012,10644
IT,C,LPG,Other,2013,10692
IT,C,LPG,Other,2014,10719
IT,C,LPG,Other,2015,9753
IT,C,LPG,Other,2016,8157
IT,C,LPG,Other,2017,10630
IT,C,LPG,Other,2018,11026
IT,C,LPG,Other,2019,1146
IT,C,LPG,Other,2020,1000
IT,C,LPG,Other,2021,3362
IT,C,LPG,Other,2022,12232
IT,C,LPG,Other,2023,12026
IT,C,LPG                      ,Other,2017,77
IT,C,NG,Other,2018,12953
IT,C,NG,Other,2019,12947
IT,C,NG,Other,2020,10326
IT,C,NG,Other,2021,6142
IT,C,NG,Other,2022,3054
IT,C,NG,Other,2023,637
IT,C,NG-BIOMETHANE,Other,2010,1577
IT,C,NG-BIOMETHANE,Other,2011,1481
IT,C,NG-BIOMETHANE,Other,2012,3722
IT,C,NG-BIOMETHANE,Other,2013,3145
IT,C,NG-BIOMETHANE,Other,2014,11281
IT,C,NG-BIOMETHANE,Other,2015,17327
IT,C,NG-BIOMETHANE,Other,2016,15193
IT,C,NG-BIOMETHANE,Other,2017,7362
IT,C,NG-BIOMETHANE,Other,2019,10
IT,C,NG-BIOMETHANE,Other,2020,1
IT,C,NG-BIOMETHANE            ,Other,2017,4471
IT,C,PETROL,HEV,2019,12265
IT,C,PETROL,HEV,2020,18154
IT,C,PETROL,HEV,2021,23533
IT,C,PETROL,HEV,2022,25249
IT,C,PETROL,HEV,2023,43880
IT,C,PETROL,Petrol,2010,49942
IT,C,PETROL,Petrol,2011,66946
IT,C,PETROL,Petrol,2012,32128
IT,C,PETROL,Petrol,2013,25100
IT,C,PETROL,Petrol,2014,21807
IT,C,PETROL,Petrol,2015,29252
IT,C,PETROL,Petrol,2016,42277
IT,C,PETROL,Petrol,2017,39652
IT,C,PETROL,Petrol,2018,54826
IT,C,PETROL,Petrol,2019,61014
IT,C,PETROL,Petrol,2020,41861
IT,C,PETROL,Petrol,2021,33492
IT,C,PETROL,Petrol,2022,27209
IT,C,PETROL,Petrol,2023,27092
IT,C,PETROL                   ,Other,2017,12606
IT,C,PETROL-ELECTRIC,Other,2013,7301
IT,C,PETROL-ELECTRIC,Other,2014,9884
IT,C,PETROL-ELECTRIC,Other,2015,338
IT,C,PETROL-ELECTRIC,Other,2016,538
IT,C,PETROL/ELECTRIC,Other,2015,89
IT,C,PETROL/ELECTRIC,Other,2017,1147
IT,C,PETROL/ELECTRIC,Other,2018,1725
IT,C,PETROL/ELECTRIC,PHEV,2019,359
IT,C,PETROL/ELECTRIC,PHEV,2020,7623
IT,C,PETROL/ELECTRIC,PHEV,2021,18151
IT,C,PETROL/ELECTRIC,PHEV,2022,12950
IT,C,PETROL/ELECTRIC,PHEV,2023,12262
IT,D,CNG,Other,2020,440
IT,D,DIESEL,Diesel,2010,50993
IT,D,DIESEL,Diesel,2011,57540
IT,D,DIESEL,Diesel,2012,51441
IT,D,DIESEL,Diesel,2013,41585
IT,D,DIESEL,Diesel,2014,40253
IT,D,DIESEL,Diesel,2015,43577
IT,D,DIESEL,Diesel,2016,50224
IT,D,DIESEL,Diesel,2017,16931
IT,D,DIESEL,Diesel,2018,34142
IT,D,DIESEL,Diesel,2019,34976
IT,D,DIESEL,Diesel,2020,23198
IT,D,DIESEL,Diesel,2021,13981
IT,D,DIESEL,Diesel,2022,13082
IT,D,DIESEL,Diesel,2023,15216
IT,D,DIESEL,HEV,2019,1204
IT,D,DIESEL,HEV,2020,4756
IT,D,DIESEL,HEV,2021,8354
IT,D,DIESEL,HEV,2022,9491
IT,D,DIESEL,HEV,2023,9609
IT,D,DIESEL                   ,Other,2017,25750
IT,D,DIESEL-ELECTRIC,Other,2013,682
IT,D,DIESEL-ELECTRIC,Other,2014,298
IT,D,DIESEL-ELECTRIC,Other,2015,105
IT,D,DIESEL-ELECTRIC,Other,2016,69
IT,D,DIESEL/ELECTRIC,Other,2017,86
IT,D,DIESEL/ELECTRIC,Other,2018,1
IT,D,ELECTRIC,BEV,2018,3
IT,D,ELECTRIC,BEV,2019,1971
IT,D,ELECTRIC,BEV,2020,3588
IT,D,ELECTRIC,BEV,2021,5357
IT,D,ELECTRIC,BEV,2022,1492
IT,D,ELECTRIC,BEV,2023,7929
IT,D,ELECTRIC,Other,2010,24
IT,D,ELECTRIC,Other,2011,13
IT,D,ELECTRIC,Other,2012,2
IT,D,LPG,Other,2010,3016
IT,D,LPG,Other,2011,736
IT,D,LPG,Other,2012,1184
IT,D,LPG,Other,2013,837
IT,D,LPG,Other,2014,518
IT,D,LPG,Other,2015,742
IT,D,LPG,Other,2016,153
IT,D,LPG,Other,2017,942
IT,D,LPG,Other,2018,1805
IT,D,LPG,Other,2019,1506
IT,D,LPG,Other,2020,608
IT,D,LPG,Other,2021,416
IT,D,LPG,Other,2022,998
IT,D,LPG,Other,2023,4604
IT,D,LPG                      ,Other,2017,12
IT,D,NG,Other,2018,368
IT,D,NG,Other,2019,300
IT,D,NG,Other,2021,178
IT,D,NG,Other,2022,114
IT,D,NG,Other,2023,18
IT,D,NG-BIOMETHANE,Other,2010,5517
IT,D,NG-BIOMETHANE,Other,2011,922
IT,D,NG-BIOMETHANE,Other,2012,828
IT,D,NG-BIOMETHANE,Other,2013,739
IT,D,NG-BIOMETHANE,Other,2014,545
IT,D,NG-BIOMETHANE,Other,2015,10
IT,D,NG-BIOMETHANE,Other,2016,5
IT,D,NG-BIOMETHANE,Other,2017,7
IT,D,NG-BIOMETHANE,Other,2019,4
IT,D,NG-BIOMETHANE            ,Other,2017,226
IT,D,PETROL,HEV,2019,2131
IT,D,PETROL,HEV,2020,2084
IT,D,PETROL,HEV,2021,1558
IT,D,PETROL,HEV,2022,1375
IT,D,PETROL,HEV,2023,1493
IT,D,PETROL,Petrol,2010,4449
IT,D,PETROL,Petrol,2011,3344
IT,D,PETROL,Petrol,2012,2763
IT,D,PETROL,Petrol,2013,1850
IT,D,PETROL,Petrol,2014,1436
IT,D,PETROL,Petrol,2015,1557
IT,D,PETROL,Petrol,2016,2419
IT,D,PETROL,Petrol,2017,1445
IT,D,PETROL,Petrol,2018,2602
IT,D,PETROL,Petrol,2019,4750
IT,D,PETROL,Petrol,2020,3132
IT,D,PETROL,Petrol,2021,4429
IT,D,PETROL,Petrol,2022,7247
IT,D,PETROL,Petrol,2023,8520
IT,D,PETROL                   ,Other,2017,1373
IT,D,PETROL-ELECTRIC,Other,2013,33
IT,D,PETROL-ELECTRIC,Other,2014,7
IT,D,PETROL-ELECTRIC,Other,2015,4
IT,D,PETROL-ELECTRIC,Other,2016,96
IT,D,PETROL/ELECTRIC,Other,2017,133
IT,D,PETROL/ELECTRIC,Other,2018,117
IT,D,PETROL/ELECTRIC,PHEV,2019,133
IT,D,PETROL/ELECTRIC,PHEV,2020,1374
IT,D,PETROL/ELECTRIC,PHEV,2021,3770
IT,D,PETROL/ELECTRIC,PHEV,2022,3098
IT,D,PETROL/ELECTRIC,PHEV,2023,5131
IT,E,DIESEL,Diesel,2010,10598
IT,E,DIESEL,Diesel,2011,13015
IT,E,DIESEL,Diesel,2012,12965
IT,E,DIESEL,Diesel,2013,11091
IT,E,DIESEL,Diesel,2014,9329
IT,E,DIESEL,Diesel,2015,13269
IT,E,DIESEL,Diesel,2016,19933
IT,E,DIESEL,Diesel,2017,11682
IT,E,DIESEL,Diesel,2018,14295
IT,E,DIESEL,Diesel,2019,8281
IT,E,DIESEL,Diesel,2020,3383
IT,E,DIESEL,Diesel,2021,2358
IT,E,DIESEL,Diesel,2022,953
IT,E,DIESEL,Diesel,2023,649
IT,E,DIESEL,HEV,2019,4304
IT,E,DIESEL,HEV,2020,2047
IT,E,DIESEL,HEV,2021,2254
IT,E,DIESEL,HEV,2022,2255
IT,E,DIESEL,HEV,2023,2310
IT,E,DIESEL                   ,Other,2017,6826
IT,E,ELECTRIC,BEV,2021,13
IT,E,ELECTRIC,BEV,2022,772
IT,E,ELECTRIC,BEV,2023,1643
IT,E,ELECTRIC,Other,2011,31
IT,E,HYDROGEN,Other,2018,1
IT,E,HYDROGEN,Other,2019,5
IT,E,HYDROGEN,Other,2020,2
IT,E,HYDROGEN,Other,2021,10
IT,E,HYDROGEN,Other,2022,6
IT,E,HYDROGEN,Other,2023,2
IT,E,LPG,Other,2010,15
IT,E,LPG,Other,2011,18
IT,E,LPG,Other,2012,6
IT,E,NG,Other,2019,1
IT,E,NG-BIOMETHANE,Other,2010,1431
IT,E,NG-BIOMETHANE,Other,2011,1012
IT,E,NG-BIOMETHANE,Other,2012,1159
IT,E,NG-BIOMETHANE,Other,2013,797
IT,E,NG-BIOMETHANE,Other,2014,565
IT,E,NG-BIOMETHANE,Other,2015,560
IT,E,NG-BIOMETHANE,Other,2016,9
IT,E,PETROL,HEV,2019,423
IT,E,PETROL,HEV,2020,368
IT,E,PETROL,HEV,2021,580
IT,E,PETROL,HEV,2022,519
IT,E,PETROL,HEV,2023,708
IT,E,PETROL,Petrol,2010,1298
IT,E,PETROL,Petrol,2011,1473
IT,E,PETROL,Petrol,2012,784
IT,E,PETROL,Petrol,2013,396
IT,E,PETROL,Petrol,2014,492
IT,E,PETROL,Petrol,2015,474
IT,E,PETROL,Petrol,2016,785
IT,E,PETROL,Petrol,2017,507
IT,E,PETROL,Petrol,2018,1065
IT,E,PETROL,Petrol,2019,848
IT,E,PETROL,Petrol,2020,500
IT,E,PETROL,Petrol,2021,390
IT,E,PETROL,Petrol,2022,293
IT,E,PETROL,Petrol,2023,263
IT,E,PETROL                   ,Other,2017,348
IT,E,PETROL-ELECTRIC,Other,2012,47
IT,E,PETROL-ELECTRIC,Other,2013,30
IT,E,PETROL-ELECTRIC,Other,2014,23
IT,E,PETROL-ELECTRIC,Other,2015,15
IT,E,PETROL-ELECTRIC,Other,2016,9
IT,E,PETROL/ELECTRIC,Other,2017,143
IT,E,PETROL/ELECTRIC,Other,2018,393
IT,E,PETROL/ELECTRIC,PHEV,2019,406
IT,E,PETROL/ELECTRIC,PHEV,2020,312
IT,E,PETROL/ELECTRIC,PHEV,2021,392
IT,E,PETROL/ELECTRIC,PHEV,2022,356
IT,E,PETROL/ELECTRIC,PHEV,2023,522
IT,F,DIESEL,Diesel,2010,39300
IT,F,DIESEL,Diesel,2011,22447
IT,F,DIESEL,Diesel,2012,22876
IT,F,DIESEL,Diesel,2013,30094
IT,F,DIESEL,Diesel,2014,25206
IT,F,DIESEL,Diesel,2015,25260
IT,F,DIESEL,Diesel,2016,27837
IT,F,DIESEL,Diesel,2017,16246
IT,F,DIESEL,Diesel,2018,26447
IT,F,DIESEL,Diesel,2019,28432
IT,F,DIESEL,Diesel,2020,16890
IT,F,DIESEL,Diesel,2021,19434
IT,F,DIESEL,Diesel,2022,11909
IT,F,DIESEL,Diesel,2023,12240
IT,F,DIESEL,HEV,2019,503
IT,F,DIESEL,HEV,2020,346
IT,F,DIESEL,HEV,2021,341
IT,F,DIESEL,HEV,2022,384
IT,F,DIESEL,HEV,2023,459
IT,F,DIESEL                   ,Other,2017,11021
IT,F,DIESEL-ELECTRIC,Other,2015,1
IT,F,DIESEL/ELECTRIC,Other,2017,52
IT,F,DIESEL/ELECTRIC,Other,2018,4
IT,F,ELECTRIC,BEV,2014,62
IT,F,ELECTRIC,BEV,2015,136
IT,F,ELECTRIC,BEV,2016,221
IT,F,ELECTRIC,BEV,2018,263
IT,F,ELECTRIC,BEV,2019,259
IT,F,ELECTRIC,BEV,2020,557
IT,F,ELECTRIC,BEV,2021,1260
IT,F,ELECTRIC,BEV,2022,1289
IT,F,ELECTRIC,BEV,2023,3362
IT,F,ELECTRIC,Other,2010,10
IT,F,ELECTRIC,Other,2011,10
IT,F,ELECTRIC,Other,2012,1
IT,F,ELECTRIC,Other,2013,32
IT,F,ELECTRIC                 ,BEV,2017,266
IT,F,LPG,Other,2010,2424
IT,F,LPG,Other,2011,806
IT,F,LPG,Other,2012,66
IT,F,LPG,Other,2013,123
IT,F,LPG,Other,2014,17
IT,F,LPG,Other,2019,573
IT,F,LPG,Other,2020,70
IT,F,LPG,Other,2021,75
IT,F,LPG,Other,2022,198
IT,F,LPG,Other,2023,184
IT,F,NG-BIOMETHANE,Other,2010,819
IT,F,NG-BIOMETHANE,Other,2011,168
IT,F,NG-BIOMETHANE,Other,2012,1
IT,F,NG-BIOMETHANE,Other,2015,1
IT,F,PETROL,HEV,2019,217
IT,F,PETROL,HEV,2020,147
IT,F,PETROL,HEV,2021,504
IT,F,PETROL,HEV,2022,279
IT,F,PETROL,HEV,2023,1869
IT,F,PETROL,Petrol,2010,22802
IT,F,PETROL,Petrol,2011,30461
IT,F,PETROL,Petrol,2012,20859
IT,F,PETROL,Petrol,2013,16606
IT,F,PETROL,Petrol,2014,12798
IT,F,PETROL,Petrol,2015,18415
IT,F,PETROL,Petrol,2016,21355
IT,F,PETROL,Petrol,2017,6332
IT,F,PETROL,Petrol,2018,22651
IT,F,PETROL,Petrol,2019,25357
IT,F,PETROL,Petrol,2020,21653
IT,F,PETROL,Petrol,2021,30672
IT,F,PETROL,Petrol,2022,14429
IT,F,PETROL,Petrol,2023,12458
IT,F,PETROL                   ,Other,2017,15917
IT,F,PETROL-ELECTRIC,Other,2013,10
IT,F,PETROL-ELECTRIC,Other,2014,42
IT,F,PETROL-ELECTRIC,Other,2015,110
IT,F,PETROL-ELECTRIC,Other,2016,75
IT,F,PETROL/ELECTRIC,Other,2015,1
IT,F,PETROL/ELECTRIC,Other,2017,12
IT,F,PETROL/ELECTRIC,Other,2018,27
IT,F,PETROL/ELECTRIC,PHEV,2019,8
IT,F,PETROL/ELECTRIC,PHEV,2020,53
IT,F,PETROL/ELECTRIC,PHEV,2021,773
IT,F,PETROL/ELECTRIC,PHEV,2022,4572
IT,F,PETROL/ELECTRIC,PHEV,2023,3948
IT,JA,DIESEL,Diesel,2010,571
IT,JA,DIESEL,Diesel,2011,2159
IT,JA,DIESEL,Diesel,2012,1397
IT,JA,DIESEL,Diesel,2013,1003
IT,JA,DIESEL,Diesel,2014,865
IT,JA,DIESEL,Diesel,2015,1036
IT,JA,DIESEL,Diesel,2016,2034
IT,JA,DIESEL,Diesel,2018,10149
IT,JA,DIESEL,Diesel,2019,8682
IT,JA,DIESEL,Diesel,2020,7337
IT,JA,DIESEL,Diesel,2021,4020
IT,JA,DIESEL,Diesel,2022,4375
IT,JA,DIESEL,Diesel,2023,4808
IT,JA,DIESEL                   ,Other,2017,10623
IT,JA,ELECTRIC,BEV,2018,68
IT,JA,ELECTRIC,BEV,2020,3
IT,JA,ELECTRIC,BEV,2021,90
IT,JA,ELECTRIC,BEV,2022,34
IT,JA,ELECTRIC,BEV,2023,84
IT,JA,ELECTRIC                 ,BEV,2017,10
IT,JA,LPG,Other,2014,1
IT,JA,LPG,Other,2016,22
IT,JA,LPG,Other,2020,418
IT,JA,LPG,Other,2023,15341
IT,JA,NG,Other,2020,2579
IT,JA,NG,Other,2021,4227
IT,JA,NG,Other,2022,1876
IT,JA,NG,Other,2023,205
IT,JA,PETROL,HEV,2019,6039
IT,JA,PETROL,HEV,2020,15225
IT,JA,PETROL,HEV,2021,20963
IT,JA,PETROL,HEV,2022,9806
IT,JA,PETROL,HEV,2023,16188
IT,JA,PETROL,Petrol,2010,110
IT,JA,PETROL,Petrol,2011,232
IT,JA,PETROL,Petrol,2012,81
IT,JA,PETROL,Petrol,2013,37
IT,JA,PETROL,Petrol,2014,41
IT,JA,PETROL,Petrol,2015,45
IT,JA,PETROL,Petrol,2016,335
IT,JA,PETROL,Petrol,2017,8940
IT,JA,PETROL,Petrol,2018,9460
IT,JA,PETROL,Petrol,2019,7434
IT,JA,PETROL,Petrol,2020,5064
IT,JA,PETROL,Petrol,2021,6361
IT,JA,PETROL,Petrol,2022,7354
IT,JA,PETROL,Petrol,2023,11785
IT,JA,PETROL                   ,Other,2017,1584
IT,JB,DIESEL,Diesel,2010,10620
IT,JB,DIESEL,Diesel,2011,30925
IT,JB,DIESEL,Diesel,2012,26943
IT,JB,DIESEL,Diesel,2013,44894
IT,JB,DIESEL,Diesel,2014,78524
IT,JB,DIESEL,Diesel,2015,124904
IT,JB,DIESEL,Diesel,2016,155984
IT,JB,DIESEL,Diesel,2017,102634
IT,JB,DIESEL,Diesel,2018,187025
IT,JB,DIESEL,Diesel,2019,161076
IT,JB,DIESEL,Diesel,2020,99181
IT,JB,DIESEL,Diesel,2021,76462
IT,JB,DIESEL,Diesel,2022,57789
IT,JB,DIESEL,Diesel,2023,62144
IT,JB,DIESEL,HEV,2022,82
IT,JB,DIESEL                   ,Other,2017,62031
IT,JB,ELECTRIC,BEV,2014,25
IT,JB,ELECTRIC,BEV,2015,7
IT,JB,ELECTRIC,BEV,2016,28
IT,JB,ELECTRIC,BEV,2018,92
IT,JB,ELECTRIC,BEV,2019,506
IT,JB,ELECTRIC,BEV,2020,2298
IT,JB,ELECTRIC,BEV,2021,5091
IT,JB,ELECTRIC,BEV,2022,3525
IT,JB,ELECTRIC,BEV,2023,4376
IT,JB,ELECTRIC,Other,2011,59
IT,JB,ELECTRIC,Other,2012,116
IT,JB,ELECTRIC,Other,2013,14
IT,JB,ELECTRIC                 ,BEV,2017,46
IT,JB,LPG,Other,2011,138
IT,JB,LPG,Other,2012,4299
IT,JB,LPG,Other,2013,5308
IT,JB,LPG,Other,2014,11510
IT,JB,LPG,Other,2015,13901
IT,JB,LPG,Other,2016,7066
IT,JB,LPG,Other,2017,10521
IT,JB,LPG,Other,2018,27761
IT,JB,LPG,Other,2019,30183
IT,JB,LPG,Other,2020,24428
IT,JB,LPG,Other,2021,31030
IT,JB,LPG,Other,2022,31965
IT,JB,LPG,Other,2023,35183
IT,JB,LPG                      ,Other,2017,5594
IT,JB,NG,Other,2019,3901
IT,JB,NG,Other,2020,4816
IT,JB,NG,Other,2021,5901
IT,JB,NG,Other,2022,1883
IT,JB,NG,Other,2023,219
IT,JB,PETROL,HEV,2019,6505
IT,JB,PETROL,HEV,2020,30172
IT,JB,PETROL,HEV,2021,54723
IT,JB,PETROL,HEV,2022,88817
IT,JB,PETROL,HEV,2023,112728
IT,JB,PETROL,Petrol,2010,6672
IT,JB,PETROL,Petrol,2011,12674
IT,JB,PETROL,Petrol,2012,8304
IT,JB,PETROL,Petrol,2013,10484
IT,JB,PETROL,Petrol,2014,17635
IT,JB,PETROL,Petrol,2015,25320
IT,JB,PETROL,Petrol,2016,34902
IT,JB,PETROL,Petrol,2017,22882
IT,JB,PETROL,Petrol,2018,76284
IT,JB,PETROL,Petrol,2019,143584
IT,JB,PETROL,Petrol,2020,103218
IT,JB,PETROL,Petrol,2021,98803
IT,JB,PETROL,Petrol,2022,84483
IT,JB,PETROL,Petrol,2023,114625
IT,JB,PETROL                   ,Other,2017,18049
IT,JB,PETROL/ELECTRIC,Other,2017,964
IT,JB,PETROL/ELECTRIC,Other,2018,219
IT,JB,PETROL/ELECTRIC,PHEV,2019,148
IT,JB,PETROL/ELECTRIC,PHEV,2020,8336
IT,JB,PETROL/ELECTRIC,PHEV,2021,22384
IT,JB,PETROL/ELECTRIC,PHEV,2022,22625
IT,JB,PETROL/ELECTRIC,PHEV,2023,14255
IT,JC,DIESEL,Diesel,2010,84210
IT,JC,DIESEL,Diesel,2011,93315
IT,JC,DIESEL,Diesel,2012,90428
IT,JC,DIESEL,Diesel,2013,84678
IT,JC,DIESEL,Diesel,2014,89165
IT,JC,DIESEL,Diesel,2015,98973
IT,JC,DIESEL,Diesel,2016,133447
IT,JC,DIESEL,Diesel,2017,70847
IT,JC,DIESEL,Diesel,2018,175293
IT,JC,DIESEL,Diesel,2019,152764
IT,JC,DIESEL,Diesel,2020,91227
IT,JC,DIESEL,Diesel,2021,66406
IT,JC,DIESEL,Diesel,2022,46768
IT,JC,DIESEL,Diesel,2023,51218
IT,JC,DIESEL,HEV,2019,4724
IT,JC,DIESEL,HEV,2020,6463
IT,JC,DIESEL,HEV,2021,13483
IT,JC,DIESEL,HEV,2022,17691
IT,JC,DIESEL,HEV,2023,23227
IT,JC,DIESEL                   ,Other,2017,93183
IT,JC,DIESEL/ELECTRIC,PHEV,2019,24
IT,JC,ELECTRIC,BEV,2014,10
IT,JC,ELECTRIC,BEV,2015,1
IT,JC,ELECTRIC,BEV,2018,88
IT,JC,ELECTRIC,BEV,2019,227
IT,JC,ELECTRIC,BEV,2020,406
IT,JC,ELECTRIC,BEV,2021,4226
IT,JC,ELECTRIC,BEV,2022,5649
IT,JC,ELECTRIC,BEV,2023,8632
IT,JC,LPG,Other,2010,4184
IT,JC,LPG,Other,2011,1051
IT,JC,LPG,Other,2012,4609
IT,JC,LPG,Other,2013,5381
IT,JC,LPG,Other,2014,3522
IT,JC,LPG,Other,2015,3004
IT,JC,LPG,Other,2016,1098
IT,JC,LPG,Other,2017,594
IT,JC,LPG,Other,2018,478
IT,JC,LPG,Other,2019,1033
IT,JC,LPG,Other,2020,187
IT,JC,LPG,Other,2021,101
IT,JC,LPG,Other,2022,1098
IT,JC,LPG                      ,Other,2017,66
IT,JC,PETROL,HEV,2019,21676
IT,JC,PETROL,HEV,2020,13841
IT,JC,PETROL,HEV,2021,34375
IT,JC,PETROL,HEV,2022,51094
IT,JC,PETROL,HEV,2023,74358
IT,JC,PETROL,Petrol,2010,10940
IT,JC,PETROL,Petrol,2011,9752
IT,JC,PETROL,Petrol,2012,8902
IT,JC,PETROL,Petrol,2013,4967
IT,JC,PETROL,Petrol,2014,6452
IT,JC,PETROL,Petrol,2015,8875
IT,JC,PETROL,Petrol,2016,9516
IT,JC,PETROL,Petrol,2017,28143
IT,JC,PETROL,Petrol,2018,55079
IT,JC,PETROL,Petrol,2019,54833
IT,JC,PETROL,Petrol,2020,38609
IT,JC,PETROL,Petrol,2021,44118
IT,JC,PETROL,Petrol,2022,31539
IT,JC,PETROL,Petrol,2023,63451
IT,JC,PETROL                   ,Other,2017,5990
IT,JC,PETROL-ELECTRIC,Other,2013,17
IT,JC,PETROL-ELECTRIC,Other,2014,629
IT,JC,PETROL-ELECTRIC,Other,2015,15
IT,JC,PETROL/ELECTRIC,Other,2015,6
IT,JC,PETROL/ELECTRIC,Other,2017,49
IT,JC,PETROL/ELECTRIC,Other,2018,287
IT,JC,PETROL/ELECTRIC,PHEV,2019,848
IT,JC,PETROL/ELECTRIC,PHEV,2020,7602
IT,JC,PETROL/ELECTRIC,PHEV,2021,12711
IT,JC,PETROL/ELECTRIC,PHEV,2022,12085
IT,JC,PETROL/ELECTRIC,PHEV,2023,17248
IT,JC,UNKNOWN,Other,2021,7
IT,JD,DIESEL,Diesel,2010,27704
IT,JD,DIESEL,Diesel,2011,34941
IT,JD,DIESEL,Diesel,2012,19661
IT,JD,DIESEL,Diesel,2013,17307
IT,JD,DIESEL,Diesel,2014,21552
IT,JD,DIESEL,Diesel,2015,31013
IT,JD,DIESEL,Diesel,2016,40523
IT,JD,DIESEL,Diesel,2017,14259
IT,JD,DIESEL,Diesel,2018,32097
IT,JD,DIESEL,Diesel,2019,27979
IT,JD,DIESEL,Diesel,2020,15442
IT,JD,DIESEL,Diesel,2021,9300
IT,JD,DIESEL,Diesel,2022,4586
IT,JD,DIESEL,Diesel,2023,1940
IT,JD,DIESEL,HEV,2019,1689
IT,JD,DIESEL,HEV,2020,4273
IT,JD,DIESEL,HEV,2021,6853
IT,JD,DIESEL,HEV,2022,10731
IT,JD,DIESEL,HEV,2023,21362
IT,JD,DIESEL                   ,Other,2017,26214
IT,JD,DIESEL-ELECTRIC,Other,2016,27
IT,JD,DIESEL/ELECTRIC,Other,2017,65
IT,JD,DIESEL/ELECTRIC,Other,2018,44
IT,JD,DIESEL/ELECTRIC,PHEV,2020,188
IT,JD,DIESEL/ELECTRIC,PHEV,2021,1680
IT,JD,DIESEL/ELECTRIC,PHEV,2022,889
IT,JD,DIESEL/ELECTRIC,PHEV,2023,1192
IT,JD,E85,Other,2013,3
IT,JD,ELECTRIC,BEV,2021,1207
IT,JD,ELECTRIC,BEV,2022,4540
IT,JD,ELECTRIC,BEV,2023,9102
IT,JD,ELECTRIC,Other,2010,51
IT,JD,ELECTRIC,Other,2011,52
IT,JD,ELECTRIC,Other,2012,3
IT,JD,LPG,Other,2013,43
IT,JD,LPG,Other,2014,41
IT,JD,LPG,Other,2015,12
IT,JD,LPG,Other,2019,51
IT,JD,LPG,Other,2020,35
IT,JD,PETROL,HEV,2019,10399
IT,JD,PETROL,HEV,2020,7315
IT,JD,PETROL,HEV,2021,8553
IT,JD,PETROL,HEV,2022,7384
IT,JD,PETROL,HEV,2023,10212
IT,JD,PETROL,Petrol,2010,1953
IT,JD,PETROL,Petrol,2011,1371
IT,JD,PETROL,Petrol,2012,396
IT,JD,PETROL,Petrol,2013,148
IT,JD,PETROL,Petrol,2014,236
IT,JD,PETROL,Petrol,2015,406
IT,JD,PETROL,Petrol,2016,758
IT,JD,PETROL,Petrol,2017,7022
IT,JD,PETROL,Petrol,2018,10251
IT,JD,PETROL,Petrol,2019,4602
IT,JD,PETROL,Petrol,2020,3369
IT,JD,PETROL,Petrol,2021,3683
IT,JD,PETROL,Petrol,2022,4091
IT,JD,PETROL,Petrol,2023,3996
IT,JD,PETROL                   ,Other,2017,230
IT,JD,PETROL-ELECTRIC,Other,2013,4
IT,JD,PETROL-ELECTRIC,Other,2014,87
IT,JD,PETROL-ELECTRIC,Other,2015,141
IT,JD,PETROL-ELECTRIC,Other,2016,203
IT,JD,PETROL/ELECTRIC,Other,2017,544
IT,JD,PETROL/ELECTRIC,Other,2018,794
IT,JD,PETROL/ELECTRIC,PHEV,2019,353
IT,JD,PETROL/ELECTRIC,PHEV,2020,1336
IT,JD,PETROL/ELECTRIC,PHEV,2021,3391
IT,JD,PETROL/ELECTRIC,PHEV,2022,4179
IT,JD,PETROL/ELECTRIC,PHEV,2023,5760
IT,JE,DIESEL,Diesel,2010,7776
IT,JE,DIESEL,Diesel,2011,6514
IT,JE,DIESEL,Diesel,2012,3172
IT,JE,DIESEL,Diesel,2013,2233
IT,JE,DIESEL,Diesel,2014,3179
IT,JE,DIESEL,Diesel,2015,5002
IT,JE,DIESEL,Diesel,2016,6732
IT,JE,DIESEL,Diesel,2017,3404
IT,JE,DIESEL,Diesel,2018,5051
IT,JE,DIESEL,Diesel,2019,4542
IT,JE,DIESEL,Diesel,2020,4343
IT,JE,DIESEL,Diesel,2021,2817
IT,JE,DIESEL,Diesel,2022,1149
IT,JE,DIESEL,Diesel,2023,591
IT,JE,DIESEL,HEV,2019,2113
IT,JE,DIESEL,HEV,2020,1819
IT,JE,DIESEL,HEV,2021,3192
IT,JE,DIESEL,HEV,2022,4644
IT,JE,DIESEL,HEV,2023,6534
IT,JE,DIESEL                   ,Other,2017,2285
IT,JE,DIESEL/ELECTRIC,PHEV,2020,634
IT,JE,DIESEL/ELECTRIC,PHEV,2021,2654
IT,JE,DIESEL/ELECTRIC,PHEV,2022,2880
IT,JE,DIESEL/ELECTRIC,PHEV,2023,1259
IT,JE,ELECTRIC,BEV,2016,23
IT,JE,ELECTRIC,BEV,2018,201
IT,JE,ELECTRIC,BEV,2019,249
IT,JE,ELECTRIC,BEV,2020,229
IT,JE,ELECTRIC,BEV,2021,167
IT,JE,ELECTRIC,BEV,2022,461
IT,JE,ELECTRIC,BEV,2023,1062
IT,JE,ELECTRIC,Other,2010,877
IT,JE,ELECTRIC,Other,2011,662
IT,JE,ELECTRIC                 ,BEV,2017,216
IT,JE,PETROL,HEV,2019,549
IT,JE,PETROL,HEV,2020,700
IT,JE,PETROL,HEV,2021,1240
IT,JE,PETROL,HEV,2022,1207
IT,JE,PETROL,HEV,2023,1262
IT,JE,PETROL,Petrol,2010,756
IT,JE,PETROL,Petrol,2011,467
IT,JE,PETROL,Petrol,2012,500
IT,JE,PETROL,Petrol,2013,71
IT,JE,PETROL,Petrol,2014,104
IT,JE,PETROL,Petrol,2015,201
IT,JE,PETROL,Petrol,2016,259
IT,JE,PETROL,Petrol,2017,747
IT,JE,PETROL,Petrol,2018,1395
IT,JE,PETROL,Petrol,2019,1323
IT,JE,PETROL,Petrol,2020,684
IT,JE,PETROL,Petrol,2021,739
IT,JE,PETROL,Petrol,2022,667
IT,JE,PETROL,Petrol,2023,713
IT,JE,PETROL ,Other,2012,58
IT,JE,PETROL                   ,Other,2017,53
IT,JE,PETROL-ELECTRIC,Other,2012,2
IT,JE,PETROL-ELECTRIC,Other,2013,245
IT,JE,PETROL-ELECTRIC,Other,2014,176
IT,JE,PETROL-ELECTRIC,Other,2015,148
IT,JE,PETROL-ELECTRIC,Other,2016,129
IT,JE,PETROL/ELECTRIC,Other,2017,158
IT,JE,PETROL/ELECTRIC,Other,2018,268
IT,JE,PETROL/ELECTRIC,PHEV,2019,570
IT,JE,PETROL/ELECTRIC,PHEV,2020,996
IT,JE,PETROL/ELECTRIC,PHEV,2021,1767
IT,JE,PETROL/ELECTRIC,PHEV,2022,1459
IT,JE,PETROL/ELECTRIC,PHEV,2023,1715
IT,JF,DIESEL,Diesel,2010,8142
IT,JF,DIESEL,Diesel,2011,8462
IT,JF,DIESEL,Diesel,2012,11633
IT,JF,DIESEL,Diesel,2013,12088
IT,JF,DIESEL,Diesel,2014,12532
IT,JF,DIESEL,Diesel,2015,11222
IT,JF,DIESEL,Diesel,2016,13369
IT,JF,DIESEL,Diesel,2017,852
IT,JF,DIESEL,Diesel,2018,13850
IT,JF,DIESEL,Diesel,2019,8404
IT,JF,DIESEL,Diesel,2020,4305
IT,JF,DIESEL,Diesel,2021,7102
IT,JF,DIESEL,Diesel,2022,469
IT,JF,DIESEL,Diesel,2023,320
IT,JF,DIESEL,HEV,2019,4513
IT,JF,DIESEL,HEV,2020,4149
IT,JF,DIESEL,HEV,2021,183
IT,JF,DIESEL,HEV,2022,4119
IT,JF,DIESEL,HEV,2023,5328
IT,JF,DIESEL                   ,Other,2017,13693
IT,JF,DIESEL-ELECTRIC,Other,2014,4
IT,JF,DIESEL-ELECTRIC,Other,2015,105
IT,JF,DIESEL/ELECTRIC,Other,2017,11
IT,JF,ELECTRIC,BEV,2020,357
IT,JF,ELECTRIC,BEV,2021,474
IT,JF,ELECTRIC,BEV,2022,523
IT,JF,ELECTRIC,BEV,2023,132
IT,JF,PETROL,HEV,2019,653
IT,JF,PETROL,HEV,2020,427
IT,JF,PETROL,HEV,2021,195
IT,JF,PETROL,HEV,2022,993
IT,JF,PETROL,HEV,2023,517
IT,JF,PETROL,Petrol,2010,125
IT,JF,PETROL,Petrol,2011,147
IT,JF,PETROL,Petrol,2012,512
IT,JF,PETROL,Petrol,2013,201
IT,JF,PETROL,Petrol,2014,173
IT,JF,PETROL,Petrol,2015,109
IT,JF,PETROL,Petrol,2016,252
IT,JF,PETROL,Petrol,2017,13
IT,JF,PETROL,Petrol,2018,767
IT,JF,PETROL,Petrol,2019,935
IT,JF,PETROL,Petrol,2020,628
IT,JF,PETROL,Petrol,2021,1578
IT,JF,PETROL,Petrol,2022,459
IT,JF,PETROL,Petrol,2023,580
IT,JF,PETROL                   ,Other,2017,396
IT,JF,PETROL/ELECTRIC,Other,2018,134
IT,JF,PETROL/ELECTRIC,PHEV,2019,437
IT,JF,PETROL/ELECTRIC,PHEV,2020,298
IT,JF,PETROL/ELECTRIC,PHEV,2021,703
IT,JF,PETROL/ELECTRIC,PHEV,2022,791
IT,JF,PETROL/ELECTRIC,PHEV,2023,1257
IT,JF,UNKNOWN,Other,2022,3
IT,V,DIESEL,Diesel,2010,15803
IT,V,DIESEL,Diesel,2011,17385
IT,V,DIESEL,Diesel,2012,9696
IT,V,DIESEL,Diesel,2013,7939
IT,V,DIESEL,Diesel,2014,9722
IT,V,DIESEL,Diesel,2015,11916
IT,V,DIESEL,Diesel,2016,17420
IT,V,DIESEL,Diesel,2017,16888
IT,V,DIESEL,Diesel,2018,19049
IT,V,DIESEL,Diesel,2019,16962
IT,V,DIESEL,Diesel,2020,10820
IT,V,DIESEL,Diesel,2021,9380
IT,V,DIESEL,Diesel,2022,7107
IT,V,DIESEL,Diesel,2023,8617
IT,V,DIESEL,HEV,2019,133
IT,V,DIESEL,HEV,2020,258
IT,V,DIESEL,HEV,2021,352
IT,V,DIESEL,HEV,2022,253
IT,V,DIESEL,HEV,2023,256
IT,V,DIESEL                   ,Other,2017,4146
IT,V,ELECTRIC,BEV,2020,70
IT,V,ELECTRIC,BEV,2021,200
IT,V,ELECTRIC,BEV,2022,544
IT,V,ELECTRIC,BEV,2023,963
IT,V,ELECTRIC,Other,2010,12
IT,V,ELECTRIC,Other,2011,2
IT,V,ELECTRIC,Other,2012,1
IT,V,LPG,Other,2011,3
IT,V,LPG,Other,2012,36
IT,V,LPG,Other,2013,14
IT,V,LPG,Other,2014,18
IT,V,LPG,Other,2015,7
IT,V,LPG,Other,2016,1
IT,V,LPG                      ,Other,2017,1
IT,V,NG,Other,2018,1247
IT,V,NG,Other,2019,1283
IT,V,NG,Other,2020,693
IT,V,NG,Other,2021,118
IT,V,NG-BIOMETHANE,Other,2010,566
IT,V,NG-BIOMETHANE,Other,2011,1158
IT,V,NG-BIOMETHANE,Other,2012,631
IT,V,NG-BIOMETHANE,Other,2013,538
IT,V,NG-BIOMETHANE,Other,2014,1206
IT,V,NG-BIOMETHANE,Other,2015,1581
IT,V,NG-BIOMETHANE,Other,2016,1248
IT,V,NG-BIOMETHANE,Other,2017,1121
IT,V,NG-BIOMETHANE,Other,2019,559
IT,V,NG-BIOMETHANE,Other,2020,39
IT,V,NG-BIOMETHANE            ,Other,2017,58
IT,V,PETROL,HEV,2021,21
IT,V,PETROL,HEV,2022,34
IT,V,PETROL,HEV,2023,4
IT,V,PETROL,Petrol,2010,680
IT,V,PETROL,Petrol,2011,525
IT,V,PETROL,Petrol,2012,54
IT,V,PETROL,Petrol,2013,52
IT,V,PETROL,Petrol,2014,192
IT,V,PETROL,Petrol,2015,461
IT,V,PETROL,Petrol,2016,416
IT,V,PETROL,Petrol,2017,481
IT,V,PETROL,Petrol,2018,477
IT,V,PETROL,Petrol,2019,1253
IT,V,PETROL,Petrol,2020,486
IT,V,PETROL,Petrol,2021,782
IT,V,PETROL,Petrol,2022,1025
IT,V,PETROL,Petrol,2023,1016
IT,V,PETROL                   ,Other,2017,37
IT,V,PETROL/ELECTRIC,PHEV,2020,1
IT,V,PETROL/ELECTRIC,PHEV,2021,6
IT,V,PETROL/ELECTRIC,PHEV,2022,170
IT,V,PETROL/ELECTRIC,PHEV,2023,191
LT,,DIESEL,Diesel,2010,26
LT,,DIESEL,Diesel,2011,819
LT,,DIESEL,Diesel,2012,686
LT,,DIESEL,Diesel,2013,426
LT,,DIESEL,Diesel,2014,388
LT,,DIESEL,Diesel,2015,378
LT,,DIESEL,Diesel,2016,310
LT,,DIESEL,Diesel,2017,296
LT,,DIESEL,Diesel,2018,271
LT,,DIESEL,Diesel,2019,267
LT,,DIESEL,Diesel,2020,586
LT,,DIESEL,Diesel,2021,59
LT,,DIESEL,Diesel,2022,17
LT,,DIESEL,Diesel,2023,39
LT,,E85,Other,2012,1
LT,,ELECTRIC,BEV,2014,2
LT,,ELECTRIC,BEV,2017,2
LT,,ELECTRIC,BEV,2020,13
LT,,ELECTRIC,BEV,2021,3
LT,,ELECTRIC,BEV,2022,29
LT,,ELECTRIC,BEV,2023,46
LT,,LPG,Other,2014,2
LT,,LPG,Other,2015,3
LT,,LPG,Other,2018,1
LT,,LPG,Other,2019,2
LT,,NG-BIOMETHANE,Other,2012,1
LT,,PETROL,HEV,2019,2
LT,,PETROL,HEV,2020,3
LT,,PETROL,HEV,2021,18
LT,,PETROL,HEV,2022,70
LT,,PETROL,HEV,2023,122
LT,,PETROL,Petrol,2010,43
LT,,PETROL,Petrol,2011,422
LT,,PETROL,Petrol,2012,268
LT,,PETROL,Petrol,2013,210
LT,,PETROL,Petrol,2014,218
LT,,PETROL,Petrol,2015,270
LT,,PETROL,Petrol,2016,343
LT,,PETROL,Petrol,2017,177
LT,,PETROL,Petrol,2018,218
LT,,PETROL,Petrol,2019,193
LT,,PETROL,Petrol,2020,166
LT,,PETROL,Petrol,2021,118
LT,,PETROL,Petrol,2022,35
LT,,PETROL,Petrol,2023,19
LT,,PETROL ,Other,2017,67
LT,,PETROL/ELECTRIC,PHEV,2020,3
LT,,PETROL/ELECTRIC,PHEV,2021,5
LT,,PETROL/ELECTRIC,PHEV,2022,9
LT,,PETROL/ELECTRIC,PHEV,2023,22
LT,A,DIESEL,Diesel,2011,66
LT,A,DIESEL,Diesel,2012,90
LT,A,DIESEL,Diesel,2013,263
LT,A,DIESEL,Diesel,2014,189
LT,A,DIESEL,Diesel,2015,231
LT,A,DIESEL,Diesel,2016,412
LT,A,DIESEL,Diesel,2017,524
LT,A,DIESEL,Diesel,2018,121
LT,A,DIESEL,Diesel,2019,107
LT,A,DIESEL,Diesel,2020,11
LT,A,ELECTRIC,BEV,2015,2
LT,A,ELECTRIC,BEV,2016,21
LT,A,ELECTRIC,BEV,2017,4
LT,A,ELECTRIC,BEV,2018,28
LT,A,ELECTRIC,BEV,2019,13
LT,A,ELECTRIC,BEV,2020,203
LT,A,ELECTRIC,BEV,2021,350
LT,A,ELECTRIC,BEV,2022,119
LT,A,ELECTRIC,BEV,2023,98
LT,A,LPG,Other,2012,1
LT,A,LPG,Other,2013,1
LT,A,LPG,Other,2014,2
LT,A,LPG,Other,2018,9
LT,A,PETROL,HEV,2020,4349
LT,A,PETROL,HEV,2021,4597
LT,A,PETROL,HEV,2022,60
LT,A,PETROL,HEV,2023,35
LT,A,PETROL,Petrol,2011,795
LT,A,PETROL,Petrol,2012,863
LT,A,PETROL,Petrol,2013,971
LT,A,PETROL,Petrol,2014,1805
LT,A,PETROL,Petrol,2015,2579
LT,A,PETROL,Petrol,2016,3016
LT,A,PETROL,Petrol,2017,4394
LT,A,PETROL,Petrol,2018,7370
LT,A,PETROL,Petrol,2019,13211
LT,A,PETROL,Petrol,2020,8007
LT,A,PETROL,Petrol,2021,1557
LT,A,PETROL,Petrol,2022,88
LT,A,PETROL,Petrol,2023,82
LT,A,PETROL/ELECTRIC,Other,2017,1
LT,B,DIESEL,Diesel,2010,65
LT,B,DIESEL,Diesel,2011,727
LT,B,DIESEL,Diesel,2012,638
LT,B,DIESEL,Diesel,2013,558
LT,B,DIESEL,Diesel,2014,387
LT,B,DIESEL,Diesel,2015,458
LT,B,DIESEL,Diesel,2016,506
LT,B,DIESEL,Diesel,2017,349
LT,B,DIESEL,Diesel,2018,302
LT,B,DIESEL,Diesel,2019,246
LT,B,DIESEL,Diesel,2020,143
LT,B,DIESEL,Diesel,2021,32
LT,B,DIESEL,Diesel,2022,26
LT,B,DIESEL,Diesel,2023,1
LT,B,DIESEL,HEV,2020,4
LT,B,DIESEL,HEV,2021,12
LT,B,DIESEL,HEV,2022,18
LT,B,DIESEL,HEV,2023,14
LT,B,ELECTRIC,BEV,2015,4
LT,B,ELECTRIC,BEV,2016,13
LT,B,ELECTRIC,BEV,2017,4
LT,B,ELECTRIC,BEV,2018,7
LT,B,ELECTRIC,BEV,2019,2
LT,B,ELECTRIC,BEV,2020,20
LT,B,ELECTRIC,BEV,2021,74
LT,B,ELECTRIC,BEV,2022,63
LT,B,ELECTRIC,BEV,2023,64
LT,B,LPG,Other,2012,2
LT,B,LPG,Other,2013,13
LT,B,LPG,Other,2014,2
LT,B,LPG,Other,2015,2
LT,B,LPG,Other,2016,8
LT,B,LPG,Other,2017,4
LT,B,LPG,Other,2019,1
LT,B,LPG,Other,2020,13
LT,B,LPG,Other,2021,126
LT,B,LPG,Other,2022,164
LT,B,LPG,Other,2023,120
LT,B,PETROL,HEV,2019,256
LT,B,PETROL,HEV,2020,239
LT,B,PETROL,HEV,2021,307
LT,B,PETROL,HEV,2022,344
LT,B,PETROL,HEV,2023,325
LT,B,PETROL,Petrol,2010,24
LT,B,PETROL,Petrol,2011,509
LT,B,PETROL,Petrol,2012,606
LT,B,PETROL,Petrol,2013,574
LT,B,PETROL,Petrol,2014,861
LT,B,PETROL,Petrol,2015,855
LT,B,PETROL,Petrol,2016,1196
LT,B,PETROL,Petrol,2017,1391
LT,B,PETROL,Petrol,2018,1759
LT,B,PETROL,Petrol,2019,1988
LT,B,PETROL,Petrol,2020,1284
LT,B,PETROL,Petrol,2021,1080
LT,B,PETROL,Petrol,2022,1045
LT,B,PETROL,Petrol,2023,1002
LT,B,PETROL ,Other,2017,21
LT,B,PETROL-ELECTRIC,Other,2016,1
LT,B,PETROL/ELECTRIC,Other,2017,3
LT,B,PETROL/ELECTRIC,PHEV,2019,3
LT,B,PETROL/ELECTRIC,PHEV,2020,1
LT,B,PETROL/ELECTRIC,PHEV,2021,1
LT,B,PETROL/ELECTRIC,PHEV,2022,3
LT,B,PETROL/ELECTRIC,PHEV,2023,3
LT,C,DIESEL,Diesel,2010,598
LT,C,DIESEL,Diesel,2011,2502
LT,C,DIESEL,Diesel,2012,2143
LT,C,DIESEL,Diesel,2013,1937
LT,C,DIESEL,Diesel,2014,2181
LT,C,DIESEL,Diesel,2015,2342
LT,C,DIESEL,Diesel,2016,2119
LT,C,DIESEL,Diesel,2017,2327
LT,C,DIESEL,Diesel,2018,1568
LT,C,DIESEL,Diesel,2019,1469
LT,C,DIESEL,Diesel,2020,1004
LT,C,DIESEL,Diesel,2021,875
LT,C,DIESEL,Diesel,2022,308
LT,C,DIESEL,Diesel,2023,616
LT,C,DIESEL,HEV,2020,15
LT,C,DIESEL,HEV,2021,72
LT,C,DIESEL,HEV,2022,75
LT,C,DIESEL,HEV,2023,59
LT,C,DIESEL/ELECTRIC,PHEV,2020,2
LT,C,DIESEL/ELECTRIC,PHEV,2021,1
LT,C,DIESEL/ELECTRIC,PHEV,2022,1
LT,C,DIESEL/ELECTRIC,PHEV,2023,1
LT,C,E85,Other,2010,4
LT,C,E85,Other,2011,18
LT,C,E85,Other,2012,4
LT,C,E85,Other,2013,1
LT,C,ELECTRIC,BEV,2014,1
LT,C,ELECTRIC,BEV,2015,8
LT,C,ELECTRIC,BEV,2016,22
LT,C,ELECTRIC,BEV,2017,15
LT,C,ELECTRIC,BEV,2018,84
LT,C,ELECTRIC,BEV,2019,50
LT,C,ELECTRIC,BEV,2020,86
LT,C,ELECTRIC,BEV,2021,294
LT,C,ELECTRIC,BEV,2022,403
LT,C,ELECTRIC,BEV,2023,542
LT,C,ELECTRIC,Other,2013,2
LT,C,ELECTRIC,Other,2015,9
LT,C,LPG,Other,2012,10
LT,C,LPG,Other,2013,3
LT,C,LPG,Other,2014,4
LT,C,LPG,Other,2015,2
LT,C,LPG,Other,2016,10
LT,C,LPG,Other,2017,4
LT,C,LPG,Other,2018,2
LT,C,LPG,Other,2020,1
LT,C,LPG,Other,2021,8
LT,C,LPG,Other,2022,74
LT,C,LPG,Other,2023,186
LT,C,PETROL,HEV,2019,689
LT,C,PETROL,HEV,2020,1054
LT,C,PETROL,HEV,2021,1870
LT,C,PETROL,HEV,2022,1441
LT,C,PETROL,HEV,2023,2625
LT,C,PETROL,Other,2012,1
LT,C,PETROL,Petrol,2010,74
LT,C,PETROL,Petrol,2011,1110
LT,C,PETROL,Petrol,2012,1128
LT,C,PETROL,Petrol,2013,1243
LT,C,PETROL,Petrol,2014,1526
LT,C,PETROL,Petrol,2015,1749
LT,C,PETROL,Petrol,2016,2719
LT,C,PETROL,Petrol,2017,4005
LT,C,PETROL,Petrol,2018,6207
LT,C,PETROL,Petrol,2019,8448
LT,C,PETROL,Petrol,2020,6693
LT,C,PETROL,Petrol,2021,2131
LT,C,PETROL,Petrol,2022,1754
LT,C,PETROL,Petrol,2023,2103
LT,C,PETROL ,Other,2017,81
LT,C,PETROL-ELECTRIC,Other,2014,4
LT,C,PETROL-ELECTRIC,Other,2015,7
LT,C,PETROL-ELECTRIC,Other,2016,5
LT,C,PETROL/ELECTRIC,Other,2017,4
LT,C,PETROL/ELECTRIC,Other,2018,5
LT,C,PETROL/ELECTRIC,PHEV,2019,5
LT,C,PETROL/ELECTRIC,PHEV,2020,23
LT,C,PETROL/ELECTRIC,PHEV,2021,54
LT,C,PETROL/ELECTRIC,PHEV,2022,68
LT,C,PETROL/ELECTRIC,PHEV,2023,79
LT,D,DIESEL,Diesel,2010,17
LT,D,DIESEL,Diesel,2011,1074
LT,D,DIESEL,Diesel,2012,940
LT,D,DIESEL,Diesel,2013,745
LT,D,DIESEL,Diesel,2014,783
LT,D,DIESEL,Diesel,2015,971
LT,D,DIESEL,Diesel,2016,944
LT,D,DIESEL,Diesel,2017,977
LT,D,DIESEL,Diesel,2018,877
LT,D,DIESEL,Diesel,2019,732
LT,D,DIESEL,Diesel,2020,383
LT,D,DIESEL,Diesel,2021,314
LT,D,DIESEL,Diesel,2022,219
LT,D,DIESEL,Diesel,2023,211
LT,D,DIESEL,HEV,2019,4
LT,D,DIESEL,HEV,2020,14
LT,D,DIESEL,HEV,2021,47
LT,D,DIESEL,HEV,2022,38
LT,D,DIESEL,HEV,2023,48
LT,D,DIESEL-ELECTRIC,Other,2014,1
LT,D,ELECTRIC,BEV,2019,6
LT,D,ELECTRIC,BEV,2020,18
LT,D,ELECTRIC,BEV,2021,23
LT,D,ELECTRIC,BEV,2022,13
LT,D,ELECTRIC,BEV,2023,47
LT,D,LPG,Other,2014,1
LT,D,LPG,Other,2017,1
LT,D,PETROL,HEV,2019,59
LT,D,PETROL,HEV,2020,62
LT,D,PETROL,HEV,2021,123
LT,D,PETROL,HEV,2022,87
LT,D,PETROL,HEV,2023,184
LT,D,PETROL,Petrol,2010,32
LT,D,PETROL,Petrol,2011,533
LT,D,PETROL,Petrol,2012,658
LT,D,PETROL,Petrol,2013,475
LT,D,PETROL,Petrol,2014,496
LT,D,PETROL,Petrol,2015,757
LT,D,PETROL,Petrol,2016,1087
LT,D,PETROL,Petrol,2017,1420
LT,D,PETROL,Petrol,2018,1498
LT,D,PETROL,Petrol,2019,1053
LT,D,PETROL,Petrol,2020,662
LT,D,PETROL,Petrol,2021,668
LT,D,PETROL,Petrol,2022,693
LT,D,PETROL,Petrol,2023,756
LT,D,PETROL ,Other,2017,14
LT,D,PETROL-ELECTRIC,Other,2016,6
LT,D,PETROL/ELECTRIC,Other,2017,6
LT,D,PETROL/ELECTRIC,Other,2018,2
LT,D,PETROL/ELECTRIC,PHEV,2020,51
LT,D,PETROL/ELECTRIC,PHEV,2021,30
LT,D,PETROL/ELECTRIC,PHEV,2022,30
LT,D,PETROL/ELECTRIC,PHEV,2023,40
LT,E,DIESEL,Diesel,2010,4
LT,E,DIESEL,Diesel,2011,94
LT,E,DIESEL,Diesel,2012,115
LT,E,DIESEL,Diesel,2013,270
LT,E,DIESEL,Diesel,2014,136
LT,E,DIESEL,Diesel,2015,141
LT,E,DIESEL,Diesel,2016,147
LT,E,DIESEL,Diesel,2017,192
LT,E,DIESEL,Diesel,2018,137
LT,E,DIESEL,Diesel,2019,104
LT,E,DIESEL,Diesel,2020,44
LT,E,DIESEL,Diesel,2021,49
LT,E,DIESEL,Diesel,2022,28
LT,E,DIESEL,Diesel,2023,26
LT,E,DIESEL,HEV,2019,40
LT,E,DIESEL,HEV,2020,44
LT,E,DIESEL,HEV,2021,31
LT,E,DIESEL,HEV,2022,72
LT,E,DIESEL,HEV,2023,140
LT,E,ELECTRIC,BEV,2021,24
LT,E,ELECTRIC,BEV,2022,38
LT,E,ELECTRIC,BEV,2023,32
LT,E,PETROL,HEV,2019,325
LT,E,PETROL,HEV,2020,263
LT,E,PETROL,HEV,2021,314
LT,E,PETROL,HEV,2022,237
LT,E,PETROL,HEV,2023,308
LT,E,PETROL,Petrol,2010,1
LT,E,PETROL,Petrol,2011,36
LT,E,PETROL,Petrol,2012,17
LT,E,PETROL,Petrol,2013,77
LT,E,PETROL,Petrol,2014,68
LT,E,PETROL,Petrol,2015,54
LT,E,PETROL,Petrol,2016,70
LT,E,PETROL,Petrol,2017,142
LT,E,PETROL,Petrol,2018,220
LT,E,PETROL,Petrol,2019,149
LT,E,PETROL,Petrol,2020,92
LT,E,PETROL,Petrol,2021,105
LT,E,PETROL,Petrol,2022,125
LT,E,PETROL,Petrol,2023,129
LT,E,PETROL ,Other,2017,14
LT,E,PETROL-ELECTRIC,Other,2015,1
LT,E,PETROL/ELECTRIC,Other,2017,2
LT,E,PETROL/ELECTRIC,Other,2018,16
LT,E,PETROL/ELECTRIC,PHEV,2019,8
LT,E,PETROL/ELECTRIC,PHEV,2020,10
LT,E,PETROL/ELECTRIC,PHEV,2021,21
LT,E,PETROL/ELECTRIC,PHEV,2022,17
LT,E,PETROL/ELECTRIC,PHEV,2023,30
LT,F,DIESEL,Diesel,2011,31
LT,F,DIESEL,Diesel,2012,34
LT,F,DIESEL,Diesel,2013,30
LT,F,DIESEL,Diesel,2014,20
LT,F,DIESEL,Diesel,2015,25
LT,F,DIESEL,Diesel,2016,31
LT,F,DIESEL,Diesel,2017,18
LT,F,DIESEL,Diesel,2018,22
LT,F,DIESEL,Diesel,2019,2
LT,F,DIESEL,Diesel,2020,11
LT,F,DIESEL,Diesel,2021,10
LT,F,DIESEL,Diesel,2022,11
LT,F,DIESEL,Diesel,2023,6
LT,F,DIESEL,HEV,2019,10
LT,F,DIESEL,HEV,2020,3
LT,F,DIESEL,HEV,2022,4
LT,F,DIESEL,HEV,2023,21
LT,F,E85,Other,2012,4
LT,F,ELECTRIC,BEV,2014,1
LT,F,ELECTRIC,BEV,2015,3
LT,F,ELECTRIC,BEV,2016,6
LT,F,ELECTRIC,BEV,2017,3
LT,F,ELECTRIC,BEV,2018,1
LT,F,ELECTRIC,BEV,2019,5
LT,F,ELECTRIC,BEV,2020,33
LT,F,ELECTRIC,BEV,2021,50
LT,F,ELECTRIC,BEV,2022,78
LT,F,ELECTRIC,BEV,2023,119
LT,F,PETROL,HEV,2019,16
LT,F,PETROL,HEV,2020,5
LT,F,PETROL,HEV,2021,6
LT,F,PETROL,HEV,2022,5
LT,F,PETROL,HEV,2023,22
LT,F,PETROL,Petrol,2011,32
LT,F,PETROL,Petrol,2012,18
LT,F,PETROL,Petrol,2013,35
LT,F,PETROL,Petrol,2014,42
LT,F,PETROL,Petrol,2015,45
LT,F,PETROL,Petrol,2016,55
LT,F,PETROL,Petrol,2017,63
LT,F,PETROL,Petrol,2018,94
LT,F,PETROL,Petrol,2019,118
LT,F,PETROL,Petrol,2020,98
LT,F,PETROL,Petrol,2021,494
LT,F,PETROL,Petrol,2022,744
LT,F,PETROL,Petrol,2023,274
LT,F,PETROL-ELECTRIC,Other,2014,4
LT,F,PETROL-ELECTRIC,Other,2015,4
LT,F,PETROL-ELECTRIC,Other,2016,1
LT,F,PETROL/ELECTRIC,PHEV,2022,2
LT,F,PETROL/ELECTRIC,PHEV,2023,7
LT,JA,DIESEL,Diesel,2011,89
LT,JA,DIESEL,Diesel,2012,70
LT,JA,DIESEL,Diesel,2013,58
LT,JA,DIESEL,Diesel,2014,39
LT,JA,DIESEL,Diesel,2015,97
LT,JA,DIESEL,Diesel,2016,149
LT,JA,DIESEL,Diesel,2017,164
LT,JA,DIESEL,Diesel,2018,89
LT,JA,DIESEL,Diesel,2019,129
LT,JA,DIESEL,Diesel,2020,180
LT,JA,DIESEL,Diesel,2021,76
LT,JA,DIESEL,Diesel,2022,12
LT,JA,DIESEL,Diesel,2023,12
LT,JA,ELECTRIC,BEV,2022,1
LT,JA,ELECTRIC,BEV,2023,14
LT,JA,PETROL,HEV,2019,30
LT,JA,PETROL,HEV,2020,62
LT,JA,PETROL,HEV,2021,104
LT,JA,PETROL,HEV,2022,81
LT,JA,PETROL,HEV,2023,79
LT,JA,PETROL,Petrol,2012,4
LT,JA,PETROL,Petrol,2013,2
LT,JA,PETROL,Petrol,2015,3
LT,JA,PETROL,Petrol,2016,18
LT,JA,PETROL,Petrol,2017,38
LT,JA,PETROL,Petrol,2018,65
LT,JA,PETROL,Petrol,2019,138
LT,JA,PETROL,Petrol,2020,266
LT,JA,PETROL,Petrol,2021,322
LT,JA,PETROL,Petrol,2022,289
LT,JA,PETROL,Petrol,2023,759
LT,JB,DIESEL,Diesel,2010,31
LT,JB,DIESEL,Diesel,2011,388
LT,JB,DIESEL,Diesel,2012,164
LT,JB,DIESEL,Diesel,2013,278
LT,JB,DIESEL,Diesel,2014,419
LT,JB,DIESEL,Diesel,2015,337
LT,JB,DIESEL,Diesel,2016,386
LT,JB,DIESEL,Diesel,2017,274
LT,JB,DIESEL,Diesel,2018,425
LT,JB,DIESEL,Diesel,2019,1073
LT,JB,DIESEL,Diesel,2020,2034
LT,JB,DIESEL,Diesel,2021,592
LT,JB,DIESEL,Diesel,2022,312
LT,JB,DIESEL,Diesel,2023,334
LT,JB,E85,Other,2011,10
LT,JB,E85,Other,2012,3
LT,JB,ELECTRIC,BEV,2017,3
LT,JB,ELECTRIC,BEV,2018,6
LT,JB,ELECTRIC,BEV,2019,64
LT,JB,ELECTRIC,BEV,2020,53
LT,JB,ELECTRIC,BEV,2021,147
LT,JB,ELECTRIC,BEV,2022,156
LT,JB,ELECTRIC,BEV,2023,144
LT,JB,LPG,Other,2012,6
LT,JB,LPG,Other,2013,6
LT,JB,LPG,Other,2014,4
LT,JB,LPG,Other,2015,6
LT,JB,LPG,Other,2017,2
LT,JB,LPG,Other,2018,1
LT,JB,LPG,Other,2019,7
LT,JB,LPG,Other,2020,67
LT,JB,LPG,Other,2021,174
LT,JB,LPG,Other,2022,130
LT,JB,LPG,Other,2023,146
LT,JB,PETROL,HEV,2019,66
LT,JB,PETROL,HEV,2020,155
LT,JB,PETROL,HEV,2021,449
LT,JB,PETROL,HEV,2022,1169
LT,JB,PETROL,HEV,2023,1340
LT,JB,PETROL,Petrol,2010,57
LT,JB,PETROL,Petrol,2011,252
LT,JB,PETROL,Petrol,2012,229
LT,JB,PETROL,Petrol,2013,356
LT,JB,PETROL,Petrol,2014,429
LT,JB,PETROL,Petrol,2015,535
LT,JB,PETROL,Petrol,2016,986
LT,JB,PETROL,Petrol,2017,1126
LT,JB,PETROL,Petrol,2018,1541
LT,JB,PETROL,Petrol,2019,3550
LT,JB,PETROL,Petrol,2020,3652
LT,JB,PETROL,Petrol,2021,2718
LT,JB,PETROL,Petrol,2022,2878
LT,JB,PETROL,Petrol,2023,2105
LT,JB,PETROL/ELECTRIC,Other,2018,6
LT,JB,PETROL/ELECTRIC,PHEV,2019,8
LT,JB,PETROL/ELECTRIC,PHEV,2020,14
LT,JB,PETROL/ELECTRIC,PHEV,2021,16
LT,JB,PETROL/ELECTRIC,PHEV,2022,27
LT,JB,PETROL/ELECTRIC,PHEV,2023,8
LT,JC,DIESEL,Diesel,2010,15
LT,JC,DIESEL,Diesel,2011,1224
LT,JC,DIESEL,Diesel,2012,1113
LT,JC,DIESEL,Diesel,2013,1048
LT,JC,DIESEL,Diesel,2014,1143
LT,JC,DIESEL,Diesel,2015,1393
LT,JC,DIESEL,Diesel,2016,1287
LT,JC,DIESEL,Diesel,2017,1533
LT,JC,DIESEL,Diesel,2018,1549
LT,JC,DIESEL,Diesel,2019,1765
LT,JC,DIESEL,Diesel,2020,903
LT,JC,DIESEL,Diesel,2021,501
LT,JC,DIESEL,Diesel,2022,426
LT,JC,DIESEL,Diesel,2023,387
LT,JC,DIESEL,HEV,2019,24
LT,JC,DIESEL,HEV,2020,33
LT,JC,DIESEL,HEV,2021,160
LT,JC,DIESEL,HEV,2022,82
LT,JC,DIESEL,HEV,2023,83
LT,JC,ELECTRIC,BEV,2018,3
LT,JC,ELECTRIC,BEV,2019,10
LT,JC,ELECTRIC,BEV,2020,22
LT,JC,ELECTRIC,BEV,2021,159
LT,JC,ELECTRIC,BEV,2022,332
LT,JC,ELECTRIC,BEV,2023,621
LT,JC,PETROL,HEV,2019,871
LT,JC,PETROL,HEV,2020,779
LT,JC,PETROL,HEV,2021,1620
LT,JC,PETROL,HEV,2022,2942
LT,JC,PETROL,HEV,2023,3184
LT,JC,PETROL,Petrol,2011,451
LT,JC,PETROL,Petrol,2012,587
LT,JC,PETROL,Petrol,2013,639
LT,JC,PETROL,Petrol,2014,779
LT,JC,PETROL,Petrol,2015,1061
LT,JC,PETROL,Petrol,2016,1474
LT,JC,PETROL,Petrol,2017,2441
LT,JC,PETROL,Petrol,2018,3500
LT,JC,PETROL,Petrol,2019,3243
LT,JC,PETROL,Petrol,2020,2206
LT,JC,PETROL,Petrol,2021,3041
LT,JC,PETROL,Petrol,2022,1972
LT,JC,PETROL,Petrol,2023,1532
LT,JC,PETROL ,Other,2017,5
LT,JC,PETROL/ELECTRIC,Other,2017,2
LT,JC,PETROL/ELECTRIC,Other,2018,4
LT,JC,PETROL/ELECTRIC,PHEV,2019,3
LT,JC,PETROL/ELECTRIC,PHEV,2020,33
LT,JC,PETROL/ELECTRIC,PHEV,2021,157
LT,JC,PETROL/ELECTRIC,PHEV,2022,220
LT,JC,PETROL/ELECTRIC,PHEV,2023,249
LT,JD,DIESEL,Diesel,2011,352
LT,JD,DIESEL,Diesel,2012,334
LT,JD,DIESEL,Diesel,2013,439
LT,JD,DIESEL,Diesel,2014,641
LT,JD,DIESEL,Diesel,2015,739
LT,JD,DIESEL,Diesel,2016,673
LT,JD,DIESEL,Diesel,2017,625
LT,JD,DIESEL,Diesel,2018,533
LT,JD,DIESEL,Diesel,2019,402
LT,JD,DIESEL,Diesel,2020,238
LT,JD,DIESEL,Diesel,2021,154
LT,JD,DIESEL,Diesel,2022,50
LT,JD,DIESEL,Diesel,2023,83
LT,JD,DIESEL,HEV,2019,123
LT,JD,DIESEL,HEV,2020,178
LT,JD,DIESEL,HEV,2021,207
LT,JD,DIESEL,HEV,2022,235
LT,JD,DIESEL,HEV,2023,287
LT,JD,DIESEL/ELECTRIC,PHEV,2023,4
LT,JD,E85,HEV,2022,3
LT,JD,E85,Other,2014,1
LT,JD,ELECTRIC,BEV,2021,7
LT,JD,ELECTRIC,BEV,2022,12
LT,JD,ELECTRIC,BEV,2023,166
LT,JD,PETROL,HEV,2019,694
LT,JD,PETROL,HEV,2020,772
LT,JD,PETROL,HEV,2021,1182
LT,JD,PETROL,HEV,2022,1396
LT,JD,PETROL,HEV,2023,1232
LT,JD,PETROL,Petrol,2011,137
LT,JD,PETROL,Petrol,2012,221
LT,JD,PETROL,Petrol,2013,256
LT,JD,PETROL,Petrol,2014,350
LT,JD,PETROL,Petrol,2015,331
LT,JD,PETROL,Petrol,2016,637
LT,JD,PETROL,Petrol,2017,959
LT,JD,PETROL,Petrol,2018,1462
LT,JD,PETROL,Petrol,2019,2101
LT,JD,PETROL,Petrol,2020,952
LT,JD,PETROL,Petrol,2021,1200
LT,JD,PETROL,Petrol,2022,1169
LT,JD,PETROL,Petrol,2023,705
LT,JD,PETROL ,Other,2017,18
LT,JD,PETROL-ELECTRIC,Other,2015,3
LT,JD,PETROL-ELECTRIC,Other,2016,3
LT,JD,PETROL/ELECTRIC,Other,2017,2
LT,JD,PETROL/ELECTRIC,Other,2018,5
LT,JD,PETROL/ELECTRIC,PHEV,2019,1
LT,JD,PETROL/ELECTRIC,PHEV,2020,18
LT,JD,PETROL/ELECTRIC,PHEV,2021,54
LT,JD,PETROL/ELECTRIC,PHEV,2022,172
LT,JD,PETROL/ELECTRIC,PHEV,2023,358
LT,JE,DIESEL,Diesel,2011,46
LT,JE,DIESEL,Diesel,2012,69
LT,JE,DIESEL,Diesel,2013,78
LT,JE,DIESEL,Diesel,2014,147
LT,JE,DIESEL,Diesel,2015,223
LT,JE,DIESEL,Diesel,2016,220
LT,JE,DIESEL,Diesel,2017,313
LT,JE,DIESEL,Diesel,2018,175
LT,JE,DIESEL,Diesel,2019,139
LT,JE,DIESEL,Diesel,2020,127
LT,JE,DIESEL,Diesel,2021,64
LT,JE,DIESEL,Diesel,2022,39
LT,JE,DIESEL,Diesel,2023,27
LT,JE,DIESEL,HEV,2019,34
LT,JE,DIESEL,HEV,2020,29
LT,JE,DIESEL,HEV,2021,145
LT,JE,DIESEL,HEV,2022,201
LT,JE,DIESEL,HEV,2023,237
LT,JE,DIESEL/ELECTRIC,PHEV,2020,1
LT,JE,DIESEL/ELECTRIC,PHEV,2021,1
LT,JE,DIESEL/ELECTRIC,PHEV,2022,7
LT,JE,DIESEL/ELECTRIC,PHEV,2023,7
LT,JE,ELECTRIC,BEV,2016,1
LT,JE,ELECTRIC,BEV,2017,17
LT,JE,ELECTRIC,BEV,2018,12
LT,JE,ELECTRIC,BEV,2019,8
LT,JE,ELECTRIC,BEV,2021,2
LT,JE,ELECTRIC,BEV,2022,32
LT,JE,ELECTRIC,BEV,2023,96
LT,JE,PETROL,HEV,2019,77
LT,JE,PETROL,HEV,2020,99
LT,JE,PETROL,HEV,2021,321
LT,JE,PETROL,HEV,2022,353
LT,JE,PETROL,HEV,2023,267
LT,JE,PETROL,Petrol,2011,34
LT,JE,PETROL,Petrol,2012,59
LT,JE,PETROL,Petrol,2013,42
LT,JE,PETROL,Petrol,2014,51
LT,JE,PETROL,Petrol,2015,77
LT,JE,PETROL,Petrol,2016,97
LT,JE,PETROL,Petrol,2017,103
LT,JE,PETROL,Petrol,2018,157
LT,JE,PETROL,Petrol,2019,105
LT,JE,PETROL,Petrol,2020,120
LT,JE,PETROL,Petrol,2021,80
LT,JE,PETROL,Petrol,2022,98
LT,JE,PETROL,Petrol,2023,96
LT,JE,PETROL ,Other,2017,24
LT,JE,PETROL PHEV,Other,2015,2
LT,JE,PETROL-ELECTRIC,Other,2016,6
LT,JE,PETROL/ELECTRIC,Other,2017,1
LT,JE,PETROL/ELECTRIC,Other,2018,7
LT,JE,PETROL/ELECTRIC,PHEV,2019,12
LT,JE,PETROL/ELECTRIC,PHEV,2020,41
LT,JE,PETROL/ELECTRIC,PHEV,2021,48
LT,JE,PETROL/ELECTRIC,PHEV,2022,77
LT,JE,PETROL/ELECTRIC,PHEV,2023,182
LT,JF,DIESEL,Diesel,2011,124
LT,JF,DIESEL,Diesel,2012,222
LT,JF,DIESEL,Diesel,2013,193
LT,JF,DIESEL,Diesel,2014,279
LT,JF,DIESEL,Diesel,2015,228
LT,JF,DIESEL,Diesel,2016,190
LT,JF,DIESEL,Diesel,2017,185
LT,JF,DIESEL,Diesel,2018,259
LT,JF,DIESEL,Diesel,2019,115
LT,JF,DIESEL,Diesel,2020,202
LT,JF,DIESEL,Diesel,2021,115
LT,JF,DIESEL,Diesel,2022,102
LT,JF,DIESEL,Diesel,2023,84
LT,JF,DIESEL,HEV,2019,9
LT,JF,DIESEL,HEV,2020,15
LT,JF,DIESEL,HEV,2021,30
LT,JF,DIESEL,HEV,2022,48
LT,JF,DIESEL,HEV,2023,146
LT,JF,ELECTRIC,BEV,2020,3
LT,JF,ELECTRIC,BEV,2021,14
LT,JF,ELECTRIC,BEV,2022,62
LT,JF,ELECTRIC,BEV,2023,33
LT,JF,PETROL,HEV,2019,5
LT,JF,PETROL,HEV,2020,19
LT,JF,PETROL,HEV,2021,19
LT,JF,PETROL,HEV,2022,108
LT,JF,PETROL,HEV,2023,53
LT,JF,PETROL,Petrol,2011,11
LT,JF,PETROL,Petrol,2012,10
LT,JF,PETROL,Petrol,2013,11
LT,JF,PETROL,Petrol,2014,10
LT,JF,PETROL,Petrol,2015,3
LT,JF,PETROL,Petrol,2016,29
LT,JF,PETROL,Petrol,2017,36
LT,JF,PETROL,Petrol,2018,35
LT,JF,PETROL,Petrol,2019,72
LT,JF,PETROL,Petrol,2020,29
LT,JF,PETROL,Petrol,2021,60
LT,JF,PETROL,Petrol,2022,55
LT,JF,PETROL,Petrol,2023,95
LT,JF,PETROL/ELECTRIC,PHEV,2019,19
LT,JF,PETROL/ELECTRIC,PHEV,2020,36
LT,JF,PETROL/ELECTRIC,PHEV,2021,10
LT,JF,PETROL/ELECTRIC,PHEV,2022,9
LT,JF,PETROL/ELECTRIC,PHEV,2023,49
LT,V,DIESEL,Diesel,2010,9
LT,V,DIESEL,Diesel,2011,399
LT,V,DIESEL,Diesel,2012,512
LT,V,DIESEL,Diesel,2013,464
LT,V,DIESEL,Diesel,2014,453
LT,V,DIESEL,Diesel,2015,614
LT,V,DIESEL,Diesel,2016,757
LT,V,DIESEL,Diesel,2017,1038
LT,V,DIESEL,Diesel,2018,1050
LT,V,DIESEL,Diesel,2019,1316
LT,V,DIESEL,Diesel,2020,887
LT,V,DIESEL,Diesel,2021,820
LT,V,DIESEL,Diesel,2022,849
LT,V,DIESEL,Diesel,2023,907
LT,V,DIESEL,HEV,2020,12
LT,V,DIESEL,HEV,2021,102
LT,V,DIESEL,HEV,2022,28
LT,V,ELECTRIC,BEV,2020,2
LT,V,ELECTRIC,BEV,2021,2
LT,V,ELECTRIC,BEV,2022,8
LT,V,ELECTRIC,BEV,2023,33
LT,V,LPG,Other,2014,14
LT,V,LPG,Other,2016,9
LT,V,PETROL,HEV,2021,2
LT,V,PETROL,HEV,2022,7
LT,V,PETROL,Petrol,2011,6
LT,V,PETROL,Petrol,2012,13
LT,V,PETROL,Petrol,2013,2
LT,V,PETROL,Petrol,2014,9
LT,V,PETROL,Petrol,2015,8
LT,V,PETROL,Petrol,2016,6
LT,V,PETROL,Petrol,2017,16
LT,V,PETROL,Petrol,2018,18
LT,V,PETROL,Petrol,2019,48
LT,V,PETROL,Petrol,2020,53
LT,V,PETROL,Petrol,2021,109
LT,V,PETROL,Petrol,2022,111
LT,V,PETROL,Petrol,2023,236
LT,V,PETROL/ELECTRIC,PHEV,2022,18
LT,V,PETROL/ELECTRIC,PHEV,2023,15
LU,,DIESEL,Diesel,2010,1607
LU,,DIESEL,Diesel,2011,1502
LU,,DIESEL,Diesel,2012,1245
LU,,DIESEL,Diesel,2013,1153
LU,,DIESEL,Diesel,2014,975
LU,,DIESEL,Diesel,2015,897
LU,,DIESEL,Diesel,2016,653
LU,,DIESEL,Diesel,2017,632
LU,,DIESEL,Diesel,2018,715
LU,,DIESEL,Diesel,2019,498
LU,,DIESEL,Diesel,2020,354
LU,,DIESEL,Diesel,2021,282
LU,,DIESEL,Diesel,2022,163
LU,,DIESEL,Diesel,2023,139
LU,,DIESEL,HEV,2019,35
LU,,DIESEL,HEV,2020,67
LU,,DIESEL,HEV,2022,97
LU,,DIESEL,HEV,2023,58
LU,,E85,HEV,2022,4
LU,,E85,HEV,2023,1
LU,,ELECTRIC,BEV,2014,48
LU,,ELECTRIC,BEV,2015,13
LU,,ELECTRIC,BEV,2016,3
LU,,ELECTRIC,BEV,2017,4
LU,,ELECTRIC,BEV,2018,3
LU,,ELECTRIC,BEV,2019,3
LU,,ELECTRIC,BEV,2020,39
LU,,ELECTRIC,BEV,2021,64
LU,,ELECTRIC,BEV,2022,89
LU,,ELECTRIC,BEV,2023,573
LU,,ELECTRIC,Other,2010,2
LU,,ELECTRIC,Other,2011,23
LU,,ELECTRIC,Other,2012,16
LU,,ELECTRIC,Other,2013,19
LU,,LPG,Other,2019,1
LU,,NG-BIOMETHANE,Other,2013,1
LU,,PETROL,HEV,2019,6
LU,,PETROL,HEV,2020,21
LU,,PETROL,HEV,2021,54
LU,,PETROL,HEV,2022,179
LU,,PETROL,HEV,2023,191
LU,,PETROL,Petrol,2010,436
LU,,PETROL,Petrol,2011,485
LU,,PETROL,Petrol,2012,370
LU,,PETROL,Petrol,2013,351
LU,,PETROL,Petrol,2014,344
LU,,PETROL,Petrol,2015,387
LU,,PETROL,Petrol,2016,435
LU,,PETROL,Petrol,2017,536
LU,,PETROL,Petrol,2018,523
LU,,PETROL,Petrol,2019,418
LU,,PETROL,Petrol,2020,291
LU,,PETROL,Petrol,2021,190
LU,,PETROL,Petrol,2022,146
LU,,PETROL,Petrol,2023,138
LU,,PETROL-ELECTRIC,Other,2012,27
LU,,PETROL-ELECTRIC,Other,2013,7
LU,,PETROL-ELECTRIC,Other,2014,5
LU,,PETROL-ELECTRIC,Other,2016,2
LU,,PETROL/ELECTRIC,Other,2017,16
LU,,PETROL/ELECTRIC,Other,2018,4
LU,,PETROL/ELECTRIC,PHEV,2019,8
LU,,PETROL/ELECTRIC,PHEV,2020,10
LU,,PETROL/ELECTRIC,PHEV,2021,104
LU,,PETROL/ELECTRIC,PHEV,2022,131
LU,,PETROL/ELECTRIC,PHEV,2023,307
LU,A,DIESEL,Diesel,2010,1171
LU,A,DIESEL,Diesel,2011,860
LU,A,DIESEL,Diesel,2012,735
LU,A,DIESEL,Diesel,2013,494
LU,A,DIESEL,Diesel,2014,436
LU,A,DIESEL,Diesel,2015,449
LU,A,DIESEL,Diesel,2016,463
LU,A,DIESEL,Diesel,2017,247
LU,A,DIESEL,Diesel,2018,311
LU,A,DIESEL,Diesel,2019,235
LU,A,DIESEL,Diesel,2020,125
LU,A,DIESEL,Diesel,2021,122
LU,A,DIESEL,Diesel,2022,37
LU,A,DIESEL,Diesel,2023,48
LU,A,ELECTRIC,BEV,2014,122
LU,A,ELECTRIC,BEV,2015,9
LU,A,ELECTRIC,BEV,2016,44
LU,A,ELECTRIC,BEV,2017,122
LU,A,ELECTRIC,BEV,2018,110
LU,A,ELECTRIC,BEV,2019,189
LU,A,ELECTRIC,BEV,2020,602
LU,A,ELECTRIC,BEV,2021,1213
LU,A,ELECTRIC,BEV,2022,1516
LU,A,ELECTRIC,BEV,2023,1498
LU,A,ELECTRIC,Other,2011,2
LU,A,ELECTRIC,Other,2012,17
LU,A,ELECTRIC,Other,2013,110
LU,A,NG,Other,2018,1
LU,A,NG-BIOMETHANE,Other,2010,6
LU,A,NG-BIOMETHANE,Other,2011,2
LU,A,NG-BIOMETHANE,Other,2012,2
LU,A,NG-BIOMETHANE,Other,2013,8
LU,A,NG-BIOMETHANE,Other,2014,19
LU,A,NG-BIOMETHANE,Other,2015,8
LU,A,NG-BIOMETHANE,Other,2016,3
LU,A,NG-BIOMETHANE,Other,2017,1
LU,A,NG-BIOMETHANE,Other,2019,1
LU,A,PETROL,HEV,2020,233
LU,A,PETROL,HEV,2021,407
LU,A,PETROL,HEV,2022,332
LU,A,PETROL,HEV,2023,433
LU,A,PETROL,Petrol,2010,2211
LU,A,PETROL,Petrol,2011,1628
LU,A,PETROL,Petrol,2012,1931
LU,A,PETROL,Petrol,2013,2422
LU,A,PETROL,Petrol,2014,2416
LU,A,PETROL,Petrol,2015,2217
LU,A,PETROL,Petrol,2016,2461
LU,A,PETROL,Petrol,2017,2519
LU,A,PETROL,Petrol,2018,2660
LU,A,PETROL,Petrol,2019,2989
LU,A,PETROL,Petrol,2020,1829
LU,A,PETROL,Petrol,2021,1197
LU,A,PETROL,Petrol,2022,922
LU,A,PETROL,Petrol,2023,967
LU,A,PETROL-ELECTRIC,Other,2012,2
LU,A,PETROL-ELECTRIC,Other,2014,1
LU,A,PETROL/ELECTRIC,HEV,2020,1
LU,A,PETROL/ELECTRIC,PHEV,2020,3
LU,A,PETROL/ELECTRIC,PHEV,2021,37
LU,A,PETROL/ELECTRIC,PHEV,2022,5
LU,A,PETROL/ELECTRIC,PHEV,2023,24
LU,B,DIESEL,Diesel,2010,8961
LU,B,DIESEL,Diesel,2011,8218
LU,B,DIESEL,Diesel,2012,7680
LU,B,DIESEL,Diesel,2013,6758
LU,B,DIESEL,Diesel,2014,6463
LU,B,DIESEL,Diesel,2015,6033
LU,B,DIESEL,Diesel,2016,5447
LU,B,DIESEL,Diesel,2017,4141
LU,B,DIESEL,Diesel,2018,3438
LU,B,DIESEL,Diesel,2019,2744
LU,B,DIESEL,Diesel,2020,1406
LU,B,DIESEL,Diesel,2021,1197
LU,B,DIESEL,Diesel,2022,1118
LU,B,DIESEL,Diesel,2023,651
LU,B,DIESEL,HEV,2020,57
LU,B,DIESEL,HEV,2021,127
LU,B,DIESEL,HEV,2022,207
LU,B,DIESEL,HEV,2023,175
LU,B,DIESEL/ELECTRIC,Other,2017,2
LU,B,E85,Other,2011,2
LU,B,E85,Other,2012,1
LU,B,ELECTRIC,BEV,2014,3
LU,B,ELECTRIC,BEV,2016,3
LU,B,ELECTRIC,BEV,2017,8
LU,B,ELECTRIC,BEV,2018,5
LU,B,ELECTRIC,BEV,2019,1
LU,B,ELECTRIC,BEV,2020,255
LU,B,ELECTRIC,BEV,2021,499
LU,B,ELECTRIC,BEV,2022,789
LU,B,ELECTRIC,BEV,2023,854
LU,B,ELECTRIC,Other,2011,18
LU,B,LPG,Other,2013,1
LU,B,LPG,Other,2020,3
LU,B,LPG,Other,2021,19
LU,B,LPG,Other,2022,17
LU,B,LPG,Other,2023,9
LU,B,NG,Other,2020,1
LU,B,NG,Other,2022,1
LU,B,NG-BIOMETHANE,Other,2010,1
LU,B,NG-BIOMETHANE,Other,2011,4
LU,B,NG-BIOMETHANE,Other,2012,1
LU,B,PETROL,HEV,2019,128
LU,B,PETROL,HEV,2020,201
LU,B,PETROL,HEV,2021,451
LU,B,PETROL,HEV,2022,414
LU,B,PETROL,HEV,2023,574
LU,B,PETROL,Petrol,2010,3614
LU,B,PETROL,Petrol,2011,3539
LU,B,PETROL,Petrol,2012,3468
LU,B,PETROL,Petrol,2013,3722
LU,B,PETROL,Petrol,2014,3575
LU,B,PETROL,Petrol,2015,3735
LU,B,PETROL,Petrol,2016,4451
LU,B,PETROL,Petrol,2017,5442
LU,B,PETROL,Petrol,2018,5614
LU,B,PETROL,Petrol,2019,5996
LU,B,PETROL,Petrol,2020,4391
LU,B,PETROL,Petrol,2021,4299
LU,B,PETROL,Petrol,2022,3579
LU,B,PETROL,Petrol,2023,4404
LU,B,PETROL-ELECTRIC,Other,2012,235
LU,B,PETROL-ELECTRIC,Other,2013,65
LU,B,PETROL-ELECTRIC,Other,2016,27
LU,B,PETROL/ELECTRIC,Other,2017,65
LU,B,PETROL/ELECTRIC,Other,2018,35
LU,B,PETROL/ELECTRIC,PHEV,2019,152
LU,B,PETROL/ELECTRIC,PHEV,2020,21
LU,B,PETROL/ELECTRIC,PHEV,2021,6
LU,B,PETROL/ELECTRIC,PHEV,2022,14
LU,B,PETROL/ELECTRIC,PHEV,2023,83
LU,B,UNKNOWN,Other,2019,4
LU,C,DIESEL,Diesel,2010,11783
LU,C,DIESEL,Diesel,2011,11624
LU,C,DIESEL,Diesel,2012,11919
LU,C,DIESEL,Diesel,2013,10835
LU,C,DIESEL,Diesel,2014,11848
LU,C,DIESEL,Diesel,2015,9402
LU,C,DIESEL,Diesel,2016,8222
LU,C,DIESEL,Diesel,2017,6724
LU,C,DIESEL,Diesel,2018,5330
LU,C,DIESEL,Diesel,2019,5302
LU,C,DIESEL,Diesel,2020,3567
LU,C,DIESEL,Diesel,2021,2399
LU,C,DIESEL,Diesel,2022,2332
LU,C,DIESEL,Diesel,2023,2174
LU,C,DIESEL,HEV,2020,111
LU,C,DIESEL,HEV,2021,354
LU,C,DIESEL,HEV,2022,240
LU,C,DIESEL,HEV,2023,252
LU,C,DIESEL-ELECTRIC,Other,2012,43
LU,C,DIESEL-ELECTRIC,Other,2013,10
LU,C,DIESEL/ELECTRIC,Other,2017,1
LU,C,DIESEL/ELECTRIC,PHEV,2019,65
LU,C,DIESEL/ELECTRIC,PHEV,2020,158
LU,C,DIESEL/ELECTRIC,PHEV,2021,115
LU,C,DIESEL/ELECTRIC,PHEV,2022,32
LU,C,DIESEL/ELECTRIC,PHEV,2023,26
LU,C,E85,Other,2010,2
LU,C,E85,Other,2011,8
LU,C,E85,Other,2012,4
LU,C,ELECTRIC,BEV,2014,52
LU,C,ELECTRIC,BEV,2015,10
LU,C,ELECTRIC,BEV,2016,33
LU,C,ELECTRIC,BEV,2017,67
LU,C,ELECTRIC,BEV,2018,144
LU,C,ELECTRIC,BEV,2019,140
LU,C,ELECTRIC,BEV,2020,290
LU,C,ELECTRIC,BEV,2021,551
LU,C,ELECTRIC,BEV,2022,766
LU,C,ELECTRIC,BEV,2023,1425
LU,C,ELECTRIC,Other,2010,134
LU,C,ELECTRIC,Other,2011,197
LU,C,ELECTRIC,Other,2012,14
LU,C,ELECTRIC,Other,2013,17
LU,C,ELECTRIC,Other,2014,40
LU,C,ELECTRIC,Other,2015,3
LU,C,LPG,Other,2012,1
LU,C,LPG,Other,2018,1
LU,C,LPG,Other,2020,2
LU,C,LPG,Other,2022,5
LU,C,LPG,Other,2023,11
LU,C,NG,Other,2018,3
LU,C,NG,Other,2021,2
LU,C,NG-BIOMETHANE,Other,2010,1
LU,C,NG-BIOMETHANE,Other,2011,1
LU,C,NG-BIOMETHANE,Other,2012,2
LU,C,NG-BIOMETHANE,Other,2014,6
LU,C,NG-BIOMETHANE,Other,2015,1
LU,C,NG-BIOMETHANE,Other,2016,6
LU,C,NG-BIOMETHANE,Other,2017,5
LU,C,NG-BIOMETHANE,Other,2019,1
LU,C,NG-BIOMETHANE,Other,2020,1
LU,C,PETROL,HEV,2019,289
LU,C,PETROL,HEV,2020,491
LU,C,PETROL,HEV,2021,675
LU,C,PETROL,HEV,2022,898
LU,C,PETROL,HEV,2023,1582
LU,C,PETROL,Petrol,2010,2917
LU,C,PETROL,Petrol,2011,2751
LU,C,PETROL,Petrol,2012,2468
LU,C,PETROL,Petrol,2013,2456
LU,C,PETROL,Petrol,2014,3436
LU,C,PETROL,Petrol,2015,3011
LU,C,PETROL,Petrol,2016,3842
LU,C,PETROL,Petrol,2017,5340
LU,C,PETROL,Petrol,2018,6005
LU,C,PETROL,Petrol,2019,5836
LU,C,PETROL,Petrol,2020,4003
LU,C,PETROL,Petrol,2021,2947
LU,C,PETROL,Petrol,2022,2389
LU,C,PETROL,Petrol,2023,2781
LU,C,PETROL-ELECTRIC,Other,2012,174
LU,C,PETROL-ELECTRIC,Other,2013,178
LU,C,PETROL-ELECTRIC,Other,2014,56
LU,C,PETROL-ELECTRIC,Other,2015,8
LU,C,PETROL-ELECTRIC,Other,2016,86
LU,C,PETROL/ELECTRIC,Other,2017,291
LU,C,PETROL/ELECTRIC,Other,2018,259
LU,C,PETROL/ELECTRIC,PHEV,2019,119
LU,C,PETROL/ELECTRIC,PHEV,2020,672
LU,C,PETROL/ELECTRIC,PHEV,2021,1270
LU,C,PETROL/ELECTRIC,PHEV,2022,1164
LU,C,PETROL/ELECTRIC,PHEV,2023,1170
LU,D,CNG,Other,2020,1
LU,D,DIESEL,Diesel,2010,3861
LU,D,DIESEL,Diesel,2011,4252
LU,D,DIESEL,Diesel,2012,3711
LU,D,DIESEL,Diesel,2013,2841
LU,D,DIESEL,Diesel,2014,3008
LU,D,DIESEL,Diesel,2015,3271
LU,D,DIESEL,Diesel,2016,3423
LU,D,DIESEL,Diesel,2017,2785
LU,D,DIESEL,Diesel,2018,2276
LU,D,DIESEL,Diesel,2019,2092
LU,D,DIESEL,Diesel,2020,1373
LU,D,DIESEL,Diesel,2021,633
LU,D,DIESEL,Diesel,2022,451
LU,D,DIESEL,Diesel,2023,292
LU,D,DIESEL,HEV,2019,32
LU,D,DIESEL,HEV,2020,120
LU,D,DIESEL,HEV,2021,154
LU,D,DIESEL,HEV,2022,235
LU,D,DIESEL,HEV,2023,326
LU,D,DIESEL-ELECTRIC,Other,2012,86
LU,D,DIESEL-ELECTRIC,Other,2013,48
LU,D,DIESEL-ELECTRIC,Other,2016,2
LU,D,DIESEL/ELECTRIC,Other,2017,5
LU,D,DIESEL/ELECTRIC,Other,2018,1
LU,D,E85,Other,2011,1
LU,D,E85,Other,2013,1
LU,D,E85,Other,2014,2
LU,D,E85,Other,2015,1
LU,D,ELECTRIC,BEV,2019,376
LU,D,ELECTRIC,BEV,2020,536
LU,D,ELECTRIC,BEV,2021,558
LU,D,ELECTRIC,BEV,2022,272
LU,D,ELECTRIC,BEV,2023,544
LU,D,ELECTRIC,Other,2010,3
LU,D,ELECTRIC,Other,2011,1
LU,D,NG-BIOMETHANE,Other,2010,2
LU,D,NG-BIOMETHANE,Other,2011,1
LU,D,NG-BIOMETHANE,Other,2012,2
LU,D,NG-BIOMETHANE,Other,2014,1
LU,D,NG-BIOMETHANE,Other,2017,1
LU,D,NG-BIOMETHANE,Other,2019,1
LU,D,PETROL,HEV,2019,245
LU,D,PETROL,HEV,2020,137
LU,D,PETROL,HEV,2021,158
LU,D,PETROL,HEV,2022,159
LU,D,PETROL,HEV,2023,314
LU,D,PETROL,Petrol,2010,560
LU,D,PETROL,Petrol,2011,530
LU,D,PETROL,Petrol,2012,550
LU,D,PETROL,Petrol,2013,475
LU,D,PETROL,Petrol,2014,584
LU,D,PETROL,Petrol,2015,555
LU,D,PETROL,Petrol,2016,838
LU,D,PETROL,Petrol,2017,1218
LU,D,PETROL,Petrol,2018,1144
LU,D,PETROL,Petrol,2019,930
LU,D,PETROL,Petrol,2020,477
LU,D,PETROL,Petrol,2021,515
LU,D,PETROL,Petrol,2022,635
LU,D,PETROL,Petrol,2023,708
LU,D,PETROL-ELECTRIC,Other,2012,11
LU,D,PETROL-ELECTRIC,Other,2013,3
LU,D,PETROL-ELECTRIC,Other,2015,2
LU,D,PETROL-ELECTRIC,Other,2016,14
LU,D,PETROL/ELECTRIC,Other,2017,70
LU,D,PETROL/ELECTRIC,Other,2018,30
LU,D,PETROL/ELECTRIC,PHEV,2019,89
LU,D,PETROL/ELECTRIC,PHEV,2020,306
LU,D,PETROL/ELECTRIC,PHEV,2021,290
LU,D,PETROL/ELECTRIC,PHEV,2022,184
LU,D,PETROL/ELECTRIC,PHEV,2023,246
LU,E,DIESEL,Diesel,2010,1060
LU,E,DIESEL,Diesel,2011,1312
LU,E,DIESEL,Diesel,2012,1372
LU,E,DIESEL,Diesel,2013,1029
LU,E,DIESEL,Diesel,2014,986
LU,E,DIESEL,Diesel,2015,933
LU,E,DIESEL,Diesel,2016,1210
LU,E,DIESEL,Diesel,2017,1099
LU,E,DIESEL,Diesel,2018,923
LU,E,DIESEL,Diesel,2019,733
LU,E,DIESEL,Diesel,2020,389
LU,E,DIESEL,Diesel,2021,308
LU,E,DIESEL,Diesel,2022,130
LU,E,DIESEL,Diesel,2023,80
LU,E,DIESEL,HEV,2019,45
LU,E,DIESEL,HEV,2020,19
LU,E,DIESEL,HEV,2021,22
LU,E,DIESEL,HEV,2022,44
LU,E,DIESEL,HEV,2023,129
LU,E,DIESEL/ELECTRIC,Other,2018,1
LU,E,ELECTRIC,BEV,2020,3
LU,E,ELECTRIC,BEV,2021,46
LU,E,ELECTRIC,BEV,2022,285
LU,E,ELECTRIC,BEV,2023,556
LU,E,ELECTRIC,Other,2011,1
LU,E,HYDROGEN,Other,2021,1
LU,E,HYDROGEN,Other,2022,2
LU,E,NG-BIOMETHANE,Other,2012,2
LU,E,PETROL,HEV,2019,63
LU,E,PETROL,HEV,2020,46
LU,E,PETROL,HEV,2021,68
LU,E,PETROL,HEV,2022,36
LU,E,PETROL,HEV,2023,96
LU,E,PETROL,Petrol,2010,154
LU,E,PETROL,Petrol,2011,200
LU,E,PETROL,Petrol,2012,206
LU,E,PETROL,Petrol,2013,99
LU,E,PETROL,Petrol,2014,136
LU,E,PETROL,Petrol,2015,156
LU,E,PETROL,Petrol,2016,208
LU,E,PETROL,Petrol,2017,444
LU,E,PETROL,Petrol,2018,492
LU,E,PETROL,Petrol,2019,401
LU,E,PETROL,Petrol,2020,158
LU,E,PETROL,Petrol,2021,134
LU,E,PETROL,Petrol,2022,95
LU,E,PETROL,Petrol,2023,69
LU,E,PETROL-ELECTRIC,Other,2013,2
LU,E,PETROL-ELECTRIC,Other,2016,1
LU,E,PETROL/ELECTRIC,Other,2017,33
LU,E,PETROL/ELECTRIC,Other,2018,49
LU,E,PETROL/ELECTRIC,PHEV,2019,32
LU,E,PETROL/ELECTRIC,PHEV,2020,27
LU,E,PETROL/ELECTRIC,PHEV,2021,47
LU,E,PETROL/ELECTRIC,PHEV,2022,35
LU,E,PETROL/ELECTRIC,PHEV,2023,73
LU,F,DIESEL,Diesel,2010,1484
LU,F,DIESEL,Diesel,2011,1204
LU,F,DIESEL,Diesel,2012,1594
LU,F,DIESEL,Diesel,2013,1066
LU,F,DIESEL,Diesel,2014,843
LU,F,DIESEL,Diesel,2015,1068
LU,F,DIESEL,Diesel,2016,868
LU,F,DIESEL,Diesel,2017,685
LU,F,DIESEL,Diesel,2018,516
LU,F,DIESEL,Diesel,2019,323
LU,F,DIESEL,Diesel,2020,780
LU,F,DIESEL,Diesel,2021,607
LU,F,DIESEL,Diesel,2022,393
LU,F,DIESEL,Diesel,2023,524
LU,F,DIESEL,HEV,2019,20
LU,F,DIESEL,HEV,2020,8
LU,F,DIESEL,HEV,2021,10
LU,F,DIESEL,HEV,2022,14
LU,F,DIESEL,HEV,2023,16
LU,F,DIESEL/ELECTRIC,PHEV,2019,3
LU,F,E85,Other,2010,6
LU,F,E85,Other,2011,9
LU,F,E85,Other,2012,16
LU,F,E85,Other,2013,3
LU,F,ELECTRIC,BEV,2014,35
LU,F,ELECTRIC,BEV,2015,33
LU,F,ELECTRIC,BEV,2016,48
LU,F,ELECTRIC,BEV,2017,90
LU,F,ELECTRIC,BEV,2018,60
LU,F,ELECTRIC,BEV,2019,46
LU,F,ELECTRIC,BEV,2020,140
LU,F,ELECTRIC,BEV,2021,177
LU,F,ELECTRIC,BEV,2022,191
LU,F,ELECTRIC,BEV,2023,238
LU,F,ELECTRIC,Other,2010,1
LU,F,ELECTRIC,Other,2013,5
LU,F,PETROL,HEV,2019,24
LU,F,PETROL,HEV,2020,9
LU,F,PETROL,HEV,2021,9
LU,F,PETROL,HEV,2022,80
LU,F,PETROL,HEV,2023,104
LU,F,PETROL,Petrol,2010,1072
LU,F,PETROL,Petrol,2011,845
LU,F,PETROL,Petrol,2012,811
LU,F,PETROL,Petrol,2013,815
LU,F,PETROL,Petrol,2014,818
LU,F,PETROL,Petrol,2015,905
LU,F,PETROL,Petrol,2016,1058
LU,F,PETROL,Petrol,2017,1333
LU,F,PETROL,Petrol,2018,1435
LU,F,PETROL,Petrol,2019,1798
LU,F,PETROL,Petrol,2020,1425
LU,F,PETROL,Petrol,2021,1381
LU,F,PETROL,Petrol,2022,1054
LU,F,PETROL,Petrol,2023,1347
LU,F,PETROL-ELECTRIC,Other,2013,1
LU,F,PETROL-ELECTRIC,Other,2014,9
LU,F,PETROL-ELECTRIC,Other,2016,6
LU,F,PETROL/ELECTRIC,Other,2017,4
LU,F,PETROL/ELECTRIC,Other,2018,5
LU,F,PETROL/ELECTRIC,PHEV,2019,4
LU,F,PETROL/ELECTRIC,PHEV,2020,8
LU,F,PETROL/ELECTRIC,PHEV,2021,13
LU,F,PETROL/ELECTRIC,PHEV,2022,19
LU,F,PETROL/ELECTRIC,PHEV,2023,49
LU,JA,DIESEL,Diesel,2010,337
LU,JA,DIESEL,Diesel,2011,247
LU,JA,DIESEL,Diesel,2012,253
LU,JA,DIESEL,Diesel,2013,219
LU,JA,DIESEL,Diesel,2014,190
LU,JA,DIESEL,Diesel,2015,194
LU,JA,DIESEL,Diesel,2016,214
LU,JA,DIESEL,Diesel,2017,494
LU,JA,DIESEL,Diesel,2018,349
LU,JA,DIESEL,Diesel,2019,264
LU,JA,DIESEL,Diesel,2020,287
LU,JA,DIESEL,Diesel,2021,82
LU,JA,DIESEL,Diesel,2022,65
LU,JA,DIESEL,Diesel,2023,131
LU,JA,ELECTRIC,BEV,2017,1
LU,JA,ELECTRIC,BEV,2018,3
LU,JA,ELECTRIC,BEV,2019,2
LU,JA,ELECTRIC,BEV,2021,1
LU,JA,ELECTRIC,BEV,2022,4
LU,JA,ELECTRIC,BEV,2023,37
LU,JA,PETROL,HEV,2019,28
LU,JA,PETROL,HEV,2020,104
LU,JA,PETROL,HEV,2021,133
LU,JA,PETROL,HEV,2022,88
LU,JA,PETROL,HEV,2023,111
LU,JA,PETROL,Petrol,2010,15
LU,JA,PETROL,Petrol,2011,10
LU,JA,PETROL,Petrol,2012,24
LU,JA,PETROL,Petrol,2013,16
LU,JA,PETROL,Petrol,2014,23
LU,JA,PETROL,Petrol,2015,18
LU,JA,PETROL,Petrol,2016,64
LU,JA,PETROL,Petrol,2017,383
LU,JA,PETROL,Petrol,2018,365
LU,JA,PETROL,Petrol,2019,411
LU,JA,PETROL,Petrol,2020,509
LU,JA,PETROL,Petrol,2021,416
LU,JA,PETROL,Petrol,2022,262
LU,JA,PETROL,Petrol,2023,521
LU,JB,DIESEL,Diesel,2010,204
LU,JB,DIESEL,Diesel,2011,626
LU,JB,DIESEL,Diesel,2012,1269
LU,JB,DIESEL,Diesel,2013,1781
LU,JB,DIESEL,Diesel,2014,2595
LU,JB,DIESEL,Diesel,2015,2430
LU,JB,DIESEL,Diesel,2016,2171
LU,JB,DIESEL,Diesel,2017,1596
LU,JB,DIESEL,Diesel,2018,1652
LU,JB,DIESEL,Diesel,2019,1931
LU,JB,DIESEL,Diesel,2020,1529
LU,JB,DIESEL,Diesel,2021,969
LU,JB,DIESEL,Diesel,2022,701
LU,JB,DIESEL,Diesel,2023,856
LU,JB,DIESEL,HEV,2022,6
LU,JB,E85,HEV,2022,1
LU,JB,ELECTRIC,BEV,2014,1
LU,JB,ELECTRIC,BEV,2015,1
LU,JB,ELECTRIC,BEV,2016,1
LU,JB,ELECTRIC,BEV,2017,17
LU,JB,ELECTRIC,BEV,2018,58
LU,JB,ELECTRIC,BEV,2019,67
LU,JB,ELECTRIC,BEV,2020,301
LU,JB,ELECTRIC,BEV,2021,377
LU,JB,ELECTRIC,BEV,2022,621
LU,JB,ELECTRIC,BEV,2023,915
LU,JB,ELECTRIC,Other,2011,14
LU,JB,ELECTRIC,Other,2012,14
LU,JB,ELECTRIC,Other,2013,2
LU,JB,LPG,Other,2018,1
LU,JB,LPG,Other,2020,4
LU,JB,LPG,Other,2021,2
LU,JB,LPG,Other,2022,3
LU,JB,LPG,Other,2023,10
LU,JB,PETROL,HEV,2019,84
LU,JB,PETROL,HEV,2020,432
LU,JB,PETROL,HEV,2021,624
LU,JB,PETROL,HEV,2022,847
LU,JB,PETROL,HEV,2023,1090
LU,JB,PETROL,Petrol,2010,120
LU,JB,PETROL,Petrol,2011,309
LU,JB,PETROL,Petrol,2012,396
LU,JB,PETROL,Petrol,2013,589
LU,JB,PETROL,Petrol,2014,992
LU,JB,PETROL,Petrol,2015,1108
LU,JB,PETROL,Petrol,2016,1658
LU,JB,PETROL,Petrol,2017,2138
LU,JB,PETROL,Petrol,2018,3034
LU,JB,PETROL,Petrol,2019,3658
LU,JB,PETROL,Petrol,2020,2844
LU,JB,PETROL,Petrol,2021,2346
LU,JB,PETROL,Petrol,2022,2158
LU,JB,PETROL,Petrol,2023,2601
LU,JB,PETROL/ELECTRIC,Other,2018,20
LU,JB,PETROL/ELECTRIC,PHEV,2019,21
LU,JB,PETROL/ELECTRIC,PHEV,2020,115
LU,JB,PETROL/ELECTRIC,PHEV,2021,238
LU,JB,PETROL/ELECTRIC,PHEV,2022,214
LU,JB,PETROL/ELECTRIC,PHEV,2023,311
LU,JC,DIESEL,Diesel,2010,3372
LU,JC,DIESEL,Diesel,2011,3764
LU,JC,DIESEL,Diesel,2012,3777
LU,JC,DIESEL,Diesel,2013,3692
LU,JC,DIESEL,Diesel,2014,3476
LU,JC,DIESEL,Diesel,2015,2930
LU,JC,DIESEL,Diesel,2016,4240
LU,JC,DIESEL,Diesel,2017,4972
LU,JC,DIESEL,Diesel,2018,4615
LU,JC,DIESEL,Diesel,2019,4214
LU,JC,DIESEL,Diesel,2020,2778
LU,JC,DIESEL,Diesel,2021,1819
LU,JC,DIESEL,Diesel,2022,975
LU,JC,DIESEL,Diesel,2023,1208
LU,JC,DIESEL,HEV,2019,130
LU,JC,DIESEL,HEV,2020,201
LU,JC,DIESEL,HEV,2021,525
LU,JC,DIESEL,HEV,2022,807
LU,JC,DIESEL,HEV,2023,611
LU,JC,E85,HEV,2022,1
LU,JC,ELECTRIC,BEV,2018,9
LU,JC,ELECTRIC,BEV,2019,67
LU,JC,ELECTRIC,BEV,2020,192
LU,JC,ELECTRIC,BEV,2021,701
LU,JC,ELECTRIC,BEV,2022,1013
LU,JC,ELECTRIC,BEV,2023,2864
LU,JC,ELECTRIC,Other,2011,8
LU,JC,PETROL,HEV,2019,252
LU,JC,PETROL,HEV,2020,188
LU,JC,PETROL,HEV,2021,644
LU,JC,PETROL,HEV,2022,1333
LU,JC,PETROL,HEV,2023,1825
LU,JC,PETROL,Petrol,2010,212
LU,JC,PETROL,Petrol,2011,211
LU,JC,PETROL,Petrol,2012,346
LU,JC,PETROL,Petrol,2013,322
LU,JC,PETROL,Petrol,2014,402
LU,JC,PETROL,Petrol,2015,417
LU,JC,PETROL,Petrol,2016,937
LU,JC,PETROL,Petrol,2017,2324
LU,JC,PETROL,Petrol,2018,3457
LU,JC,PETROL,Petrol,2019,3249
LU,JC,PETROL,Petrol,2020,2091
LU,JC,PETROL,Petrol,2021,1717
LU,JC,PETROL,Petrol,2022,1249
LU,JC,PETROL,Petrol,2023,1500
LU,JC,PETROL-ELECTRIC,Other,2012,2
LU,JC,PETROL-ELECTRIC,Other,2013,1
LU,JC,PETROL/ELECTRIC,Other,2017,18
LU,JC,PETROL/ELECTRIC,Other,2018,75
LU,JC,PETROL/ELECTRIC,PHEV,2019,161
LU,JC,PETROL/ELECTRIC,PHEV,2020,520
LU,JC,PETROL/ELECTRIC,PHEV,2021,646
LU,JC,PETROL/ELECTRIC,PHEV,2022,651
LU,JC,PETROL/ELECTRIC,PHEV,2023,1039
LU,JC,UNKNOWN,Other,2021,1
LU,JD,DIESEL,Diesel,2010,1088
LU,JD,DIESEL,Diesel,2011,1699
LU,JD,DIESEL,Diesel,2012,1905
LU,JD,DIESEL,Diesel,2013,1587
LU,JD,DIESEL,Diesel,2014,1651
LU,JD,DIESEL,Diesel,2015,2333
LU,JD,DIESEL,Diesel,2016,2733
LU,JD,DIESEL,Diesel,2017,2375
LU,JD,DIESEL,Diesel,2018,2387
LU,JD,DIESEL,Diesel,2019,1877
LU,JD,DIESEL,Diesel,2020,1435
LU,JD,DIESEL,Diesel,2021,664
LU,JD,DIESEL,Diesel,2022,330
LU,JD,DIESEL,Diesel,2023,119
LU,JD,DIESEL,HEV,2019,100
LU,JD,DIESEL,HEV,2020,245
LU,JD,DIESEL,HEV,2021,380
LU,JD,DIESEL,HEV,2022,459
LU,JD,DIESEL,HEV,2023,726
LU,JD,DIESEL-ELECTRIC,Other,2016,3
LU,JD,DIESEL/ELECTRIC,Other,2017,10
LU,JD,DIESEL/ELECTRIC,Other,2018,6
LU,JD,DIESEL/ELECTRIC,PHEV,2020,71
LU,JD,DIESEL/ELECTRIC,PHEV,2021,241
LU,JD,DIESEL/ELECTRIC,PHEV,2022,219
LU,JD,DIESEL/ELECTRIC,PHEV,2023,85
LU,JD,E85,Other,2013,1
LU,JD,E85,Other,2014,1
LU,JD,E85,Other,2015,2
LU,JD,E85,Other,2016,1
LU,JD,ELECTRIC,BEV,2021,263
LU,JD,ELECTRIC,BEV,2022,594
LU,JD,ELECTRIC,BEV,2023,1269
LU,JD,ELECTRIC,Other,2011,2
LU,JD,PETROL,HEV,2019,183
LU,JD,PETROL,HEV,2020,297
LU,JD,PETROL,HEV,2021,230
LU,JD,PETROL,HEV,2022,334
LU,JD,PETROL,HEV,2023,475
LU,JD,PETROL,Other,2012,2
LU,JD,PETROL,Petrol,2010,239
LU,JD,PETROL,Petrol,2011,293
LU,JD,PETROL,Petrol,2012,175
LU,JD,PETROL,Petrol,2013,154
LU,JD,PETROL,Petrol,2014,234
LU,JD,PETROL,Petrol,2015,278
LU,JD,PETROL,Petrol,2016,552
LU,JD,PETROL,Petrol,2017,706
LU,JD,PETROL,Petrol,2018,1017
LU,JD,PETROL,Petrol,2019,1029
LU,JD,PETROL,Petrol,2020,600
LU,JD,PETROL,Petrol,2021,611
LU,JD,PETROL,Petrol,2022,470
LU,JD,PETROL,Petrol,2023,453
LU,JD,PETROL-ELECTRIC,Other,2015,2
LU,JD,PETROL-ELECTRIC,Other,2016,28
LU,JD,PETROL/ELECTRIC,Other,2017,144
LU,JD,PETROL/ELECTRIC,Other,2018,124
LU,JD,PETROL/ELECTRIC,PHEV,2019,102
LU,JD,PETROL/ELECTRIC,PHEV,2020,308
LU,JD,PETROL/ELECTRIC,PHEV,2021,479
LU,JD,PETROL/ELECTRIC,PHEV,2022,345
LU,JD,PETROL/ELECTRIC,PHEV,2023,742
LU,JE,DIESEL,Diesel,2010,496
LU,JE,DIESEL,Diesel,2011,527
LU,JE,DIESEL,Diesel,2012,464
LU,JE,DIESEL,Diesel,2013,432
LU,JE,DIESEL,Diesel,2014,704
LU,JE,DIESEL,Diesel,2015,778
LU,JE,DIESEL,Diesel,2016,827
LU,JE,DIESEL,Diesel,2017,601
LU,JE,DIESEL,Diesel,2018,377
LU,JE,DIESEL,Diesel,2019,632
LU,JE,DIESEL,Diesel,2020,443
LU,JE,DIESEL,Diesel,2021,185
LU,JE,DIESEL,Diesel,2022,74
LU,JE,DIESEL,Diesel,2023,71
LU,JE,DIESEL,HEV,2019,111
LU,JE,DIESEL,HEV,2020,120
LU,JE,DIESEL,HEV,2021,192
LU,JE,DIESEL,HEV,2022,179
LU,JE,DIESEL,HEV,2023,202
LU,JE,DIESEL/ELECTRIC,PHEV,2020,79
LU,JE,DIESEL/ELECTRIC,PHEV,2021,261
LU,JE,DIESEL/ELECTRIC,PHEV,2022,154
LU,JE,DIESEL/ELECTRIC,PHEV,2023,63
LU,JE,ELECTRIC,BEV,2016,13
LU,JE,ELECTRIC,BEV,2017,65
LU,JE,ELECTRIC,BEV,2018,26
LU,JE,ELECTRIC,BEV,2019,34
LU,JE,ELECTRIC,BEV,2020,33
LU,JE,ELECTRIC,BEV,2021,7
LU,JE,ELECTRIC,BEV,2022,80
LU,JE,ELECTRIC,BEV,2023,196
LU,JE,ELECTRIC,Other,2010,56
LU,JE,ELECTRIC,Other,2011,40
LU,JE,PETROL,HEV,2019,55
LU,JE,PETROL,HEV,2020,135
LU,JE,PETROL,HEV,2021,130
LU,JE,PETROL,HEV,2022,104
LU,JE,PETROL,HEV,2023,158
LU,JE,PETROL,Petrol,2010,66
LU,JE,PETROL,Petrol,2011,84
LU,JE,PETROL,Petrol,2012,80
LU,JE,PETROL,Petrol,2013,41
LU,JE,PETROL,Petrol,2014,60
LU,JE,PETROL,Petrol,2015,148
LU,JE,PETROL,Petrol,2016,189
LU,JE,PETROL,Petrol,2017,187
LU,JE,PETROL,Petrol,2018,291
LU,JE,PETROL,Petrol,2019,325
LU,JE,PETROL,Petrol,2020,212
LU,JE,PETROL,Petrol,2021,148
LU,JE,PETROL,Petrol,2022,176
LU,JE,PETROL,Petrol,2023,152
LU,JE,PETROL PHEV,Other,2015,3
LU,JE,PETROL-ELECTRIC,Other,2012,39
LU,JE,PETROL-ELECTRIC,Other,2013,23
LU,JE,PETROL-ELECTRIC,Other,2014,2
LU,JE,PETROL-ELECTRIC,Other,2015,1
LU,JE,PETROL-ELECTRIC,Other,2016,31
LU,JE,PETROL/ELECTRIC,Other,2017,53
LU,JE,PETROL/ELECTRIC,Other,2018,51
LU,JE,PETROL/ELECTRIC,PHEV,2019,94
LU,JE,PETROL/ELECTRIC,PHEV,2020,311
LU,JE,PETROL/ELECTRIC,PHEV,2021,340
LU,JE,PETROL/ELECTRIC,PHEV,2022,319
LU,JE,PETROL/ELECTRIC,PHEV,2023,347
LU,JF,DIESEL,Diesel,2010,263
LU,JF,DIESEL,Diesel,2011,305
LU,JF,DIESEL,Diesel,2012,704
LU,JF,DIESEL,Diesel,2013,653
LU,JF,DIESEL,Diesel,2014,641
LU,JF,DIESEL,Diesel,2015,420
LU,JF,DIESEL,Diesel,2016,550
LU,JF,DIESEL,Diesel,2017,551
LU,JF,DIESEL,Diesel,2018,556
LU,JF,DIESEL,Diesel,2019,395
LU,JF,DIESEL,Diesel,2020,200
LU,JF,DIESEL,Diesel,2021,132
LU,JF,DIESEL,Diesel,2022,33
LU,JF,DIESEL,Diesel,2023,34
LU,JF,DIESEL,HEV,2019,104
LU,JF,DIESEL,HEV,2020,86
LU,JF,DIESEL,HEV,2021,23
LU,JF,DIESEL,HEV,2022,75
LU,JF,DIESEL,HEV,2023,113
LU,JF,ELECTRIC,BEV,2019,39
LU,JF,ELECTRIC,BEV,2020,63
LU,JF,ELECTRIC,BEV,2021,146
LU,JF,ELECTRIC,BEV,2022,104
LU,JF,ELECTRIC,BEV,2023,31
LU,JF,PETROL,HEV,2019,64
LU,JF,PETROL,HEV,2020,65
LU,JF,PETROL,HEV,2021,17
LU,JF,PETROL,HEV,2022,13
LU,JF,PETROL,HEV,2023,40
LU,JF,PETROL,Petrol,2010,15
LU,JF,PETROL,Petrol,2011,18
LU,JF,PETROL,Petrol,2012,70
LU,JF,PETROL,Petrol,2013,58
LU,JF,PETROL,Petrol,2014,78
LU,JF,PETROL,Petrol,2015,46
LU,JF,PETROL,Petrol,2016,114
LU,JF,PETROL,Petrol,2017,152
LU,JF,PETROL,Petrol,2018,175
LU,JF,PETROL,Petrol,2019,183
LU,JF,PETROL,Petrol,2020,134
LU,JF,PETROL,Petrol,2021,159
LU,JF,PETROL,Petrol,2022,173
LU,JF,PETROL,Petrol,2023,200
LU,JF,PETROL/ELECTRIC,Other,2018,20
LU,JF,PETROL/ELECTRIC,PHEV,2019,57
LU,JF,PETROL/ELECTRIC,PHEV,2020,56
LU,JF,PETROL/ELECTRIC,PHEV,2021,31
LU,JF,PETROL/ELECTRIC,PHEV,2022,34
LU,JF,PETROL/ELECTRIC,PHEV,2023,161
LU,V,DIESEL,Diesel,2010,823
LU,V,DIESEL,Diesel,2011,1324
LU,V,DIESEL,Diesel,2012,1144
LU,V,DIESEL,Diesel,2013,1098
LU,V,DIESEL,Diesel,2014,1237
LU,V,DIESEL,Diesel,2015,1178
LU,V,DIESEL,Diesel,2016,1189
LU,V,DIESEL,Diesel,2017,1357
LU,V,DIESEL,Diesel,2018,1318
LU,V,DIESEL,Diesel,2019,1608
LU,V,DIESEL,Diesel,2020,1401
LU,V,DIESEL,Diesel,2021,1132
LU,V,DIESEL,Diesel,2022,1003
LU,V,DIESEL,Diesel,2023,1015
LU,V,DIESEL,HEV,2020,5
LU,V,DIESEL,HEV,2021,8
LU,V,DIESEL,HEV,2022,9
LU,V,DIESEL,HEV,2023,4
LU,V,ELECTRIC,BEV,2020,4
LU,V,ELECTRIC,BEV,2021,32
LU,V,ELECTRIC,BEV,2022,54
LU,V,ELECTRIC,BEV,2023,147
LU,V,LPG,Other,2012,1
LU,V,NG,Other,2018,3
LU,V,NG,Other,2019,1
LU,V,NG-BIOMETHANE,Other,2010,15
LU,V,NG-BIOMETHANE,Other,2011,14
LU,V,NG-BIOMETHANE,Other,2012,5
LU,V,NG-BIOMETHANE,Other,2013,3
LU,V,NG-BIOMETHANE,Other,2014,8
LU,V,NG-BIOMETHANE,Other,2015,7
LU,V,NG-BIOMETHANE,Other,2016,3
LU,V,NG-BIOMETHANE,Other,2017,2
LU,V,PETROL,HEV,2021,1
LU,V,PETROL,HEV,2022,11
LU,V,PETROL,HEV,2023,2
LU,V,PETROL,Petrol,2010,11
LU,V,PETROL,Petrol,2011,25
LU,V,PETROL,Petrol,2012,32
LU,V,PETROL,Petrol,2013,20
LU,V,PETROL,Petrol,2014,35
LU,V,PETROL,Petrol,2015,34
LU,V,PETROL,Petrol,2016,87
LU,V,PETROL,Petrol,2017,161
LU,V,PETROL,Petrol,2018,205
LU,V,PETROL,Petrol,2019,237
LU,V,PETROL,Petrol,2020,170
LU,V,PETROL,Petrol,2021,185
LU,V,PETROL,Petrol,2022,193
LU,V,PETROL,Petrol,2023,210
LU,V,PETROL/ELECTRIC,PHEV,2021,1
LU,V,PETROL/ELECTRIC,PHEV,2022,47
LU,V,PETROL/ELECTRIC,PHEV,2023,88
LV,,DIESEL,Diesel,2010,195
LV,,DIESEL,Diesel,2011,328
LV,,DIESEL,Diesel,2012,369
LV,,DIESEL,Diesel,2013,483
LV,,DIESEL,Diesel,2014,453
LV,,DIESEL,Diesel,2015,461
LV,,DIESEL,Diesel,2016,605
LV,,DIESEL,Diesel,2017,599
LV,,DIESEL,Diesel,2018,319
LV,,DIESEL,Diesel,2019,150
LV,,DIESEL,Diesel,2020,92
LV,,DIESEL,Diesel,2021,23
LV,,DIESEL,Diesel,2022,5
LV,,DIESEL,Diesel,2023,22
LV,,DIESEL,HEV,2021,1
LV,,E85,Other,2012,15
LV,,ELECTRIC,BEV,2014,3
LV,,ELECTRIC,BEV,2020,2
LV,,ELECTRIC,BEV,2022,6
LV,,ELECTRIC,BEV,2023,37
LV,,ELECTRIC,Other,2012,6
LV,,ELECTRIC,Other,2013,1
LV,,LPG,Other,2014,1
LV,,LPG,Other,2015,2
LV,,LPG,Other,2017,2
LV,,LPG,Other,2018,4
LV,,LPG,Other,2019,6
LV,,PETROL,HEV,2019,36
LV,,PETROL,HEV,2020,42
LV,,PETROL,HEV,2021,98
LV,,PETROL,HEV,2022,143
LV,,PETROL,HEV,2023,220
LV,,PETROL,Petrol,2010,435
LV,,PETROL,Petrol,2011,343
LV,,PETROL,Petrol,2012,369
LV,,PETROL,Petrol,2013,365
LV,,PETROL,Petrol,2014,380
LV,,PETROL,Petrol,2015,388
LV,,PETROL,Petrol,2016,434
LV,,PETROL,Petrol,2017,433
LV,,PETROL,Petrol,2018,298
LV,,PETROL,Petrol,2019,241
LV,,PETROL,Petrol,2020,167
LV,,PETROL,Petrol,2021,97
LV,,PETROL,Petrol,2022,10
LV,,PETROL,Petrol,2023,11
LV,,PETROL/ELECTRIC,PHEV,2020,2
LV,,PETROL/ELECTRIC,PHEV,2021,4
LV,,PETROL/ELECTRIC,PHEV,2022,8
LV,,PETROL/ELECTRIC,PHEV,2023,11
LV,A,DIESEL,Diesel,2010,54
LV,A,DIESEL,Diesel,2011,5
LV,A,DIESEL,Diesel,2012,4
LV,A,DIESEL,Diesel,2013,54
LV,A,DIESEL,Diesel,2014,35
LV,A,DIESEL,Diesel,2015,70
LV,A,DIESEL,Diesel,2016,153
LV,A,DIESEL,Diesel,2017,17
LV,A,DIESEL,Diesel,2018,13
LV,A,DIESEL,Diesel,2019,17
LV,A,DIESEL,Diesel,2020,2
LV,A,ELECTRIC,BEV,2014,135
LV,A,ELECTRIC,BEV,2017,1
LV,A,ELECTRIC,BEV,2018,1
LV,A,ELECTRIC,BEV,2019,4
LV,A,ELECTRIC,BEV,2020,138
LV,A,ELECTRIC,BEV,2021,21
LV,A,ELECTRIC,BEV,2022,61
LV,A,ELECTRIC,BEV,2023,38
LV,A,LPG,Other,2014,1
LV,A,NG-BIOMETHANE,Other,2014,1
LV,A,PETROL,HEV,2020,1
LV,A,PETROL,HEV,2021,6
LV,A,PETROL,HEV,2022,182
LV,A,PETROL,HEV,2023,55
LV,A,PETROL,Petrol,2010,65
LV,A,PETROL,Petrol,2011,183
LV,A,PETROL,Petrol,2012,262
LV,A,PETROL,Petrol,2013,262
LV,A,PETROL,Petrol,2014,318
LV,A,PETROL,Petrol,2015,518
LV,A,PETROL,Petrol,2016,729
LV,A,PETROL,Petrol,2017,332
LV,A,PETROL,Petrol,2018,346
LV,A,PETROL,Petrol,2019,496
LV,A,PETROL,Petrol,2020,138
LV,A,PETROL,Petrol,2021,83
LV,A,PETROL,Petrol,2022,48
LV,A,PETROL,Petrol,2023,66
LV,A,PETROL/ELECTRIC,PHEV,2023,2
LV,B,DIESEL,Diesel,2010,252
LV,B,DIESEL,Diesel,2011,258
LV,B,DIESEL,Diesel,2012,356
LV,B,DIESEL,Diesel,2013,410
LV,B,DIESEL,Diesel,2014,347
LV,B,DIESEL,Diesel,2015,365
LV,B,DIESEL,Diesel,2016,331
LV,B,DIESEL,Diesel,2017,319
LV,B,DIESEL,Diesel,2018,290
LV,B,DIESEL,Diesel,2019,128
LV,B,DIESEL,Diesel,2020,23
LV,B,DIESEL,Diesel,2021,29
LV,B,DIESEL,Diesel,2022,18
LV,B,DIESEL,Diesel,2023,21
LV,B,DIESEL,HEV,2020,5
LV,B,DIESEL,HEV,2021,24
LV,B,DIESEL,HEV,2022,12
LV,B,DIESEL,HEV,2023,12
LV,B,ELECTRIC,BEV,2014,16
LV,B,ELECTRIC,BEV,2015,4
LV,B,ELECTRIC,BEV,2016,5
LV,B,ELECTRIC,BEV,2017,18
LV,B,ELECTRIC,BEV,2018,12
LV,B,ELECTRIC,BEV,2019,5
LV,B,ELECTRIC,BEV,2020,13
LV,B,ELECTRIC,BEV,2021,25
LV,B,ELECTRIC,BEV,2022,46
LV,B,ELECTRIC,BEV,2023,47
LV,B,LPG,Other,2012,33
LV,B,LPG,Other,2013,8
LV,B,LPG,Other,2014,2
LV,B,LPG,Other,2015,8
LV,B,LPG,Other,2016,18
LV,B,LPG,Other,2017,17
LV,B,LPG,Other,2018,11
LV,B,LPG,Other,2019,8
LV,B,LPG,Other,2020,24
LV,B,LPG,Other,2021,101
LV,B,LPG,Other,2022,150
LV,B,LPG,Other,2023,142
LV,B,NG,Other,2019,2
LV,B,PETROL,HEV,2019,104
LV,B,PETROL,HEV,2020,74
LV,B,PETROL,HEV,2021,204
LV,B,PETROL,HEV,2022,192
LV,B,PETROL,HEV,2023,155
LV,B,PETROL,Petrol,2010,418
LV,B,PETROL,Petrol,2011,567
LV,B,PETROL,Petrol,2012,535
LV,B,PETROL,Petrol,2013,449
LV,B,PETROL,Petrol,2014,667
LV,B,PETROL,Petrol,2015,829
LV,B,PETROL,Petrol,2016,960
LV,B,PETROL,Petrol,2017,1180
LV,B,PETROL,Petrol,2018,1080
LV,B,PETROL,Petrol,2019,1174
LV,B,PETROL,Petrol,2020,632
LV,B,PETROL,Petrol,2021,592
LV,B,PETROL,Petrol,2022,710
LV,B,PETROL,Petrol,2023,527
LV,B,PETROL-ELECTRIC,Other,2016,1
LV,B,PETROL/ELECTRIC,PHEV,2019,1
LV,B,PETROL/ELECTRIC,PHEV,2022,2
LV,B,PETROL/ELECTRIC,PHEV,2023,4
LV,C,DIESEL,Diesel,2010,912
LV,C,DIESEL,Diesel,2011,1624
LV,C,DIESEL,Diesel,2012,1315
LV,C,DIESEL,Diesel,2013,1549
LV,C,DIESEL,Diesel,2014,1742
LV,C,DIESEL,Diesel,2015,1391
LV,C,DIESEL,Diesel,2016,1355
LV,C,DIESEL,Diesel,2017,1315
LV,C,DIESEL,Diesel,2018,1183
LV,C,DIESEL,Diesel,2019,1341
LV,C,DIESEL,Diesel,2020,1174
LV,C,DIESEL,Diesel,2021,530
LV,C,DIESEL,Diesel,2022,454
LV,C,DIESEL,Diesel,2023,468
LV,C,DIESEL,HEV,2020,3
LV,C,DIESEL,HEV,2021,154
LV,C,DIESEL,HEV,2022,50
LV,C,DIESEL,HEV,2023,60
LV,C,E85,Other,2011,5
LV,C,E85,Other,2012,3
LV,C,E85,Other,2013,2
LV,C,ELECTRIC,BEV,2014,5
LV,C,ELECTRIC,BEV,2015,5
LV,C,ELECTRIC,BEV,2016,5
LV,C,ELECTRIC,BEV,2017,15
LV,C,ELECTRIC,BEV,2018,39
LV,C,ELECTRIC,BEV,2019,32
LV,C,ELECTRIC,BEV,2020,74
LV,C,ELECTRIC,BEV,2021,88
LV,C,ELECTRIC,BEV,2022,380
LV,C,ELECTRIC,BEV,2023,417
LV,C,ELECTRIC,Other,2013,2
LV,C,ELECTRIC,Other,2014,12
LV,C,ELECTRIC,Other,2015,1
LV,C,LPG,Other,2012,6
LV,C,LPG,Other,2013,4
LV,C,LPG,Other,2014,11
LV,C,LPG,Other,2015,5
LV,C,LPG,Other,2016,2
LV,C,LPG,Other,2017,6
LV,C,LPG,Other,2018,7
LV,C,LPG,Other,2019,4
LV,C,LPG,Other,2020,3
LV,C,LPG,Other,2021,4
LV,C,LPG,Other,2022,76
LV,C,LPG,Other,2023,124
LV,C,NG,Other,2018,3
LV,C,NG,Other,2019,4
LV,C,NG,Other,2020,22
LV,C,NG,Other,2021,15
LV,C,NG,Other,2022,17
LV,C,NG,Other,2023,2
LV,C,NG-BIOMETHANE,Other,2015,4
LV,C,NG-BIOMETHANE,Other,2016,2
LV,C,NG-BIOMETHANE,Other,2017,11
LV,C,PETROL,HEV,2019,391
LV,C,PETROL,HEV,2020,514
LV,C,PETROL,HEV,2021,1056
LV,C,PETROL,HEV,2022,805
LV,C,PETROL,HEV,2023,1484
LV,C,PETROL,Petrol,2010,1369
LV,C,PETROL,Petrol,2011,1982
LV,C,PETROL,Petrol,2012,1648
LV,C,PETROL,Petrol,2013,1409
LV,C,PETROL,Petrol,2014,1773
LV,C,PETROL,Petrol,2015,2218
LV,C,PETROL,Petrol,2016,2857
LV,C,PETROL,Petrol,2017,2615
LV,C,PETROL,Petrol,2018,3039
LV,C,PETROL,Petrol,2019,2407
LV,C,PETROL,Petrol,2020,1541
LV,C,PETROL,Petrol,2021,1171
LV,C,PETROL,Petrol,2022,1277
LV,C,PETROL,Petrol,2023,1172
LV,C,PETROL-ELECTRIC,Other,2012,3
LV,C,PETROL-ELECTRIC,Other,2015,3
LV,C,PETROL-ELECTRIC,Other,2016,5
LV,C,PETROL/ELECTRIC,Other,2017,2
LV,C,PETROL/ELECTRIC,Other,2018,5
LV,C,PETROL/ELECTRIC,PHEV,2019,2
LV,C,PETROL/ELECTRIC,PHEV,2020,8
LV,C,PETROL/ELECTRIC,PHEV,2021,24
LV,C,PETROL/ELECTRIC,PHEV,2022,37
LV,C,PETROL/ELECTRIC,PHEV,2023,34
LV,D,CNG,Other,2020,1
LV,D,DIESEL,Diesel,2010,138
LV,D,DIESEL,Diesel,2011,522
LV,D,DIESEL,Diesel,2012,538
LV,D,DIESEL,Diesel,2013,494
LV,D,DIESEL,Diesel,2014,580
LV,D,DIESEL,Diesel,2015,632
LV,D,DIESEL,Diesel,2016,614
LV,D,DIESEL,Diesel,2017,659
LV,D,DIESEL,Diesel,2018,527
LV,D,DIESEL,Diesel,2019,418
LV,D,DIESEL,Diesel,2020,343
LV,D,DIESEL,Diesel,2021,312
LV,D,DIESEL,Diesel,2022,175
LV,D,DIESEL,Diesel,2023,247
LV,D,DIESEL,HEV,2020,8
LV,D,DIESEL,HEV,2021,22
LV,D,DIESEL,HEV,2022,25
LV,D,DIESEL,HEV,2023,20
LV,D,DIESEL-ELECTRIC,Other,2014,1
LV,D,E85,Other,2012,65
LV,D,ELECTRIC,BEV,2019,2
LV,D,ELECTRIC,BEV,2020,5
LV,D,ELECTRIC,BEV,2021,3
LV,D,ELECTRIC,BEV,2022,7
LV,D,ELECTRIC,BEV,2023,36
LV,D,LPG,Other,2014,1
LV,D,LPG,Other,2015,5
LV,D,LPG,Other,2017,1
LV,D,LPG,Other,2018,8
LV,D,LPG,Other,2019,15
LV,D,NG-BIOMETHANE,Other,2013,1
LV,D,PETROL,HEV,2019,54
LV,D,PETROL,HEV,2020,36
LV,D,PETROL,HEV,2021,57
LV,D,PETROL,HEV,2022,72
LV,D,PETROL,HEV,2023,99
LV,D,PETROL,Petrol,2010,358
LV,D,PETROL,Petrol,2011,629
LV,D,PETROL,Petrol,2012,555
LV,D,PETROL,Petrol,2013,519
LV,D,PETROL,Petrol,2014,514
LV,D,PETROL,Petrol,2015,606
LV,D,PETROL,Petrol,2016,771
LV,D,PETROL,Petrol,2017,891
LV,D,PETROL,Petrol,2018,873
LV,D,PETROL,Petrol,2019,774
LV,D,PETROL,Petrol,2020,435
LV,D,PETROL,Petrol,2021,389
LV,D,PETROL,Petrol,2022,580
LV,D,PETROL,Petrol,2023,567
LV,D,PETROL-ELECTRIC,Other,2015,1
LV,D,PETROL-ELECTRIC,Other,2016,3
LV,D,PETROL/ELECTRIC,Other,2017,4
LV,D,PETROL/ELECTRIC,Other,2018,4
LV,D,PETROL/ELECTRIC,PHEV,2019,1
LV,D,PETROL/ELECTRIC,PHEV,2020,14
LV,D,PETROL/ELECTRIC,PHEV,2021,11
LV,D,PETROL/ELECTRIC,PHEV,2022,8
LV,D,PETROL/ELECTRIC,PHEV,2023,21
LV,E,DIESEL,Diesel,2010,36
LV,E,DIESEL,Diesel,2011,101
LV,E,DIESEL,Diesel,2012,162
LV,E,DIESEL,Diesel,2013,211
LV,E,DIESEL,Diesel,2014,111
LV,E,DIESEL,Diesel,2015,129
LV,E,DIESEL,Diesel,2016,128
LV,E,DIESEL,Diesel,2017,142
LV,E,DIESEL,Diesel,2018,98
LV,E,DIESEL,Diesel,2019,49
LV,E,DIESEL,Diesel,2020,20
LV,E,DIESEL,Diesel,2021,24
LV,E,DIESEL,Diesel,2022,21
LV,E,DIESEL,Diesel,2023,19
LV,E,DIESEL,HEV,2019,40
LV,E,DIESEL,HEV,2020,25
LV,E,DIESEL,HEV,2021,13
LV,E,DIESEL,HEV,2022,17
LV,E,DIESEL,HEV,2023,38
LV,E,ELECTRIC,BEV,2022,12
LV,E,ELECTRIC,BEV,2023,19
LV,E,NG-BIOMETHANE,Other,2013,1
LV,E,PETROL,HEV,2019,148
LV,E,PETROL,HEV,2020,115
LV,E,PETROL,HEV,2021,159
LV,E,PETROL,HEV,2022,153
LV,E,PETROL,HEV,2023,150
LV,E,PETROL,Petrol,2010,34
LV,E,PETROL,Petrol,2011,62
LV,E,PETROL,Petrol,2012,94
LV,E,PETROL,Petrol,2013,109
LV,E,PETROL,Petrol,2014,68
LV,E,PETROL,Petrol,2015,46
LV,E,PETROL,Petrol,2016,64
LV,E,PETROL,Petrol,2017,116
LV,E,PETROL,Petrol,2018,92
LV,E,PETROL,Petrol,2019,121
LV,E,PETROL,Petrol,2020,30
LV,E,PETROL,Petrol,2021,30
LV,E,PETROL,Petrol,2022,46
LV,E,PETROL,Petrol,2023,51
LV,E,PETROL-ELECTRIC,Other,2014,1
LV,E,PETROL/ELECTRIC,Other,2017,1
LV,E,PETROL/ELECTRIC,Other,2018,1
LV,E,PETROL/ELECTRIC,PHEV,2019,1
LV,E,PETROL/ELECTRIC,PHEV,2020,1
LV,E,PETROL/ELECTRIC,PHEV,2021,6
LV,E,PETROL/ELECTRIC,PHEV,2022,11
LV,E,PETROL/ELECTRIC,PHEV,2023,4
LV,F,DIESEL,Diesel,2010,14
LV,F,DIESEL,Diesel,2011,18
LV,F,DIESEL,Diesel,2012,20
LV,F,DIESEL,Diesel,2013,22
LV,F,DIESEL,Diesel,2014,18
LV,F,DIESEL,Diesel,2015,25
LV,F,DIESEL,Diesel,2016,19
LV,F,DIESEL,Diesel,2017,5
LV,F,DIESEL,Diesel,2018,38
LV,F,DIESEL,Diesel,2019,3
LV,F,DIESEL,Diesel,2020,5
LV,F,DIESEL,Diesel,2021,15
LV,F,DIESEL,Diesel,2022,24
LV,F,DIESEL,Diesel,2023,13
LV,F,DIESEL,HEV,2019,5
LV,F,DIESEL,HEV,2020,2
LV,F,DIESEL,HEV,2023,2
LV,F,E85,Other,2011,5
LV,F,E85,Other,2012,12
LV,F,E85,Other,2017,2
LV,F,E85,Other,2018,3
LV,F,E85,Other,2019,3
LV,F,ELECTRIC,BEV,2014,3
LV,F,ELECTRIC,BEV,2015,7
LV,F,ELECTRIC,BEV,2016,2
LV,F,ELECTRIC,BEV,2018,1
LV,F,ELECTRIC,BEV,2020,17
LV,F,ELECTRIC,BEV,2021,36
LV,F,ELECTRIC,BEV,2022,56
LV,F,ELECTRIC,BEV,2023,76
LV,F,PETROL,HEV,2019,7
LV,F,PETROL,HEV,2020,3
LV,F,PETROL,HEV,2021,2
LV,F,PETROL,HEV,2022,2
LV,F,PETROL,HEV,2023,11
LV,F,PETROL,Petrol,2010,62
LV,F,PETROL,Petrol,2011,50
LV,F,PETROL,Petrol,2012,38
LV,F,PETROL,Petrol,2013,42
LV,F,PETROL,Petrol,2014,38
LV,F,PETROL,Petrol,2015,27
LV,F,PETROL,Petrol,2016,61
LV,F,PETROL,Petrol,2017,53
LV,F,PETROL,Petrol,2018,66
LV,F,PETROL,Petrol,2019,58
LV,F,PETROL,Petrol,2020,66
LV,F,PETROL,Petrol,2021,189
LV,F,PETROL,Petrol,2022,349
LV,F,PETROL,Petrol,2023,268
LV,F,PETROL-ELECTRIC,Other,2014,1
LV,F,PETROL-ELECTRIC,Other,2015,3
LV,F,PETROL/ELECTRIC,Other,2018,2
LV,JA,DIESEL,Diesel,2010,10
LV,JA,DIESEL,Diesel,2011,66
LV,JA,DIESEL,Diesel,2012,102
LV,JA,DIESEL,Diesel,2013,124
LV,JA,DIESEL,Diesel,2014,73
LV,JA,DIESEL,Diesel,2015,138
LV,JA,DIESEL,Diesel,2016,230
LV,JA,DIESEL,Diesel,2017,124
LV,JA,DIESEL,Diesel,2018,119
LV,JA,DIESEL,Diesel,2019,212
LV,JA,DIESEL,Diesel,2020,114
LV,JA,DIESEL,Diesel,2021,113
LV,JA,DIESEL,Diesel,2022,16
LV,JA,DIESEL,Diesel,2023,3
LV,JA,ELECTRIC,BEV,2022,2
LV,JA,ELECTRIC,BEV,2023,23
LV,JA,NG,Other,2020,8
LV,JA,NG,Other,2021,4
LV,JA,NG,Other,2022,7
LV,JA,NG,Other,2023,1
LV,JA,PETROL,HEV,2019,7
LV,JA,PETROL,HEV,2020,73
LV,JA,PETROL,HEV,2021,71
LV,JA,PETROL,HEV,2022,42
LV,JA,PETROL,HEV,2023,37
LV,JA,PETROL,Petrol,2010,3
LV,JA,PETROL,Petrol,2011,2
LV,JA,PETROL,Petrol,2012,1
LV,JA,PETROL,Petrol,2013,33
LV,JA,PETROL,Petrol,2014,1
LV,JA,PETROL,Petrol,2015,1
LV,JA,PETROL,Petrol,2016,61
LV,JA,PETROL,Petrol,2017,100
LV,JA,PETROL,Petrol,2018,102
LV,JA,PETROL,Petrol,2019,157
LV,JA,PETROL,Petrol,2020,260
LV,JA,PETROL,Petrol,2021,284
LV,JA,PETROL,Petrol,2022,256
LV,JA,PETROL,Petrol,2023,436
LV,JB,DIESEL,Diesel,2010,40
LV,JB,DIESEL,Diesel,2011,136
LV,JB,DIESEL,Diesel,2012,190
LV,JB,DIESEL,Diesel,2013,211
LV,JB,DIESEL,Diesel,2014,311
LV,JB,DIESEL,Diesel,2015,291
LV,JB,DIESEL,Diesel,2016,510
LV,JB,DIESEL,Diesel,2017,381
LV,JB,DIESEL,Diesel,2018,364
LV,JB,DIESEL,Diesel,2019,420
LV,JB,DIESEL,Diesel,2020,301
LV,JB,DIESEL,Diesel,2021,368
LV,JB,DIESEL,Diesel,2022,412
LV,JB,DIESEL,Diesel,2023,495
LV,JB,ELECTRIC,BEV,2017,1
LV,JB,ELECTRIC,BEV,2018,14
LV,JB,ELECTRIC,BEV,2019,27
LV,JB,ELECTRIC,BEV,2020,33
LV,JB,ELECTRIC,BEV,2021,60
LV,JB,ELECTRIC,BEV,2022,95
LV,JB,ELECTRIC,BEV,2023,223
LV,JB,LPG,Other,2012,11
LV,JB,LPG,Other,2013,15
LV,JB,LPG,Other,2014,11
LV,JB,LPG,Other,2015,6
LV,JB,LPG,Other,2016,1
LV,JB,LPG,Other,2017,3
LV,JB,LPG,Other,2018,8
LV,JB,LPG,Other,2019,63
LV,JB,LPG,Other,2020,68
LV,JB,LPG,Other,2021,155
LV,JB,LPG,Other,2022,88
LV,JB,LPG,Other,2023,77
LV,JB,PETROL,HEV,2019,32
LV,JB,PETROL,HEV,2020,104
LV,JB,PETROL,HEV,2021,217
LV,JB,PETROL,HEV,2022,435
LV,JB,PETROL,HEV,2023,751
LV,JB,PETROL,Petrol,2010,70
LV,JB,PETROL,Petrol,2011,310
LV,JB,PETROL,Petrol,2012,337
LV,JB,PETROL,Petrol,2013,284
LV,JB,PETROL,Petrol,2014,456
LV,JB,PETROL,Petrol,2015,491
LV,JB,PETROL,Petrol,2016,634
LV,JB,PETROL,Petrol,2017,754
LV,JB,PETROL,Petrol,2018,1073
LV,JB,PETROL,Petrol,2019,1130
LV,JB,PETROL,Petrol,2020,893
LV,JB,PETROL,Petrol,2021,1209
LV,JB,PETROL,Petrol,2022,1781
LV,JB,PETROL,Petrol,2023,1817
LV,JB,PETROL/ELECTRIC,Other,2018,1
LV,JB,PETROL/ELECTRIC,PHEV,2019,1
LV,JB,PETROL/ELECTRIC,PHEV,2020,7
LV,JB,PETROL/ELECTRIC,PHEV,2021,10
LV,JB,PETROL/ELECTRIC,PHEV,2022,11
LV,JB,PETROL/ELECTRIC,PHEV,2023,1
LV,JC,DIESEL,Diesel,2010,238
LV,JC,DIESEL,Diesel,2011,970
LV,JC,DIESEL,Diesel,2012,1081
LV,JC,DIESEL,Diesel,2013,836
LV,JC,DIESEL,Diesel,2014,1197
LV,JC,DIESEL,Diesel,2015,1328
LV,JC,DIESEL,Diesel,2016,1136
LV,JC,DIESEL,Diesel,2017,1255
LV,JC,DIESEL,Diesel,2018,1321
LV,JC,DIESEL,Diesel,2019,1531
LV,JC,DIESEL,Diesel,2020,940
LV,JC,DIESEL,Diesel,2021,602
LV,JC,DIESEL,Diesel,2022,475
LV,JC,DIESEL,Diesel,2023,502
LV,JC,DIESEL,HEV,2020,2
LV,JC,DIESEL,HEV,2021,110
LV,JC,DIESEL,HEV,2022,103
LV,JC,DIESEL,HEV,2023,131
LV,JC,ELECTRIC,BEV,2018,4
LV,JC,ELECTRIC,BEV,2019,6
LV,JC,ELECTRIC,BEV,2020,8
LV,JC,ELECTRIC,BEV,2021,147
LV,JC,ELECTRIC,BEV,2022,216
LV,JC,ELECTRIC,BEV,2023,417
LV,JC,LPG,Other,2012,1
LV,JC,PETROL,HEV,2019,401
LV,JC,PETROL,HEV,2020,301
LV,JC,PETROL,HEV,2021,789
LV,JC,PETROL,HEV,2022,1564
LV,JC,PETROL,HEV,2023,1745
LV,JC,PETROL,Petrol,2010,405
LV,JC,PETROL,Petrol,2011,619
LV,JC,PETROL,Petrol,2012,495
LV,JC,PETROL,Petrol,2013,611
LV,JC,PETROL,Petrol,2014,854
LV,JC,PETROL,Petrol,2015,1106
LV,JC,PETROL,Petrol,2016,1488
LV,JC,PETROL,Petrol,2017,1804
LV,JC,PETROL,Petrol,2018,1742
LV,JC,PETROL,Petrol,2019,1642
LV,JC,PETROL,Petrol,2020,1381
LV,JC,PETROL,Petrol,2021,1583
LV,JC,PETROL,Petrol,2022,1106
LV,JC,PETROL,Petrol,2023,1030
LV,JC,PETROL/ELECTRIC,Other,2018,1
LV,JC,PETROL/ELECTRIC,PHEV,2020,10
LV,JC,PETROL/ELECTRIC,PHEV,2021,51
LV,JC,PETROL/ELECTRIC,PHEV,2022,87
LV,JC,PETROL/ELECTRIC,PHEV,2023,51
LV,JD,DIESEL,Diesel,2010,157
LV,JD,DIESEL,Diesel,2011,401
LV,JD,DIESEL,Diesel,2012,407
LV,JD,DIESEL,Diesel,2013,538
LV,JD,DIESEL,Diesel,2014,534
LV,JD,DIESEL,Diesel,2015,524
LV,JD,DIESEL,Diesel,2016,295
LV,JD,DIESEL,Diesel,2017,401
LV,JD,DIESEL,Diesel,2018,280
LV,JD,DIESEL,Diesel,2019,223
LV,JD,DIESEL,Diesel,2020,118
LV,JD,DIESEL,Diesel,2021,162
LV,JD,DIESEL,Diesel,2022,51
LV,JD,DIESEL,Diesel,2023,93
LV,JD,DIESEL,HEV,2019,54
LV,JD,DIESEL,HEV,2020,61
LV,JD,DIESEL,HEV,2021,250
LV,JD,DIESEL,HEV,2022,261
LV,JD,DIESEL,HEV,2023,324
LV,JD,E85,Other,2013,2
LV,JD,E85,Other,2015,2
LV,JD,ELECTRIC,BEV,2021,4
LV,JD,ELECTRIC,BEV,2022,15
LV,JD,ELECTRIC,BEV,2023,126
LV,JD,PETROL,HEV,2019,438
LV,JD,PETROL,HEV,2020,406
LV,JD,PETROL,HEV,2021,467
LV,JD,PETROL,HEV,2022,675
LV,JD,PETROL,HEV,2023,639
LV,JD,PETROL,Other,2012,1
LV,JD,PETROL,Petrol,2010,233
LV,JD,PETROL,Petrol,2011,354
LV,JD,PETROL,Petrol,2012,308
LV,JD,PETROL,Petrol,2013,514
LV,JD,PETROL,Petrol,2014,474
LV,JD,PETROL,Petrol,2015,766
LV,JD,PETROL,Petrol,2016,832
LV,JD,PETROL,Petrol,2017,703
LV,JD,PETROL,Petrol,2018,912
LV,JD,PETROL,Petrol,2019,893
LV,JD,PETROL,Petrol,2020,527
LV,JD,PETROL,Petrol,2021,565
LV,JD,PETROL,Petrol,2022,624
LV,JD,PETROL,Petrol,2023,676
LV,JD,PETROL-ELECTRIC,Other,2016,4
LV,JD,PETROL/ELECTRIC,Other,2017,5
LV,JD,PETROL/ELECTRIC,Other,2018,1
LV,JD,PETROL/ELECTRIC,PHEV,2019,3
LV,JD,PETROL/ELECTRIC,PHEV,2020,5
LV,JD,PETROL/ELECTRIC,PHEV,2021,18
LV,JD,PETROL/ELECTRIC,PHEV,2022,99
LV,JD,PETROL/ELECTRIC,PHEV,2023,126
LV,JE,DIESEL,Diesel,2010,52
LV,JE,DIESEL,Diesel,2011,88
LV,JE,DIESEL,Diesel,2012,112
LV,JE,DIESEL,Diesel,2013,77
LV,JE,DIESEL,Diesel,2014,209
LV,JE,DIESEL,Diesel,2015,254
LV,JE,DIESEL,Diesel,2016,110
LV,JE,DIESEL,Diesel,2017,174
LV,JE,DIESEL,Diesel,2018,112
LV,JE,DIESEL,Diesel,2019,91
LV,JE,DIESEL,Diesel,2020,65
LV,JE,DIESEL,Diesel,2021,68
LV,JE,DIESEL,Diesel,2022,23
LV,JE,DIESEL,Diesel,2023,16
LV,JE,DIESEL,HEV,2019,3
LV,JE,DIESEL,HEV,2020,3
LV,JE,DIESEL,HEV,2021,197
LV,JE,DIESEL,HEV,2022,295
LV,JE,DIESEL,HEV,2023,344
LV,JE,E85,Other,2011,1
LV,JE,ELECTRIC,BEV,2016,4
LV,JE,ELECTRIC,BEV,2017,2
LV,JE,ELECTRIC,BEV,2018,1
LV,JE,ELECTRIC,BEV,2019,1
LV,JE,ELECTRIC,BEV,2021,2
LV,JE,ELECTRIC,BEV,2022,33
LV,JE,ELECTRIC,BEV,2023,48
LV,JE,PETROL,HEV,2019,95
LV,JE,PETROL,HEV,2020,74
LV,JE,PETROL,HEV,2021,198
LV,JE,PETROL,HEV,2022,259
LV,JE,PETROL,HEV,2023,179
LV,JE,PETROL,Petrol,2010,96
LV,JE,PETROL,Petrol,2011,114
LV,JE,PETROL,Petrol,2012,109
LV,JE,PETROL,Petrol,2013,99
LV,JE,PETROL,Petrol,2014,99
LV,JE,PETROL,Petrol,2015,82
LV,JE,PETROL,Petrol,2016,125
LV,JE,PETROL,Petrol,2017,113
LV,JE,PETROL,Petrol,2018,151
LV,JE,PETROL,Petrol,2019,23
LV,JE,PETROL,Petrol,2020,18
LV,JE,PETROL,Petrol,2021,53
LV,JE,PETROL,Petrol,2022,68
LV,JE,PETROL,Petrol,2023,105
LV,JE,PETROL-ELECTRIC,Other,2015,1
LV,JE,PETROL/ELECTRIC,Other,2017,1
LV,JE,PETROL/ELECTRIC,PHEV,2021,12
LV,JE,PETROL/ELECTRIC,PHEV,2022,21
LV,JE,PETROL/ELECTRIC,PHEV,2023,71
LV,JF,DIESEL,Diesel,2010,192
LV,JF,DIESEL,Diesel,2011,229
LV,JF,DIESEL,Diesel,2012,286
LV,JF,DIESEL,Diesel,2013,181
LV,JF,DIESEL,Diesel,2014,291
LV,JF,DIESEL,Diesel,2015,303
LV,JF,DIESEL,Diesel,2016,110
LV,JF,DIESEL,Diesel,2017,82
LV,JF,DIESEL,Diesel,2018,57
LV,JF,DIESEL,Diesel,2019,32
LV,JF,DIESEL,Diesel,2020,12
LV,JF,DIESEL,Diesel,2021,119
LV,JF,DIESEL,Diesel,2022,138
LV,JF,DIESEL,Diesel,2023,106
LV,JF,DIESEL,HEV,2019,4
LV,JF,DIESEL,HEV,2020,3
LV,JF,DIESEL,HEV,2021,10
LV,JF,DIESEL,HEV,2022,58
LV,JF,DIESEL,HEV,2023,95
LV,JF,ELECTRIC,BEV,2019,10
LV,JF,ELECTRIC,BEV,2020,14
LV,JF,ELECTRIC,BEV,2021,19
LV,JF,ELECTRIC,BEV,2022,107
LV,JF,ELECTRIC,BEV,2023,37
LV,JF,PETROL,HEV,2019,2
LV,JF,PETROL,HEV,2021,2
LV,JF,PETROL,HEV,2022,7
LV,JF,PETROL,HEV,2023,23
LV,JF,PETROL,Petrol,2010,14
LV,JF,PETROL,Petrol,2011,12
LV,JF,PETROL,Petrol,2012,23
LV,JF,PETROL,Petrol,2013,21
LV,JF,PETROL,Petrol,2014,17
LV,JF,PETROL,Petrol,2015,11
LV,JF,PETROL,Petrol,2016,4
LV,JF,PETROL,Petrol,2017,14
LV,JF,PETROL,Petrol,2018,16
LV,JF,PETROL,Petrol,2019,8
LV,JF,PETROL,Petrol,2021,33
LV,JF,PETROL,Petrol,2022,41
LV,JF,PETROL,Petrol,2023,37
LV,JF,PETROL/ELECTRIC,PHEV,2020,19
LV,JF,PETROL/ELECTRIC,PHEV,2022,5
LV,JF,PETROL/ELECTRIC,PHEV,2023,5
LV,V,DIESEL,Diesel,2010,251
LV,V,DIESEL,Diesel,2011,440
LV,V,DIESEL,Diesel,2012,399
LV,V,DIESEL,Diesel,2013,386
LV,V,DIESEL,Diesel,2014,386
LV,V,DIESEL,Diesel,2015,453
LV,V,DIESEL,Diesel,2016,529
LV,V,DIESEL,Diesel,2017,732
LV,V,DIESEL,Diesel,2018,778
LV,V,DIESEL,Diesel,2019,903
LV,V,DIESEL,Diesel,2020,662
LV,V,DIESEL,Diesel,2021,522
LV,V,DIESEL,Diesel,2022,474
LV,V,DIESEL,Diesel,2023,506
LV,V,DIESEL,HEV,2020,1
LV,V,DIESEL,HEV,2021,14
LV,V,DIESEL,HEV,2022,11
LV,V,DIESEL,HEV,2023,3
LV,V,ELECTRIC,BEV,2021,6
LV,V,ELECTRIC,BEV,2022,31
LV,V,ELECTRIC,BEV,2023,72
LV,V,NG,Other,2019,9
LV,V,NG,Other,2020,3
LV,V,NG-BIOMETHANE,Other,2011,1
LV,V,NG-BIOMETHANE,Other,2015,1
LV,V,PETROL,HEV,2021,1
LV,V,PETROL,HEV,2022,5
LV,V,PETROL,HEV,2023,1
LV,V,PETROL,Petrol,2010,16
LV,V,PETROL,Petrol,2011,56
LV,V,PETROL,Petrol,2012,13
LV,V,PETROL,Petrol,2013,14
LV,V,PETROL,Petrol,2014,4
LV,V,PETROL,Petrol,2015,14
LV,V,PETROL,Petrol,2016,12
LV,V,PETROL,Petrol,2017,7
LV,V,PETROL,Petrol,2018,15
LV,V,PETROL,Petrol,2019,23
LV,V,PETROL,Petrol,2020,41
LV,V,PETROL,Petrol,2021,56
LV,V,PETROL,Petrol,2022,83
LV,V,PETROL,Petrol,2023,61
LV,V,PETROL/ELECTRIC,PHEV,2022,8
LV,V,PETROL/ELECTRIC,PHEV,2023,17
MT,,DIESEL,Diesel,2010,23
MT,,DIESEL,Diesel,2011,51
MT,,DIESEL,Diesel,2012,123
MT,,DIESEL,Diesel,2013,214
MT,,DIESEL,Diesel,2014,236
MT,,DIESEL,Diesel,2015,146
MT,,DIESEL,Diesel,2016,153
MT,,DIESEL,Diesel,2017,51
MT,,DIESEL,Diesel,2018,66
MT,,DIESEL,Diesel,2019,28
MT,,DIESEL,Diesel,2020,12
MT,,DIESEL,Diesel,2021,12
MT,,DIESEL,Diesel,2022,23
MT,,DIESEL,Diesel,2023,5
MT,,DIESEL,HEV,2023,1
MT,,DIESEL,Other,2010,117
MT,,DIESEL,Other,2011,1385
MT,,DIESEL,Other,2012,45
MT,,DIESEL/ELECTRIC,PHEV,2020,1
MT,,ELECTRIC,BEV,2014,16
MT,,ELECTRIC,BEV,2016,4
MT,,ELECTRIC,BEV,2019,1
MT,,ELECTRIC,BEV,2020,4
MT,,ELECTRIC,BEV,2021,16
MT,,ELECTRIC,BEV,2022,51
MT,,ELECTRIC,BEV,2023,153
MT,,ELECTRIC,Other,2012,1
MT,,ELECTRIC,Other,2013,5
MT,,ELECTRIC,Other,2018,3
MT,,LPG,Other,2013,1
MT,,PETROL,HEV,2020,1
MT,,PETROL,HEV,2021,2
MT,,PETROL,HEV,2022,26
MT,,PETROL,HEV,2023,19
MT,,PETROL,Other,2010,173
MT,,PETROL,Other,2011,4452
MT,,PETROL,Other,2012,43
MT,,PETROL,Petrol,2010,11
MT,,PETROL,Petrol,2011,2
MT,,PETROL,Petrol,2012,77
MT,,PETROL,Petrol,2013,108
MT,,PETROL,Petrol,2014,93
MT,,PETROL,Petrol,2015,87
MT,,PETROL,Petrol,2016,86
MT,,PETROL,Petrol,2017,31
MT,,PETROL,Petrol,2018,138
MT,,PETROL,Petrol,2019,13
MT,,PETROL,Petrol,2020,35
MT,,PETROL,Petrol,2021,36
MT,,PETROL,Petrol,2022,6
MT,,PETROL,Petrol,2023,2
MT,,PETROL ,Other,2013,1
MT,,PETROL/ELECTRIC,Other,2018,2
MT,,PETROL/ELECTRIC,PHEV,2020,2
MT,,PETROL/ELECTRIC,PHEV,2021,2
MT,,PETROL/ELECTRIC,PHEV,2022,24
MT,,PETROL/ELECTRIC,PHEV,2023,42
MT,A,DIESEL,Diesel,2012,131
MT,A,DIESEL,Diesel,2013,78
MT,A,DIESEL,Diesel,2014,89
MT,A,DIESEL,Diesel,2015,108
MT,A,DIESEL,Diesel,2016,123
MT,A,DIESEL,Diesel,2017,102
MT,A,DIESEL,Diesel,2018,61
MT,A,DIESEL,Diesel,2019,43
MT,A,DIESEL,Diesel,2020,9
MT,A,DIESEL,Diesel,2021,8
MT,A,DIESEL,Other,2010,122
MT,A,ELECTRIC,BEV,2014,2
MT,A,ELECTRIC,BEV,2016,4
MT,A,ELECTRIC,BEV,2017,7
MT,A,ELECTRIC,BEV,2018,29
MT,A,ELECTRIC,BEV,2019,54
MT,A,ELECTRIC,BEV,2020,38
MT,A,ELECTRIC,BEV,2021,97
MT,A,ELECTRIC,BEV,2022,212
MT,A,ELECTRIC,BEV,2023,206
MT,A,ELECTRIC,Other,2018,162
MT,A,LPG,Other,2014,4
MT,A,PETROL,HEV,2020,13
MT,A,PETROL,HEV,2021,70
MT,A,PETROL,HEV,2022,81
MT,A,PETROL,HEV,2023,27
MT,A,PETROL,Other,2010,971
MT,A,PETROL,Other,2011,140
MT,A,PETROL,Other,2012,89
MT,A,PETROL,Other,2015,1
MT,A,PETROL,Petrol,2010,17
MT,A,PETROL,Petrol,2011,15
MT,A,PETROL,Petrol,2012,1170
MT,A,PETROL,Petrol,2013,1369
MT,A,PETROL,Petrol,2014,1468
MT,A,PETROL,Petrol,2015,1639
MT,A,PETROL,Petrol,2016,1586
MT,A,PETROL,Petrol,2017,1659
MT,A,PETROL,Petrol,2018,1583
MT,A,PETROL,Petrol,2019,1233
MT,A,PETROL,Petrol,2020,609
MT,A,PETROL,Petrol,2021,572
MT,A,PETROL,Petrol,2022,642
MT,A,PETROL,Petrol,2023,873
MT,A,PETROL/ELECTRIC,PHEV,2023,5
MT,B,DIESEL,Diesel,2010,14
MT,B,DIESEL,Diesel,2011,18
MT,B,DIESEL,Diesel,2012,282
MT,B,DIESEL,Diesel,2013,347
MT,B,DIESEL,Diesel,2014,414
MT,B,DIESEL,Diesel,2015,403
MT,B,DIESEL,Diesel,2016,362
MT,B,DIESEL,Diesel,2017,368
MT,B,DIESEL,Diesel,2018,273
MT,B,DIESEL,Diesel,2019,201
MT,B,DIESEL,Diesel,2020,123
MT,B,DIESEL,Diesel,2021,64
MT,B,DIESEL,Diesel,2022,27
MT,B,DIESEL,Diesel,2023,21
MT,B,DIESEL,HEV,2020,1
MT,B,DIESEL,HEV,2021,1
MT,B,DIESEL,HEV,2023,1
MT,B,DIESEL,Other,2010,162
MT,B,DIESEL,Other,2011,2
MT,B,DIESEL,Other,2012,22
MT,B,ELECTRIC,BEV,2014,1
MT,B,ELECTRIC,BEV,2016,4
MT,B,ELECTRIC,BEV,2017,1
MT,B,ELECTRIC,BEV,2019,3
MT,B,ELECTRIC,BEV,2020,31
MT,B,ELECTRIC,BEV,2021,61
MT,B,ELECTRIC,BEV,2022,94
MT,B,ELECTRIC,BEV,2023,135
MT,B,ELECTRIC,Other,2018,2
MT,B,LPG,Other,2013,1
MT,B,LPG,Other,2014,2
MT,B,LPG,Other,2022,2
MT,B,LPG,Other,2023,1
MT,B,PETROL,HEV,2020,2
MT,B,PETROL,HEV,2021,273
MT,B,PETROL,HEV,2022,354
MT,B,PETROL,HEV,2023,338
MT,B,PETROL,Other,2010,1380
MT,B,PETROL,Other,2011,119
MT,B,PETROL,Other,2012,408
MT,B,PETROL,Other,2015,2
MT,B,PETROL,Petrol,2010,48
MT,B,PETROL,Petrol,2011,35
MT,B,PETROL,Petrol,2012,1619
MT,B,PETROL,Petrol,2013,1740
MT,B,PETROL,Petrol,2014,1571
MT,B,PETROL,Petrol,2015,1481
MT,B,PETROL,Petrol,2016,1491
MT,B,PETROL,Petrol,2017,1656
MT,B,PETROL,Petrol,2018,1968
MT,B,PETROL,Petrol,2019,2089
MT,B,PETROL,Petrol,2020,1015
MT,B,PETROL,Petrol,2021,811
MT,B,PETROL,Petrol,2022,950
MT,B,PETROL,Petrol,2023,660
MT,B,PETROL/ELECTRIC,Other,2018,64
MT,B,PETROL/ELECTRIC,PHEV,2019,23
MT,B,PETROL/ELECTRIC,PHEV,2020,30
MT,B,PETROL/ELECTRIC,PHEV,2021,23
MT,B,PETROL/ELECTRIC,PHEV,2022,3
MT,B,PETROL/ELECTRIC,PHEV,2023,5
MT,B,UNKNOWN,Other,2021,2
MT,C,DIESEL,Diesel,2010,46
MT,C,DIESEL,Diesel,2011,56
MT,C,DIESEL,Diesel,2012,298
MT,C,DIESEL,Diesel,2013,290
MT,C,DIESEL,Diesel,2014,362
MT,C,DIESEL,Diesel,2015,445
MT,C,DIESEL,Diesel,2016,420
MT,C,DIESEL,Diesel,2017,517
MT,C,DIESEL,Diesel,2018,639
MT,C,DIESEL,Diesel,2019,546
MT,C,DIESEL,Diesel,2020,206
MT,C,DIESEL,Diesel,2021,72
MT,C,DIESEL,Diesel,2022,105
MT,C,DIESEL,Diesel,2023,274
MT,C,DIESEL,HEV,2020,2
MT,C,DIESEL,HEV,2021,3
MT,C,DIESEL,HEV,2022,9
MT,C,DIESEL,HEV,2023,10
MT,C,DIESEL,Other,2010,265
MT,C,DIESEL,Other,2011,7
MT,C,DIESEL,Other,2012,21
MT,C,DIESEL,Other,2015,1
MT,C,DIESEL/ELECTRIC,Other,2017,2
MT,C,DIESEL/ELECTRIC,PHEV,2019,1
MT,C,DIESEL/ELECTRIC,PHEV,2020,3
MT,C,DIESEL/ELECTRIC,PHEV,2021,2
MT,C,DIESEL/ELECTRIC,PHEV,2022,1
MT,C,DIESEL/ELECTRIC,PHEV,2023,3
MT,C,E85,Other,2012,1
MT,C,ELECTRIC,BEV,2014,1
MT,C,ELECTRIC,BEV,2015,3
MT,C,ELECTRIC,BEV,2016,7
MT,C,ELECTRIC,BEV,2017,13
MT,C,ELECTRIC,BEV,2019,92
MT,C,ELECTRIC,BEV,2020,46
MT,C,ELECTRIC,BEV,2021,104
MT,C,ELECTRIC,BEV,2022,175
MT,C,ELECTRIC,BEV,2023,200
MT,C,ELECTRIC,Other,2010,11
MT,C,ELECTRIC,Other,2018,60
MT,C,LPG,Other,2013,1
MT,C,LPG,Other,2014,3
MT,C,LPG,Other,2021,1
MT,C,PETROL,HEV,2021,71
MT,C,PETROL,HEV,2022,153
MT,C,PETROL,HEV,2023,159
MT,C,PETROL,Other,2010,358
MT,C,PETROL,Other,2011,29
MT,C,PETROL,Other,2012,35
MT,C,PETROL,Petrol,2010,47
MT,C,PETROL,Petrol,2011,11
MT,C,PETROL,Petrol,2012,335
MT,C,PETROL,Petrol,2013,353
MT,C,PETROL,Petrol,2014,278
MT,C,PETROL,Petrol,2015,341
MT,C,PETROL,Petrol,2016,413
MT,C,PETROL,Petrol,2017,442
MT,C,PETROL,Petrol,2018,343
MT,C,PETROL,Petrol,2019,284
MT,C,PETROL,Petrol,2020,111
MT,C,PETROL,Petrol,2021,87
MT,C,PETROL,Petrol,2022,45
MT,C,PETROL,Petrol,2023,56
MT,C,PETROL/ELECTRIC,Other,2017,2
MT,C,PETROL/ELECTRIC,Other,2018,2
MT,C,PETROL/ELECTRIC,PHEV,2019,1
MT,C,PETROL/ELECTRIC,PHEV,2020,40
MT,C,PETROL/ELECTRIC,PHEV,2021,182
MT,C,PETROL/ELECTRIC,PHEV,2022,258
MT,C,PETROL/ELECTRIC,PHEV,2023,147
MT,D,DIESEL,Diesel,2012,97
MT,D,DIESEL,Diesel,2013,65
MT,D,DIESEL,Diesel,2014,95
MT,D,DIESEL,Diesel,2015,123
MT,D,DIESEL,Diesel,2016,141
MT,D,DIESEL,Diesel,2017,112
MT,D,DIESEL,Diesel,2018,66
MT,D,DIESEL,Diesel,2019,107
MT,D,DIESEL,Diesel,2020,28
MT,D,DIESEL,Diesel,2021,15
MT,D,DIESEL,Diesel,2022,44
MT,D,DIESEL,Diesel,2023,94
MT,D,DIESEL,HEV,2020,7
MT,D,DIESEL,HEV,2021,7
MT,D,DIESEL,HEV,2022,3
MT,D,DIESEL,HEV,2023,1
MT,D,DIESEL,Other,2010,57
MT,D,DIESEL,Other,2012,20
MT,D,ELECTRIC,BEV,2022,3
MT,D,ELECTRIC,BEV,2023,8
MT,D,PETROL,HEV,2022,1
MT,D,PETROL,HEV,2023,1
MT,D,PETROL,Other,2010,45
MT,D,PETROL,Petrol,2010,13
MT,D,PETROL,Petrol,2012,11
MT,D,PETROL,Petrol,2013,18
MT,D,PETROL,Petrol,2014,4
MT,D,PETROL,Petrol,2015,6
MT,D,PETROL,Petrol,2016,14
MT,D,PETROL,Petrol,2017,8
MT,D,PETROL,Petrol,2018,8
MT,D,PETROL,Petrol,2019,6
MT,D,PETROL,Petrol,2020,1
MT,D,PETROL,Petrol,2021,5
MT,D,PETROL,Petrol,2022,7
MT,D,PETROL,Petrol,2023,23
MT,D,PETROL/ELECTRIC,Other,2017,1
MT,D,PETROL/ELECTRIC,PHEV,2021,27
MT,D,PETROL/ELECTRIC,PHEV,2022,78
MT,D,PETROL/ELECTRIC,PHEV,2023,166
MT,E,DIESEL,Diesel,2012,22
MT,E,DIESEL,Diesel,2013,19
MT,E,DIESEL,Diesel,2014,31
MT,E,DIESEL,Diesel,2015,13
MT,E,DIESEL,Diesel,2016,11
MT,E,DIESEL,Diesel,2017,46
MT,E,DIESEL,Diesel,2018,25
MT,E,DIESEL,Diesel,2019,19
MT,E,DIESEL,Diesel,2020,6
MT,E,DIESEL,Diesel,2021,6
MT,E,DIESEL,HEV,2020,1
MT,E,DIESEL,HEV,2022,4
MT,E,DIESEL,HEV,2023,3
MT,E,DIESEL,Other,2010,16
MT,E,DIESEL,Other,2012,2
MT,E,ELECTRIC,BEV,2022,6
MT,E,ELECTRIC,BEV,2023,19
MT,E,PETROL,HEV,2021,1
MT,E,PETROL,HEV,2022,4
MT,E,PETROL,Other,2010,9
MT,E,PETROL,Petrol,2012,4
MT,E,PETROL,Petrol,2013,1
MT,E,PETROL,Petrol,2014,8
MT,E,PETROL,Petrol,2015,6
MT,E,PETROL,Petrol,2016,5
MT,E,PETROL,Petrol,2017,5
MT,E,PETROL,Petrol,2018,3
MT,E,PETROL,Petrol,2019,5
MT,E,PETROL,Petrol,2020,5
MT,E,PETROL,Petrol,2021,4
MT,E,PETROL,Petrol,2023,1
MT,E,PETROL/ELECTRIC,PHEV,2019,2
MT,E,PETROL/ELECTRIC,PHEV,2021,4
MT,E,PETROL/ELECTRIC,PHEV,2022,1
MT,F,DIESEL,Diesel,2012,42
MT,F,DIESEL,Diesel,2013,39
MT,F,DIESEL,Diesel,2014,42
MT,F,DIESEL,Diesel,2015,33
MT,F,DIESEL,Diesel,2016,27
MT,F,DIESEL,Diesel,2017,21
MT,F,DIESEL,Diesel,2018,16
MT,F,DIESEL,Diesel,2019,26
MT,F,DIESEL,Diesel,2020,16
MT,F,DIESEL,Diesel,2021,12
MT,F,DIESEL,Diesel,2022,12
MT,F,DIESEL,Diesel,2023,12
MT,F,DIESEL,Other,2010,49
MT,F,DIESEL,Other,2011,2
MT,F,ELECTRIC,BEV,2014,1
MT,F,ELECTRIC,BEV,2020,1
MT,F,ELECTRIC,BEV,2021,9
MT,F,ELECTRIC,BEV,2022,20
MT,F,ELECTRIC,BEV,2023,39
MT,F,ELECTRIC,Other,2018,1
MT,F,PETROL,HEV,2020,1
MT,F,PETROL,HEV,2023,21
MT,F,PETROL,Other,2010,236
MT,F,PETROL,Other,2011,2
MT,F,PETROL,Petrol,2012,282
MT,F,PETROL,Petrol,2013,312
MT,F,PETROL,Petrol,2014,324
MT,F,PETROL,Petrol,2015,409
MT,F,PETROL,Petrol,2016,515
MT,F,PETROL,Petrol,2017,534
MT,F,PETROL,Petrol,2018,528
MT,F,PETROL,Petrol,2019,463
MT,F,PETROL,Petrol,2020,147
MT,F,PETROL,Petrol,2021,192
MT,F,PETROL,Petrol,2022,106
MT,F,PETROL,Petrol,2023,50
MT,JA,DIESEL,Diesel,2012,2
MT,JA,DIESEL,Diesel,2013,2
MT,JA,DIESEL,Diesel,2014,14
MT,JA,DIESEL,Diesel,2015,10
MT,JA,DIESEL,Diesel,2016,15
MT,JA,DIESEL,Diesel,2017,56
MT,JA,DIESEL,Diesel,2018,46
MT,JA,DIESEL,Diesel,2019,57
MT,JA,DIESEL,Diesel,2020,28
MT,JA,DIESEL,Diesel,2021,10
MT,JA,DIESEL,Diesel,2022,14
MT,JA,DIESEL,Diesel,2023,6
MT,JA,DIESEL,Other,2010,5
MT,JA,ELECTRIC,BEV,2022,3
MT,JA,ELECTRIC,BEV,2023,6
MT,JA,PETROL,HEV,2021,56
MT,JA,PETROL,HEV,2022,49
MT,JA,PETROL,HEV,2023,45
MT,JA,PETROL,Petrol,2016,1
MT,JA,PETROL,Petrol,2017,57
MT,JA,PETROL,Petrol,2018,59
MT,JA,PETROL,Petrol,2019,51
MT,JA,PETROL,Petrol,2020,69
MT,JA,PETROL,Petrol,2021,53
MT,JA,PETROL,Petrol,2022,40
MT,JA,PETROL,Petrol,2023,51
MT,JB,DIESEL,Diesel,2012,74
MT,JB,DIESEL,Diesel,2013,179
MT,JB,DIESEL,Diesel,2014,520
MT,JB,DIESEL,Diesel,2015,572
MT,JB,DIESEL,Diesel,2016,483
MT,JB,DIESEL,Diesel,2017,412
MT,JB,DIESEL,Diesel,2018,323
MT,JB,DIESEL,Diesel,2019,365
MT,JB,DIESEL,Diesel,2020,149
MT,JB,DIESEL,Diesel,2021,86
MT,JB,DIESEL,Diesel,2022,71
MT,JB,DIESEL,Diesel,2023,42
MT,JB,DIESEL,HEV,2023,1
MT,JB,DIESEL,Other,2010,7
MT,JB,DIESEL,Other,2012,1
MT,JB,DIESEL/ELECTRIC,PHEV,2023,1
MT,JB,ELECTRIC,BEV,2016,2
MT,JB,ELECTRIC,BEV,2019,10
MT,JB,ELECTRIC,BEV,2020,18
MT,JB,ELECTRIC,BEV,2021,54
MT,JB,ELECTRIC,BEV,2022,167
MT,JB,ELECTRIC,BEV,2023,248
MT,JB,ELECTRIC,Other,2018,5
MT,JB,LPG,Other,2021,3
MT,JB,PETROL,HEV,2020,38
MT,JB,PETROL,HEV,2021,223
MT,JB,PETROL,HEV,2022,427
MT,JB,PETROL,HEV,2023,836
MT,JB,PETROL,Other,2010,7
MT,JB,PETROL,Petrol,2010,2
MT,JB,PETROL,Petrol,2012,73
MT,JB,PETROL,Petrol,2013,93
MT,JB,PETROL,Petrol,2014,77
MT,JB,PETROL,Petrol,2015,136
MT,JB,PETROL,Petrol,2016,306
MT,JB,PETROL,Petrol,2017,362
MT,JB,PETROL,Petrol,2018,386
MT,JB,PETROL,Petrol,2019,763
MT,JB,PETROL,Petrol,2020,770
MT,JB,PETROL,Petrol,2021,741
MT,JB,PETROL,Petrol,2022,600
MT,JB,PETROL,Petrol,2023,703
MT,JB,PETROL/ELECTRIC,PHEV,2020,6
MT,JB,PETROL/ELECTRIC,PHEV,2021,76
MT,JB,PETROL/ELECTRIC,PHEV,2022,180
MT,JB,PETROL/ELECTRIC,PHEV,2023,81
MT,JC,DIESEL,Diesel,2012,278
MT,JC,DIESEL,Diesel,2013,365
MT,JC,DIESEL,Diesel,2014,459
MT,JC,DIESEL,Diesel,2015,601
MT,JC,DIESEL,Diesel,2016,589
MT,JC,DIESEL,Diesel,2017,620
MT,JC,DIESEL,Diesel,2018,603
MT,JC,DIESEL,Diesel,2019,414
MT,JC,DIESEL,Diesel,2020,267
MT,JC,DIESEL,Diesel,2021,85
MT,JC,DIESEL,Diesel,2022,29
MT,JC,DIESEL,Diesel,2023,94
MT,JC,DIESEL,HEV,2021,34
MT,JC,DIESEL,HEV,2022,43
MT,JC,DIESEL,HEV,2023,50
MT,JC,DIESEL,Other,2010,165
MT,JC,DIESEL,Other,2012,19
MT,JC,DIESEL/ELECTRIC,PHEV,2023,1
MT,JC,ELECTRIC,BEV,2019,12
MT,JC,ELECTRIC,BEV,2020,8
MT,JC,ELECTRIC,BEV,2021,47
MT,JC,ELECTRIC,BEV,2022,85
MT,JC,ELECTRIC,BEV,2023,317
MT,JC,ELECTRIC,Other,2018,3
MT,JC,PETROL,HEV,2020,1
MT,JC,PETROL,HEV,2021,137
MT,JC,PETROL,HEV,2022,170
MT,JC,PETROL,HEV,2023,227
MT,JC,PETROL,Other,2010,52
MT,JC,PETROL,Other,2012,16
MT,JC,PETROL,Petrol,2012,85
MT,JC,PETROL,Petrol,2013,99
MT,JC,PETROL,Petrol,2014,150
MT,JC,PETROL,Petrol,2015,206
MT,JC,PETROL,Petrol,2016,228
MT,JC,PETROL,Petrol,2017,353
MT,JC,PETROL,Petrol,2018,355
MT,JC,PETROL,Petrol,2019,418
MT,JC,PETROL,Petrol,2020,218
MT,JC,PETROL,Petrol,2021,94
MT,JC,PETROL,Petrol,2022,42
MT,JC,PETROL,Petrol,2023,46
MT,JC,PETROL/ELECTRIC,Other,2017,7
MT,JC,PETROL/ELECTRIC,Other,2018,16
MT,JC,PETROL/ELECTRIC,Other,2020,1
MT,JC,PETROL/ELECTRIC,PHEV,2019,9
MT,JC,PETROL/ELECTRIC,PHEV,2020,40
MT,JC,PETROL/ELECTRIC,PHEV,2021,144
MT,JC,PETROL/ELECTRIC,PHEV,2022,409
MT,JC,PETROL/ELECTRIC,PHEV,2023,218
MT,JC,UNKNOWN,Other,2021,1
MT,JD,DIESEL,Diesel,2012,59
MT,JD,DIESEL,Diesel,2013,55
MT,JD,DIESEL,Diesel,2014,52
MT,JD,DIESEL,Diesel,2015,139
MT,JD,DIESEL,Diesel,2016,157
MT,JD,DIESEL,Diesel,2017,139
MT,JD,DIESEL,Diesel,2018,80
MT,JD,DIESEL,Diesel,2019,67
MT,JD,DIESEL,Diesel,2020,27
MT,JD,DIESEL,Diesel,2021,28
MT,JD,DIESEL,Diesel,2022,5
MT,JD,DIESEL,Diesel,2023,1
MT,JD,DIESEL,HEV,2020,7
MT,JD,DIESEL,HEV,2021,1
MT,JD,DIESEL,HEV,2022,20
MT,JD,DIESEL,HEV,2023,28
MT,JD,DIESEL,Other,2010,20
MT,JD,DIESEL/ELECTRIC,PHEV,2020,2
MT,JD,DIESEL/ELECTRIC,PHEV,2021,1
MT,JD,DIESEL/ELECTRIC,PHEV,2022,2
MT,JD,DIESEL/ELECTRIC,PHEV,2023,1
MT,JD,ELECTRIC,BEV,2022,14
MT,JD,ELECTRIC,BEV,2023,23
MT,JD,ELECTRIC,Other,2018,1
MT,JD,PETROL,HEV,2021,7
MT,JD,PETROL,HEV,2022,9
MT,JD,PETROL,HEV,2023,25
MT,JD,PETROL,Other,2010,5
MT,JD,PETROL,Petrol,2012,2
MT,JD,PETROL,Petrol,2013,3
MT,JD,PETROL,Petrol,2014,5
MT,JD,PETROL,Petrol,2015,5
MT,JD,PETROL,Petrol,2016,3
MT,JD,PETROL,Petrol,2017,6
MT,JD,PETROL,Petrol,2018,4
MT,JD,PETROL,Petrol,2019,11
MT,JD,PETROL,Petrol,2020,12
MT,JD,PETROL,Petrol,2021,8
MT,JD,PETROL,Petrol,2022,6
MT,JD,PETROL,Petrol,2023,17
MT,JD,PETROL/ELECTRIC,PHEV,2019,2
MT,JD,PETROL/ELECTRIC,PHEV,2020,25
MT,JD,PETROL/ELECTRIC,PHEV,2021,51
MT,JD,PETROL/ELECTRIC,PHEV,2022,106
MT,JD,PETROL/ELECTRIC,PHEV,2023,38
MT,JE,DIESEL,Diesel,2012,4
MT,JE,DIESEL,Diesel,2013,8
MT,JE,DIESEL,Diesel,2014,9
MT,JE,DIESEL,Diesel,2015,20
MT,JE,DIESEL,Diesel,2016,19
MT,JE,DIESEL,Diesel,2017,17
MT,JE,DIESEL,Diesel,2018,12
MT,JE,DIESEL,Diesel,2019,10
MT,JE,DIESEL,Diesel,2020,7
MT,JE,DIESEL,Diesel,2021,4
MT,JE,DIESEL,Diesel,2022,3
MT,JE,DIESEL,Diesel,2023,3
MT,JE,DIESEL,HEV,2020,1
MT,JE,DIESEL,HEV,2021,1
MT,JE,DIESEL,HEV,2022,2
MT,JE,DIESEL,HEV,2023,3
MT,JE,DIESEL,Other,2010,4
MT,JE,DIESEL,Other,2012,2
MT,JE,DIESEL/ELECTRIC,PHEV,2021,3
MT,JE,DIESEL/ELECTRIC,PHEV,2022,12
MT,JE,DIESEL/ELECTRIC,PHEV,2023,11
MT,JE,ELECTRIC,BEV,2017,1
MT,JE,ELECTRIC,BEV,2021,1
MT,JE,ELECTRIC,BEV,2022,5
MT,JE,ELECTRIC,BEV,2023,28
MT,JE,ELECTRIC,Other,2010,3
MT,JE,PETROL,HEV,2021,2
MT,JE,PETROL,HEV,2022,3
MT,JE,PETROL,Other,2010,1
MT,JE,PETROL,Petrol,2013,1
MT,JE,PETROL,Petrol,2014,1
MT,JE,PETROL,Petrol,2015,2
MT,JE,PETROL,Petrol,2016,4
MT,JE,PETROL,Petrol,2017,2
MT,JE,PETROL,Petrol,2018,4
MT,JE,PETROL,Petrol,2019,4
MT,JE,PETROL,Petrol,2020,2
MT,JE,PETROL,Petrol,2021,2
MT,JE,PETROL,Petrol,2022,4
MT,JE,PETROL,Petrol,2023,4
MT,JE,PETROL-ELECTRIC,Other,2016,1
MT,JE,PETROL/ELECTRIC,Other,2017,1
MT,JE,PETROL/ELECTRIC,PHEV,2019,6
MT,JE,PETROL/ELECTRIC,PHEV,2020,23
MT,JE,PETROL/ELECTRIC,PHEV,2021,44
MT,JE,PETROL/ELECTRIC,PHEV,2022,53
MT,JE,PETROL/ELECTRIC,PHEV,2023,23
MT,JF,DIESEL,Diesel,2012,2
MT,JF,DIESEL,Diesel,2013,17
MT,JF,DIESEL,Diesel,2014,43
MT,JF,DIESEL,Diesel,2015,54
MT,JF,DIESEL,Diesel,2016,36
MT,JF,DIESEL,Diesel,2017,55
MT,JF,DIESEL,Diesel,2018,70
MT,JF,DIESEL,Diesel,2019,50
MT,JF,DIESEL,Diesel,2020,11
MT,JF,DIESEL,Diesel,2021,3
MT,JF,DIESEL,Diesel,2023,5
MT,JF,DIESEL,HEV,2022,3
MT,JF,DIESEL,HEV,2023,6
MT,JF,DIESEL,Other,2010,1
MT,JF,DIESEL/ELECTRIC,Other,2017,1
MT,JF,DIESEL/ELECTRIC,PHEV,2020,5
MT,JF,ELECTRIC,BEV,2019,25
MT,JF,ELECTRIC,BEV,2020,7
MT,JF,ELECTRIC,BEV,2021,7
MT,JF,ELECTRIC,BEV,2022,9
MT,JF,ELECTRIC,BEV,2023,3
MT,JF,PETROL,Petrol,2014,1
MT,JF,PETROL,Petrol,2015,1
MT,JF,PETROL,Petrol,2016,1
MT,JF,PETROL,Petrol,2017,1
MT,JF,PETROL,Petrol,2018,1
MT,JF,PETROL,Petrol,2019,2
MT,JF,PETROL,Petrol,2020,3
MT,JF,PETROL,Petrol,2021,1
MT,JF,PETROL/ELECTRIC,Other,2018,2
MT,JF,PETROL/ELECTRIC,PHEV,2019,17
MT,JF,PETROL/ELECTRIC,PHEV,2020,31
MT,JF,PETROL/ELECTRIC,PHEV,2021,61
MT,JF,PETROL/ELECTRIC,PHEV,2022,23
MT,JF,PETROL/ELECTRIC,PHEV,2023,87
MT,JF,UNKNOWN,Other,2020,1
MT,V,DIESEL,Diesel,2012,18
MT,V,DIESEL,Diesel,2013,13
MT,V,DIESEL,Diesel,2014,27
MT,V,DIESEL,Diesel,2015,32
MT,V,DIESEL,Diesel,2016,38
MT,V,DIESEL,Diesel,2017,79
MT,V,DIESEL,Diesel,2018,93
MT,V,DIESEL,Diesel,2019,135
MT,V,DIESEL,Diesel,2020,77
MT,V,DIESEL,Diesel,2021,30
MT,V,DIESEL,Diesel,2022,48
MT,V,DIESEL,Diesel,2023,50
MT,V,DIESEL,HEV,2022,5
MT,V,DIESEL,Other,2010,5
MT,V,DIESEL,Other,2011,6
MT,V,ELECTRIC,BEV,2020,1
MT,V,ELECTRIC,BEV,2021,2
MT,V,ELECTRIC,BEV,2022,3
MT,V,ELECTRIC,BEV,2023,17
MT,V,PETROL,Other,2010,4
MT,V,PETROL,Petrol,2014,1
MT,V,PETROL,Petrol,2016,1
MT,V,PETROL,Petrol,2019,2
MT,V,PETROL,Petrol,2020,1
MT,V,PETROL,Petrol,2022,1
MT,V,PETROL,Petrol,2023,1
MT,V,PETROL/ELECTRIC,PHEV,2022,1
NL,,DIESEL,Diesel,2011,587
NL,,DIESEL,Diesel,2012,3072
NL,,DIESEL,Diesel,2013,2311
NL,,DIESEL,Diesel,2014,392
NL,,DIESEL,Diesel,2015,444
NL,,DIESEL,Diesel,2016,2026
NL,,DIESEL,Diesel,2017,1116
NL,,DIESEL,Diesel,2018,612
NL,,DIESEL,Diesel,2019,155
NL,,DIESEL,Diesel,2020,52
NL,,DIESEL,Diesel,2021,7
NL,,DIESEL,Diesel,2022,7
NL,,DIESEL,Diesel,2023,2
NL,,DIESEL,HEV,2020,1
NL,,DIESEL,HEV,2021,5
NL,,DIESEL,Other,2010,4648
NL,,DIESEL,Other,2011,3040
NL,,DIESEL,Other,2012,3947
NL,,DIESEL,Other,2013,1375
NL,,DIESEL,Other,2014,727
NL,,DIESEL,Other,2015,2351
NL,,E85,Other,2010,16
NL,,E85,Other,2011,6
NL,,E85,Other,2012,2
NL,,ELECTRIC,BEV,2014,240
NL,,ELECTRIC,BEV,2015,333
NL,,ELECTRIC,BEV,2016,22
NL,,ELECTRIC,BEV,2017,301
NL,,ELECTRIC,BEV,2018,907
NL,,ELECTRIC,BEV,2019,879
NL,,ELECTRIC,BEV,2020,1986
NL,,ELECTRIC,BEV,2021,150
NL,,ELECTRIC,BEV,2022,474
NL,,ELECTRIC,BEV,2023,4294
NL,,ELECTRIC,Other,2010,52
NL,,ELECTRIC,Other,2011,193
NL,,ELECTRIC,Other,2012,297
NL,,ELECTRIC,Other,2013,159
NL,,ELECTRIC,Other,2018,14
NL,,HYBRID/PETROL/E,Petrol,2015,7
NL,,HYDROGEN,Other,2019,1
NL,,HYDROGEN,Other,2020,138
NL,,HYDROGEN,Other,2021,41
NL,,HYDROGEN,Other,2022,66
NL,,LPG,Other,2011,3
NL,,LPG,Other,2012,24
NL,,LPG,Other,2013,16
NL,,LPG,Other,2014,16
NL,,LPG,Other,2017,1
NL,,LPG,Other,2018,6
NL,,LPG,Other,2019,19
NL,,NG-BIOMETHANE,Other,2012,12
NL,,NG-BIOMETHANE,Other,2013,4
NL,,NG-BIOMETHANE,Other,2014,39
NL,,NG-BIOMETHANE,Other,2015,19
NL,,OTHER,Other,2012,1
NL,,PETROL,HEV,2020,24
NL,,PETROL,HEV,2021,296
NL,,PETROL,HEV,2022,514
NL,,PETROL,HEV,2023,614
NL,,PETROL,Other,2010,23104
NL,,PETROL,Other,2011,13984
NL,,PETROL,Other,2012,7410
NL,,PETROL,Other,2013,1958
NL,,PETROL,Other,2014,987
NL,,PETROL,Other,2015,925
NL,,PETROL,Other,2018,1
NL,,PETROL,Petrol,2010,2434
NL,,PETROL,Petrol,2011,740
NL,,PETROL,Petrol,2012,4872
NL,,PETROL,Petrol,2013,7677
NL,,PETROL,Petrol,2014,6406
NL,,PETROL,Petrol,2015,5939
NL,,PETROL,Petrol,2016,3881
NL,,PETROL,Petrol,2017,2111
NL,,PETROL,Petrol,2018,1655
NL,,PETROL,Petrol,2019,1723
NL,,PETROL,Petrol,2020,1756
NL,,PETROL,Petrol,2021,706
NL,,PETROL,Petrol,2022,601
NL,,PETROL,Petrol,2023,112
NL,,PETROL-ELECTRIC,Other,2012,2997
NL,,PETROL-ELECTRIC,Other,2013,2940
NL,,PETROL-ELECTRIC,Other,2014,172
NL,,PETROL-ELECTRIC,Other,2015,86
NL,,PETROL-ELECTRIC,Other,2016,164
NL,,PETROL/ELECTRIC,Other,2017,21
NL,,PETROL/ELECTRIC,Other,2018,54
NL,,PETROL/ELECTRIC,PHEV,2019,97
NL,,PETROL/ELECTRIC,PHEV,2020,123
NL,,PETROL/ELECTRIC,PHEV,2021,690
NL,,PETROL/ELECTRIC,PHEV,2022,546
NL,,PETROL/ELECTRIC,PHEV,2023,1190
NL,,UNKNOWN,Other,2019,105
NL,A,DIESEL,Diesel,2010,1
NL,A,DIESEL,Diesel,2011,3609
NL,A,DIESEL,Diesel,2012,1240
NL,A,DIESEL,Diesel,2013,260
NL,A,DIESEL,Diesel,2014,13
NL,A,DIESEL,Diesel,2015,56
NL,A,DIESEL,Diesel,2016,736
NL,A,DIESEL,Diesel,2017,672
NL,A,DIESEL,Diesel,2018,631
NL,A,DIESEL,Diesel,2019,171
NL,A,DIESEL,Diesel,2020,107
NL,A,DIESEL,Diesel,2021,2
NL,A,DIESEL,Other,2010,329
NL,A,DIESEL,Other,2011,1115
NL,A,DIESEL,Other,2012,2072
NL,A,DIESEL,Other,2013,1308
NL,A,DIESEL,Other,2014,1427
NL,A,DIESEL,Other,2015,2201
NL,A,ELECTRIC,BEV,2014,327
NL,A,ELECTRIC,BEV,2015,282
NL,A,ELECTRIC,BEV,2016,269
NL,A,ELECTRIC,BEV,2017,994
NL,A,ELECTRIC,BEV,2018,1389
NL,A,ELECTRIC,BEV,2019,2434
NL,A,ELECTRIC,BEV,2020,6379
NL,A,ELECTRIC,BEV,2021,4275
NL,A,ELECTRIC,BEV,2022,5020
NL,A,ELECTRIC,BEV,2023,4296
NL,A,ELECTRIC,Other,2011,267
NL,A,ELECTRIC,Other,2012,55
NL,A,ELECTRIC,Other,2013,518
NL,A,LPG,Other,2010,357
NL,A,LPG,Other,2011,4732
NL,A,LPG,Other,2012,4592
NL,A,LPG,Other,2013,335
NL,A,LPG,Other,2014,144
NL,A,LPG,Other,2015,82
NL,A,LPG,Other,2016,26
NL,A,LPG,Other,2017,15
NL,A,LPG,Other,2018,4
NL,A,LPG,Other,2019,4
NL,A,LPG,Other,2021,2
NL,A,NG,Other,2018,88
NL,A,NG,Other,2020,6
NL,A,NG-BIOMETHANE,Other,2011,17
NL,A,NG-BIOMETHANE,Other,2012,37
NL,A,NG-BIOMETHANE,Other,2013,297
NL,A,NG-BIOMETHANE,Other,2014,434
NL,A,NG-BIOMETHANE,Other,2015,268
NL,A,NG-BIOMETHANE,Other,2016,143
NL,A,NG-BIOMETHANE,Other,2017,130
NL,A,NG-BIOMETHANE,Other,2019,27
NL,A,PETROL,HEV,2020,2695
NL,A,PETROL,HEV,2021,3771
NL,A,PETROL,HEV,2022,5757
NL,A,PETROL,HEV,2023,6230
NL,A,PETROL,Other,2010,88366
NL,A,PETROL,Other,2011,87625
NL,A,PETROL,Other,2012,49496
NL,A,PETROL,Other,2013,28727
NL,A,PETROL,Other,2014,22483
NL,A,PETROL,Other,2015,19892
NL,A,PETROL,Petrol,2010,8891
NL,A,PETROL,Petrol,2011,22464
NL,A,PETROL,Petrol,2012,47631
NL,A,PETROL,Petrol,2013,50079
NL,A,PETROL,Petrol,2014,42118
NL,A,PETROL,Petrol,2015,47038
NL,A,PETROL,Petrol,2016,64130
NL,A,PETROL,Petrol,2017,74425
NL,A,PETROL,Petrol,2018,68710
NL,A,PETROL,Petrol,2019,48225
NL,A,PETROL,Petrol,2020,28843
NL,A,PETROL,Petrol,2021,22838
NL,A,PETROL,Petrol,2022,19496
NL,A,PETROL,Petrol,2023,24980
NL,A,PETROL-ELECTRIC,Other,2012,97
NL,A,PETROL-ELECTRIC,Other,2013,48
NL,A,PETROL-ELECTRIC,Other,2014,17
NL,A,PETROL-ELECTRIC,Other,2015,197
NL,A,PETROL-ELECTRIC,Other,2016,4
NL,A,PETROL/ELECTRIC,Other,2017,1
NL,A,PETROL/ELECTRIC,PHEV,2020,2
NL,A,PETROL/ELECTRIC,PHEV,2021,53
NL,A,PETROL/ELECTRIC,PHEV,2022,33
NL,A,PETROL/ELECTRIC,PHEV,2023,143
NL,B,DIESEL,Diesel,2010,114
NL,B,DIESEL,Diesel,2011,3698
NL,B,DIESEL,Diesel,2012,8098
NL,B,DIESEL,Diesel,2013,7823
NL,B,DIESEL,Diesel,2014,8986
NL,B,DIESEL,Diesel,2015,17576
NL,B,DIESEL,Diesel,2016,9351
NL,B,DIESEL,Diesel,2017,10315
NL,B,DIESEL,Diesel,2018,6664
NL,B,DIESEL,Diesel,2019,2258
NL,B,DIESEL,Diesel,2020,986
NL,B,DIESEL,Diesel,2021,268
NL,B,DIESEL,Diesel,2022,106
NL,B,DIESEL,Diesel,2023,28
NL,B,DIESEL,HEV,2020,66
NL,B,DIESEL,HEV,2021,40
NL,B,DIESEL,HEV,2022,31
NL,B,DIESEL,HEV,2023,42
NL,B,DIESEL,Other,2010,30482
NL,B,DIESEL,Other,2011,62340
NL,B,DIESEL,Other,2012,32953
NL,B,DIESEL,Other,2013,18622
NL,B,DIESEL,Other,2014,14966
NL,B,DIESEL,Other,2015,15285
NL,B,E85,Other,2012,30
NL,B,E85,Other,2013,5
NL,B,ELECTRIC,BEV,2014,214
NL,B,ELECTRIC,BEV,2015,100
NL,B,ELECTRIC,BEV,2016,117
NL,B,ELECTRIC,BEV,2017,89
NL,B,ELECTRIC,BEV,2018,164
NL,B,ELECTRIC,BEV,2019,192
NL,B,ELECTRIC,BEV,2020,5327
NL,B,ELECTRIC,BEV,2021,4770
NL,B,ELECTRIC,BEV,2022,6774
NL,B,ELECTRIC,BEV,2023,10137
NL,B,ELECTRIC,Other,2011,6
NL,B,ELECTRIC,Other,2012,10
NL,B,ELECTRIC,Other,2013,5
NL,B,LPG,Other,2010,254
NL,B,LPG,Other,2011,1611
NL,B,LPG,Other,2012,3433
NL,B,LPG,Other,2013,1349
NL,B,LPG,Other,2014,559
NL,B,LPG,Other,2015,121
NL,B,LPG,Other,2016,334
NL,B,LPG,Other,2017,498
NL,B,LPG,Other,2018,341
NL,B,LPG,Other,2019,95
NL,B,LPG,Other,2020,1237
NL,B,LPG,Other,2021,1341
NL,B,LPG,Other,2022,918
NL,B,LPG,Other,2023,1190
NL,B,NG,Other,2018,81
NL,B,NG,Other,2020,15
NL,B,NG,Other,2021,7
NL,B,NG-BIOMETHANE,Other,2011,65
NL,B,NG-BIOMETHANE,Other,2012,114
NL,B,NG-BIOMETHANE,Other,2013,70
NL,B,NG-BIOMETHANE,Other,2014,29
NL,B,NG-BIOMETHANE,Other,2015,14
NL,B,NG-BIOMETHANE,Other,2016,14
NL,B,NG-BIOMETHANE,Other,2017,193
NL,B,NG-BIOMETHANE,Other,2019,33
NL,B,NG-BIOMETHANE,Other,2020,7
NL,B,PETROL,HEV,2019,4610
NL,B,PETROL,HEV,2020,8471
NL,B,PETROL,HEV,2021,10268
NL,B,PETROL,HEV,2022,10312
NL,B,PETROL,HEV,2023,10620
NL,B,PETROL,Other,2010,72804
NL,B,PETROL,Other,2011,64121
NL,B,PETROL,Other,2012,30049
NL,B,PETROL,Other,2013,18737
NL,B,PETROL,Other,2014,20481
NL,B,PETROL,Other,2015,21041
NL,B,PETROL,Other,2018,1
NL,B,PETROL,Petrol,2010,10143
NL,B,PETROL,Petrol,2011,11616
NL,B,PETROL,Petrol,2012,46448
NL,B,PETROL,Petrol,2013,54094
NL,B,PETROL,Petrol,2014,42982
NL,B,PETROL,Petrol,2015,49953
NL,B,PETROL,Petrol,2016,76474
NL,B,PETROL,Petrol,2017,78801
NL,B,PETROL,Petrol,2018,79242
NL,B,PETROL,Petrol,2019,63374
NL,B,PETROL,Petrol,2020,50269
NL,B,PETROL,Petrol,2021,38548
NL,B,PETROL,Petrol,2022,36682
NL,B,PETROL,Petrol,2023,33621
NL,B,PETROL-ELECTRIC,Other,2014,2751
NL,B,PETROL-ELECTRIC,Other,2015,71
NL,B,PETROL-ELECTRIC,Other,2016,850
NL,B,PETROL/ELECTRIC,Other,2017,33
NL,B,PETROL/ELECTRIC,Other,2018,78
NL,B,PETROL/ELECTRIC,PHEV,2019,194
NL,B,PETROL/ELECTRIC,PHEV,2020,53
NL,B,PETROL/ELECTRIC,PHEV,2021,91
NL,B,PETROL/ELECTRIC,PHEV,2022,379
NL,B,PETROL/ELECTRIC,PHEV,2023,359
NL,B,UNKNOWN,Other,2019,1
NL,C,CNG,Other,2020,5
NL,C,DIESEL,Diesel,2010,6508
NL,C,DIESEL,Diesel,2011,10988
NL,C,DIESEL,Diesel,2012,36321
NL,C,DIESEL,Diesel,2013,44079
NL,C,DIESEL,Diesel,2014,48271
NL,C,DIESEL,Diesel,2015,52201
NL,C,DIESEL,Diesel,2016,24019
NL,C,DIESEL,Diesel,2017,26473
NL,C,DIESEL,Diesel,2018,17169
NL,C,DIESEL,Diesel,2019,8200
NL,C,DIESEL,Diesel,2020,3885
NL,C,DIESEL,Diesel,2021,1417
NL,C,DIESEL,Diesel,2022,874
NL,C,DIESEL,Diesel,2023,469
NL,C,DIESEL,HEV,2020,155
NL,C,DIESEL,HEV,2021,235
NL,C,DIESEL,HEV,2022,72
NL,C,DIESEL,HEV,2023,59
NL,C,DIESEL,Other,2010,27486
NL,C,DIESEL,Other,2011,31028
NL,C,DIESEL,Other,2012,14946
NL,C,DIESEL,Other,2013,3012
NL,C,DIESEL,Other,2014,1216
NL,C,DIESEL,Other,2015,381
NL,C,DIESEL-ELECTRIC,Other,2014,917
NL,C,DIESEL-ELECTRIC,Other,2015,698
NL,C,DIESEL/ELECTRIC,Other,2017,99
NL,C,DIESEL/ELECTRIC,PHEV,2019,32
NL,C,DIESEL/ELECTRIC,PHEV,2020,75
NL,C,DIESEL/ELECTRIC,PHEV,2021,68
NL,C,DIESEL/ELECTRIC,PHEV,2022,24
NL,C,DIESEL/ELECTRIC,PHEV,2023,20
NL,C,E85,Other,2010,125
NL,C,E85,Other,2011,838
NL,C,E85,Other,2012,361
NL,C,E85,Other,2013,5
NL,C,ELECTRIC,BEV,2014,1047
NL,C,ELECTRIC,BEV,2015,660
NL,C,ELECTRIC,BEV,2016,1363
NL,C,ELECTRIC,BEV,2017,2686
NL,C,ELECTRIC,BEV,2018,7616
NL,C,ELECTRIC,BEV,2019,10539
NL,C,ELECTRIC,BEV,2020,20689
NL,C,ELECTRIC,BEV,2021,9189
NL,C,ELECTRIC,BEV,2022,13646
NL,C,ELECTRIC,BEV,2023,21264
NL,C,ELECTRIC,Other,2011,299
NL,C,ELECTRIC,Other,2012,269
NL,C,ELECTRIC,Other,2013,701
NL,C,ELECTRIC,Other,2014,194
NL,C,ELECTRIC,Other,2015,136
NL,C,HYBRID/PETROL/E,Petrol,2015,1
NL,C,LPG,Other,2010,79
NL,C,LPG,Other,2011,84
NL,C,LPG,Other,2012,241
NL,C,LPG,Other,2013,137
NL,C,LPG,Other,2014,89
NL,C,LPG,Other,2015,7
NL,C,LPG,Other,2016,482
NL,C,LPG,Other,2017,626
NL,C,LPG,Other,2018,408
NL,C,LPG,Other,2019,94
NL,C,LPG,Other,2020,284
NL,C,LPG,Other,2021,5
NL,C,LPG,Other,2022,738
NL,C,LPG,Other,2023,758
NL,C,NG,Other,2018,126
NL,C,NG,Other,2020,6
NL,C,NG,Other,2021,21
NL,C,NG,Other,2022,16
NL,C,NG,Other,2023,6
NL,C,NG-BIOMETHANE,Other,2010,20
NL,C,NG-BIOMETHANE,Other,2011,22
NL,C,NG-BIOMETHANE,Other,2012,59
NL,C,NG-BIOMETHANE,Other,2013,8
NL,C,NG-BIOMETHANE,Other,2014,2514
NL,C,NG-BIOMETHANE,Other,2015,197
NL,C,NG-BIOMETHANE,Other,2016,230
NL,C,NG-BIOMETHANE,Other,2017,259
NL,C,NG-BIOMETHANE,Other,2019,83
NL,C,NG-BIOMETHANE,Other,2020,11
NL,C,PETROL,HEV,2019,5352
NL,C,PETROL,HEV,2020,9816
NL,C,PETROL,HEV,2021,16469
NL,C,PETROL,HEV,2022,14926
NL,C,PETROL,HEV,2023,21566
NL,C,PETROL,Other,2010,79272
NL,C,PETROL,Other,2011,76205
NL,C,PETROL,Other,2012,35833
NL,C,PETROL,Other,2013,10839
NL,C,PETROL,Other,2014,4024
NL,C,PETROL,Other,2015,3336
NL,C,PETROL,Other,2017,1
NL,C,PETROL,Other,2018,5
NL,C,PETROL,Petrol,2010,14693
NL,C,PETROL,Petrol,2011,15710
NL,C,PETROL,Petrol,2012,34351
NL,C,PETROL,Petrol,2013,49066
NL,C,PETROL,Petrol,2014,45008
NL,C,PETROL,Petrol,2015,54971
NL,C,PETROL,Petrol,2016,55279
NL,C,PETROL,Petrol,2017,64684
NL,C,PETROL,Petrol,2018,63323
NL,C,PETROL,Petrol,2019,57811
NL,C,PETROL,Petrol,2020,41232
NL,C,PETROL,Petrol,2021,27862
NL,C,PETROL,Petrol,2022,21352
NL,C,PETROL,Petrol,2023,18031
NL,C,PETROL-ELECTRIC,Other,2012,1181
NL,C,PETROL-ELECTRIC,Other,2013,2586
NL,C,PETROL-ELECTRIC,Other,2014,9852
NL,C,PETROL-ELECTRIC,Other,2015,18422
NL,C,PETROL-ELECTRIC,Other,2016,7077
NL,C,PETROL/ELECTRIC,Other,2017,360
NL,C,PETROL/ELECTRIC,Other,2018,554
NL,C,PETROL/ELECTRIC,PHEV,2019,547
NL,C,PETROL/ELECTRIC,PHEV,2020,5206
NL,C,PETROL/ELECTRIC,PHEV,2021,9745
NL,C,PETROL/ELECTRIC,PHEV,2022,10620
NL,C,PETROL/ELECTRIC,PHEV,2023,10836
NL,D,CNG,Other,2020,1
NL,D,DIESEL,Diesel,2010,26
NL,D,DIESEL,Diesel,2011,3751
NL,D,DIESEL,Diesel,2012,11516
NL,D,DIESEL,Diesel,2013,7954
NL,D,DIESEL,Diesel,2014,5641
NL,D,DIESEL,Diesel,2015,5185
NL,D,DIESEL,Diesel,2016,14684
NL,D,DIESEL,Diesel,2017,10781
NL,D,DIESEL,Diesel,2018,6344
NL,D,DIESEL,Diesel,2019,2875
NL,D,DIESEL,Diesel,2020,1333
NL,D,DIESEL,Diesel,2021,350
NL,D,DIESEL,Diesel,2022,126
NL,D,DIESEL,Diesel,2023,44
NL,D,DIESEL,HEV,2019,41
NL,D,DIESEL,HEV,2020,141
NL,D,DIESEL,HEV,2021,61
NL,D,DIESEL,HEV,2022,31
NL,D,DIESEL,HEV,2023,9
NL,D,DIESEL,Other,2010,12172
NL,D,DIESEL,Other,2011,16813
NL,D,DIESEL,Other,2012,12665
NL,D,DIESEL,Other,2013,5772
NL,D,DIESEL,Other,2014,5956
NL,D,DIESEL,Other,2015,11697
NL,D,DIESEL-ELECTRIC,Other,2012,3
NL,D,DIESEL-ELECTRIC,Other,2013,5891
NL,D,DIESEL-ELECTRIC,Other,2014,3981
NL,D,DIESEL-ELECTRIC,Other,2015,4228
NL,D,DIESEL-ELECTRIC,Other,2016,931
NL,D,DIESEL/ELECTRIC,Other,2017,10
NL,D,DIESEL/ELECTRIC,Other,2018,10
NL,D,E85,Other,2010,27
NL,D,E85,Other,2011,17
NL,D,E85,Other,2012,7
NL,D,E85,Other,2013,5
NL,D,E85,Other,2014,1
NL,D,ELECTRIC,BEV,2014,3
NL,D,ELECTRIC,BEV,2015,3
NL,D,ELECTRIC,BEV,2018,9
NL,D,ELECTRIC,BEV,2019,29841
NL,D,ELECTRIC,BEV,2020,9025
NL,D,ELECTRIC,BEV,2021,2768
NL,D,ELECTRIC,BEV,2022,1094
NL,D,ELECTRIC,BEV,2023,5570
NL,D,ELECTRIC,Other,2013,5
NL,D,LPG,Other,2012,34
NL,D,LPG,Other,2013,70
NL,D,LPG,Other,2014,8
NL,D,LPG,Other,2015,5
NL,D,LPG,Other,2016,2
NL,D,LPG,Other,2017,1
NL,D,LPG,Other,2018,16
NL,D,LPG,Other,2019,57
NL,D,LPG,Other,2021,6
NL,D,LPG,Other,2022,3
NL,D,LPG,Other,2023,1
NL,D,NG,Other,2018,17
NL,D,NG-BIOMETHANE,Other,2011,135
NL,D,NG-BIOMETHANE,Other,2012,107
NL,D,NG-BIOMETHANE,Other,2013,28
NL,D,NG-BIOMETHANE,Other,2014,12
NL,D,NG-BIOMETHANE,Other,2017,18
NL,D,NG-BIOMETHANE,Other,2019,15
NL,D,PETROL,HEV,2019,2836
NL,D,PETROL,HEV,2020,3797
NL,D,PETROL,HEV,2021,5252
NL,D,PETROL,HEV,2022,3295
NL,D,PETROL,HEV,2023,3745
NL,D,PETROL,Other,2010,14762
NL,D,PETROL,Other,2011,16821
NL,D,PETROL,Other,2012,12597
NL,D,PETROL,Other,2013,6014
NL,D,PETROL,Other,2014,3650
NL,D,PETROL,Other,2015,3237
NL,D,PETROL,Other,2018,1
NL,D,PETROL,Petrol,2010,287
NL,D,PETROL,Petrol,2011,2368
NL,D,PETROL,Petrol,2012,6862
NL,D,PETROL,Petrol,2013,5541
NL,D,PETROL,Petrol,2014,3949
NL,D,PETROL,Petrol,2015,3501
NL,D,PETROL,Petrol,2016,8020
NL,D,PETROL,Petrol,2017,10606
NL,D,PETROL,Petrol,2018,10402
NL,D,PETROL,Petrol,2019,9333
NL,D,PETROL,Petrol,2020,6096
NL,D,PETROL,Petrol,2021,2928
NL,D,PETROL,Petrol,2022,2744
NL,D,PETROL,Petrol,2023,2241
NL,D,PETROL-ELECTRIC,Other,2014,248
NL,D,PETROL-ELECTRIC,Other,2015,3135
NL,D,PETROL-ELECTRIC,Other,2016,3923
NL,D,PETROL/ELECTRIC,Other,2017,17
NL,D,PETROL/ELECTRIC,Other,2018,28
NL,D,PETROL/ELECTRIC,PHEV,2019,510
NL,D,PETROL/ELECTRIC,PHEV,2020,1430
NL,D,PETROL/ELECTRIC,PHEV,2021,1677
NL,D,PETROL/ELECTRIC,PHEV,2022,2072
NL,D,PETROL/ELECTRIC,PHEV,2023,2684
NL,E,DIESEL,Diesel,2010,43
NL,E,DIESEL,Diesel,2011,513
NL,E,DIESEL,Diesel,2012,2625
NL,E,DIESEL,Diesel,2013,1760
NL,E,DIESEL,Diesel,2014,1560
NL,E,DIESEL,Diesel,2015,4304
NL,E,DIESEL,Diesel,2016,3533
NL,E,DIESEL,Diesel,2017,4049
NL,E,DIESEL,Diesel,2018,2486
NL,E,DIESEL,Diesel,2019,1241
NL,E,DIESEL,Diesel,2020,382
NL,E,DIESEL,Diesel,2021,128
NL,E,DIESEL,Diesel,2022,21
NL,E,DIESEL,Diesel,2023,20
NL,E,DIESEL,HEV,2019,342
NL,E,DIESEL,HEV,2020,138
NL,E,DIESEL,HEV,2021,51
NL,E,DIESEL,HEV,2022,118
NL,E,DIESEL,HEV,2023,11
NL,E,DIESEL,Other,2010,2173
NL,E,DIESEL,Other,2011,2669
NL,E,DIESEL,Other,2012,1893
NL,E,DIESEL,Other,2013,1316
NL,E,DIESEL,Other,2014,1045
NL,E,DIESEL,Other,2015,1556
NL,E,ELECTRIC,BEV,2020,2941
NL,E,ELECTRIC,BEV,2021,2603
NL,E,ELECTRIC,BEV,2022,4674
NL,E,ELECTRIC,BEV,2023,5446
NL,E,HYDROGEN,HEV,2019,1
NL,E,HYDROGEN,Other,2016,5
NL,E,HYDROGEN,Other,2020,7
NL,E,HYDROGEN,Other,2021,81
NL,E,HYDROGEN,Other,2022,27
NL,E,HYDROGEN,Other,2023,40
NL,E,NG,Other,2018,1
NL,E,NG-BIOMETHANE,Other,2010,26
NL,E,NG-BIOMETHANE,Other,2011,110
NL,E,NG-BIOMETHANE,Other,2012,123
NL,E,NG-BIOMETHANE,Other,2013,21
NL,E,NG-BIOMETHANE,Other,2014,18
NL,E,NG-BIOMETHANE,Other,2015,7
NL,E,OTHER,Other,2015,2
NL,E,OTHER,Other,2017,2
NL,E,PETROL,HEV,2019,629
NL,E,PETROL,HEV,2020,959
NL,E,PETROL,HEV,2021,1141
NL,E,PETROL,HEV,2022,908
NL,E,PETROL,HEV,2023,1131
NL,E,PETROL,Other,2010,2705
NL,E,PETROL,Other,2011,4210
NL,E,PETROL,Other,2012,2214
NL,E,PETROL,Other,2013,951
NL,E,PETROL,Other,2014,594
NL,E,PETROL,Other,2015,604
NL,E,PETROL,Petrol,2010,660
NL,E,PETROL,Petrol,2011,697
NL,E,PETROL,Petrol,2012,2964
NL,E,PETROL,Petrol,2013,2457
NL,E,PETROL,Petrol,2014,1679
NL,E,PETROL,Petrol,2015,1780
NL,E,PETROL,Petrol,2016,3305
NL,E,PETROL,Petrol,2017,3736
NL,E,PETROL,Petrol,2018,4430
NL,E,PETROL,Petrol,2019,2928
NL,E,PETROL,Petrol,2020,1873
NL,E,PETROL,Petrol,2021,526
NL,E,PETROL,Petrol,2022,369
NL,E,PETROL,Petrol,2023,289
NL,E,PETROL-ELECTRIC,Other,2013,73
NL,E,PETROL-ELECTRIC,Other,2014,184
NL,E,PETROL-ELECTRIC,Other,2015,92
NL,E,PETROL-ELECTRIC,Other,2016,15
NL,E,PETROL/ELECTRIC,Other,2017,157
NL,E,PETROL/ELECTRIC,Other,2018,332
NL,E,PETROL/ELECTRIC,PHEV,2019,180
NL,E,PETROL/ELECTRIC,PHEV,2020,177
NL,E,PETROL/ELECTRIC,PHEV,2021,261
NL,E,PETROL/ELECTRIC,PHEV,2022,445
NL,E,PETROL/ELECTRIC,PHEV,2023,539
NL,E,UNKNOWN,HEV,2019,46
NL,F,DIESEL,Diesel,2011,295
NL,F,DIESEL,Diesel,2012,1855
NL,F,DIESEL,Diesel,2013,1906
NL,F,DIESEL,Diesel,2014,1040
NL,F,DIESEL,Diesel,2015,3125
NL,F,DIESEL,Diesel,2016,2152
NL,F,DIESEL,Diesel,2017,1768
NL,F,DIESEL,Diesel,2018,1381
NL,F,DIESEL,Diesel,2019,896
NL,F,DIESEL,Diesel,2020,667
NL,F,DIESEL,Diesel,2021,192
NL,F,DIESEL,Diesel,2022,112
NL,F,DIESEL,Diesel,2023,20
NL,F,DIESEL,HEV,2019,38
NL,F,DIESEL,HEV,2020,14
NL,F,DIESEL,HEV,2021,9
NL,F,DIESEL,HEV,2022,8
NL,F,DIESEL,HEV,2023,10
NL,F,DIESEL,Other,2010,1641
NL,F,DIESEL,Other,2011,1470
NL,F,DIESEL,Other,2012,537
NL,F,DIESEL,Other,2013,495
NL,F,DIESEL,Other,2014,1268
NL,F,DIESEL-ELECTRIC,Other,2014,2
NL,F,DIESEL-ELECTRIC,Other,2015,3
NL,F,E85,Other,2010,3
NL,F,E85,Other,2011,6
NL,F,E85,Other,2012,2
NL,F,ELECTRIC,BEV,2014,1533
NL,F,ELECTRIC,BEV,2015,1916
NL,F,ELECTRIC,BEV,2016,1612
NL,F,ELECTRIC,BEV,2017,2032
NL,F,ELECTRIC,BEV,2018,5614
NL,F,ELECTRIC,BEV,2019,511
NL,F,ELECTRIC,BEV,2020,727
NL,F,ELECTRIC,BEV,2021,4776
NL,F,ELECTRIC,BEV,2022,1560
NL,F,ELECTRIC,BEV,2023,1750
NL,F,ELECTRIC,Other,2013,1195
NL,F,LPG,Other,2017,1
NL,F,LPG,Other,2018,2
NL,F,NG-BIOMETHANE,Other,2011,35
NL,F,PETROL,HEV,2019,68
NL,F,PETROL,HEV,2020,62
NL,F,PETROL,HEV,2021,179
NL,F,PETROL,HEV,2022,381
NL,F,PETROL,HEV,2023,1295
NL,F,PETROL,Other,2010,37458
NL,F,PETROL,Other,2011,40311
NL,F,PETROL,Other,2012,29031
NL,F,PETROL,Other,2013,19477
NL,F,PETROL,Other,2014,17884
NL,F,PETROL,Other,2015,8013
NL,F,PETROL,Petrol,2011,891
NL,F,PETROL,Petrol,2012,5638
NL,F,PETROL,Petrol,2013,5042
NL,F,PETROL,Petrol,2014,1891
NL,F,PETROL,Petrol,2015,5147
NL,F,PETROL,Petrol,2016,17797
NL,F,PETROL,Petrol,2017,20122
NL,F,PETROL,Petrol,2018,21940
NL,F,PETROL,Petrol,2019,20685
NL,F,PETROL,Petrol,2020,17946
NL,F,PETROL,Petrol,2021,15706
NL,F,PETROL,Petrol,2022,6632
NL,F,PETROL,Petrol,2023,3654
NL,F,PETROL-ELECTRIC,Other,2014,67
NL,F,PETROL-ELECTRIC,Other,2015,106
NL,F,PETROL-ELECTRIC,Other,2016,44
NL,F,PETROL/ELECTRIC,Other,2017,16
NL,F,PETROL/ELECTRIC,Other,2018,72
NL,F,PETROL/ELECTRIC,PHEV,2019,57
NL,F,PETROL/ELECTRIC,PHEV,2020,36
NL,F,PETROL/ELECTRIC,PHEV,2021,3342
NL,F,PETROL/ELECTRIC,PHEV,2022,5907
NL,F,PETROL/ELECTRIC,PHEV,2023,6198
NL,JA,DIESEL,Diesel,2016,55
NL,JA,DIESEL,Diesel,2017,275
NL,JA,DIESEL,Diesel,2018,156
NL,JA,DIESEL,Diesel,2019,52
NL,JA,DIESEL,Diesel,2020,51
NL,JA,DIESEL,Diesel,2021,12
NL,JA,DIESEL,Diesel,2022,9
NL,JA,DIESEL,Other,2010,54
NL,JA,DIESEL,Other,2011,25
NL,JA,DIESEL,Other,2012,28
NL,JA,DIESEL,Other,2013,21
NL,JA,DIESEL,Other,2014,12
NL,JA,DIESEL,Other,2015,15
NL,JA,ELECTRIC,BEV,2017,2
NL,JA,ELECTRIC,BEV,2018,14
NL,JA,ELECTRIC,BEV,2019,28
NL,JA,ELECTRIC,BEV,2020,31
NL,JA,ELECTRIC,BEV,2022,60
NL,JA,ELECTRIC,BEV,2023,47
NL,JA,LPG,Other,2018,2
NL,JA,PETROL,HEV,2019,485
NL,JA,PETROL,HEV,2020,3756
NL,JA,PETROL,HEV,2021,4098
NL,JA,PETROL,HEV,2022,2500
NL,JA,PETROL,HEV,2023,3104
NL,JA,PETROL,Other,2010,439
NL,JA,PETROL,Other,2011,270
NL,JA,PETROL,Other,2012,137
NL,JA,PETROL,Other,2013,47
NL,JA,PETROL,Other,2014,30
NL,JA,PETROL,Other,2015,24
NL,JA,PETROL,Petrol,2016,759
NL,JA,PETROL,Petrol,2017,4656
NL,JA,PETROL,Petrol,2018,3817
NL,JA,PETROL,Petrol,2019,3220
NL,JA,PETROL,Petrol,2020,2896
NL,JA,PETROL,Petrol,2021,2581
NL,JA,PETROL,Petrol,2022,2072
NL,JA,PETROL,Petrol,2023,3467
NL,JB,DIESEL,Diesel,2010,150
NL,JB,DIESEL,Diesel,2011,259
NL,JB,DIESEL,Diesel,2012,370
NL,JB,DIESEL,Diesel,2013,932
NL,JB,DIESEL,Diesel,2014,1371
NL,JB,DIESEL,Diesel,2015,1733
NL,JB,DIESEL,Diesel,2016,1515
NL,JB,DIESEL,Diesel,2017,1335
NL,JB,DIESEL,Diesel,2018,1527
NL,JB,DIESEL,Diesel,2019,739
NL,JB,DIESEL,Diesel,2020,430
NL,JB,DIESEL,Diesel,2021,233
NL,JB,DIESEL,Diesel,2022,124
NL,JB,DIESEL,Diesel,2023,36
NL,JB,DIESEL,Other,2010,13
NL,JB,DIESEL,Other,2011,115
NL,JB,DIESEL,Other,2012,25
NL,JB,DIESEL,Other,2013,248
NL,JB,DIESEL,Other,2014,383
NL,JB,DIESEL,Other,2015,218
NL,JB,ELECTRIC,BEV,2016,240
NL,JB,ELECTRIC,BEV,2017,1253
NL,JB,ELECTRIC,BEV,2018,2019
NL,JB,ELECTRIC,BEV,2019,6348
NL,JB,ELECTRIC,BEV,2020,9619
NL,JB,ELECTRIC,BEV,2021,5437
NL,JB,ELECTRIC,BEV,2022,6165
NL,JB,ELECTRIC,BEV,2023,10503
NL,JB,ELECTRIC,Other,2010,1
NL,JB,ELECTRIC,Other,2011,82
NL,JB,ELECTRIC,Other,2012,174
NL,JB,ELECTRIC,Other,2013,17
NL,JB,LPG,Other,2012,115
NL,JB,LPG,Other,2013,32
NL,JB,LPG,Other,2014,92
NL,JB,LPG,Other,2015,92
NL,JB,LPG,Other,2016,44
NL,JB,LPG,Other,2017,42
NL,JB,LPG,Other,2018,98
NL,JB,LPG,Other,2019,164
NL,JB,LPG,Other,2020,515
NL,JB,LPG,Other,2021,860
NL,JB,LPG,Other,2022,603
NL,JB,LPG,Other,2023,404
NL,JB,NG-BIOMETHANE,Other,2017,1
NL,JB,NG-BIOMETHANE,Other,2019,3
NL,JB,NG-BIOMETHANE,Other,2020,4
NL,JB,PETROL,HEV,2019,1247
NL,JB,PETROL,HEV,2020,5676
NL,JB,PETROL,HEV,2021,11596
NL,JB,PETROL,HEV,2022,18659
NL,JB,PETROL,HEV,2023,18192
NL,JB,PETROL,Other,2010,544
NL,JB,PETROL,Other,2011,2940
NL,JB,PETROL,Other,2012,1039
NL,JB,PETROL,Other,2013,716
NL,JB,PETROL,Other,2014,981
NL,JB,PETROL,Other,2015,394
NL,JB,PETROL,Other,2018,9
NL,JB,PETROL,Petrol,2010,1873
NL,JB,PETROL,Petrol,2011,1972
NL,JB,PETROL,Petrol,2012,2636
NL,JB,PETROL,Petrol,2013,8502
NL,JB,PETROL,Petrol,2014,14582
NL,JB,PETROL,Petrol,2015,19220
NL,JB,PETROL,Petrol,2016,22854
NL,JB,PETROL,Petrol,2017,26087
NL,JB,PETROL,Petrol,2018,30342
NL,JB,PETROL,Petrol,2019,33566
NL,JB,PETROL,Petrol,2020,27049
NL,JB,PETROL,Petrol,2021,17050
NL,JB,PETROL,Petrol,2022,14899
NL,JB,PETROL,Petrol,2023,13126
NL,JB,PETROL/ELECTRIC,Other,2017,2
NL,JB,PETROL/ELECTRIC,Other,2018,26
NL,JB,PETROL/ELECTRIC,PHEV,2019,32
NL,JB,PETROL/ELECTRIC,PHEV,2020,866
NL,JB,PETROL/ELECTRIC,PHEV,2021,1608
NL,JB,PETROL/ELECTRIC,PHEV,2022,1509
NL,JB,PETROL/ELECTRIC,PHEV,2023,1795
NL,JC,DIESEL,Diesel,2010,2
NL,JC,DIESEL,Diesel,2011,86
NL,JC,DIESEL,Diesel,2012,811
NL,JC,DIESEL,Diesel,2013,786
NL,JC,DIESEL,Diesel,2014,3179
NL,JC,DIESEL,Diesel,2015,3633
NL,JC,DIESEL,Diesel,2016,5705
NL,JC,DIESEL,Diesel,2017,6502
NL,JC,DIESEL,Diesel,2018,5920
NL,JC,DIESEL,Diesel,2019,2521
NL,JC,DIESEL,Diesel,2020,1078
NL,JC,DIESEL,Diesel,2021,238
NL,JC,DIESEL,Diesel,2022,80
NL,JC,DIESEL,Diesel,2023,31
NL,JC,DIESEL,HEV,2019,28
NL,JC,DIESEL,HEV,2020,92
NL,JC,DIESEL,HEV,2021,88
NL,JC,DIESEL,HEV,2022,2
NL,JC,DIESEL,HEV,2023,1
NL,JC,DIESEL,Other,2010,4866
NL,JC,DIESEL,Other,2011,5196
NL,JC,DIESEL,Other,2012,2844
NL,JC,DIESEL,Other,2013,2050
NL,JC,DIESEL,Other,2014,1507
NL,JC,DIESEL,Other,2015,1101
NL,JC,DIESEL-ELECTRIC,Other,2015,30
NL,JC,ELECTRIC,BEV,2018,3527
NL,JC,ELECTRIC,BEV,2019,5399
NL,JC,ELECTRIC,BEV,2020,11340
NL,JC,ELECTRIC,BEV,2021,22413
NL,JC,ELECTRIC,BEV,2022,22046
NL,JC,ELECTRIC,BEV,2023,29479
NL,JC,ELECTRIC,Other,2012,1
NL,JC,HYDROGEN,Other,2014,2
NL,JC,LPG,Other,2017,6
NL,JC,LPG,Other,2018,6
NL,JC,LPG,Other,2019,2
NL,JC,LPG,Other,2020,1
NL,JC,LPG,Other,2021,10
NL,JC,LPG,Other,2022,4
NL,JC,LPG,Other,2023,4
NL,JC,NG-BIOMETHANE,Other,2017,1
NL,JC,OTHER,Other,2015,17
NL,JC,OTHER,Other,2017,3
NL,JC,PETROL,HEV,2019,8704
NL,JC,PETROL,HEV,2020,3742
NL,JC,PETROL,HEV,2021,11279
NL,JC,PETROL,HEV,2022,16792
NL,JC,PETROL,HEV,2023,20523
NL,JC,PETROL,Other,2010,17772
NL,JC,PETROL,Other,2011,22474
NL,JC,PETROL,Other,2012,14072
NL,JC,PETROL,Other,2013,5948
NL,JC,PETROL,Other,2014,4790
NL,JC,PETROL,Other,2015,4938
NL,JC,PETROL,Other,2018,1
NL,JC,PETROL,Petrol,2010,9
NL,JC,PETROL,Petrol,2011,496
NL,JC,PETROL,Petrol,2012,4734
NL,JC,PETROL,Petrol,2013,6504
NL,JC,PETROL,Petrol,2014,9541
NL,JC,PETROL,Petrol,2015,13354
NL,JC,PETROL,Petrol,2016,26685
NL,JC,PETROL,Petrol,2017,40875
NL,JC,PETROL,Petrol,2018,44302
NL,JC,PETROL,Petrol,2019,34989
NL,JC,PETROL,Petrol,2020,23126
NL,JC,PETROL,Petrol,2021,18249
NL,JC,PETROL,Petrol,2022,12430
NL,JC,PETROL,Petrol,2023,11681
NL,JC,PETROL-ELECTRIC,Other,2014,165
NL,JC,PETROL-ELECTRIC,Other,2015,7
NL,JC,PETROL/ELECTRIC,Other,2017,88
NL,JC,PETROL/ELECTRIC,Other,2018,895
NL,JC,PETROL/ELECTRIC,PHEV,2019,478
NL,JC,PETROL/ELECTRIC,PHEV,2020,7711
NL,JC,PETROL/ELECTRIC,PHEV,2021,6058
NL,JC,PETROL/ELECTRIC,PHEV,2022,6195
NL,JC,PETROL/ELECTRIC,PHEV,2023,12427
NL,JD,DIESEL,Diesel,2011,31
NL,JD,DIESEL,Diesel,2012,196
NL,JD,DIESEL,Diesel,2013,395
NL,JD,DIESEL,Diesel,2014,690
NL,JD,DIESEL,Diesel,2015,1431
NL,JD,DIESEL,Diesel,2016,2631
NL,JD,DIESEL,Diesel,2017,2267
NL,JD,DIESEL,Diesel,2018,1723
NL,JD,DIESEL,Diesel,2019,537
NL,JD,DIESEL,Diesel,2020,224
NL,JD,DIESEL,Diesel,2021,44
NL,JD,DIESEL,Diesel,2022,3
NL,JD,DIESEL,HEV,2019,38
NL,JD,DIESEL,HEV,2020,88
NL,JD,DIESEL,HEV,2021,22
NL,JD,DIESEL,HEV,2022,31
NL,JD,DIESEL,HEV,2023,16
NL,JD,DIESEL,Other,2010,1243
NL,JD,DIESEL,Other,2011,2150
NL,JD,DIESEL,Other,2012,1376
NL,JD,DIESEL,Other,2013,938
NL,JD,DIESEL,Other,2014,575
NL,JD,DIESEL,Other,2015,562
NL,JD,DIESEL-ELECTRIC,Other,2016,1546
NL,JD,DIESEL/ELECTRIC,Other,2017,8
NL,JD,DIESEL/ELECTRIC,Other,2018,4
NL,JD,DIESEL/ELECTRIC,PHEV,2020,3
NL,JD,DIESEL/ELECTRIC,PHEV,2021,38
NL,JD,DIESEL/ELECTRIC,PHEV,2022,45
NL,JD,DIESEL/ELECTRIC,PHEV,2023,7
NL,JD,E85,Other,2011,4
NL,JD,E85,Other,2013,1
NL,JD,E85,Other,2015,1
NL,JD,ELECTRIC,BEV,2021,4298
NL,JD,ELECTRIC,BEV,2022,5714
NL,JD,ELECTRIC,BEV,2023,15838
NL,JD,LPG,Other,2017,1
NL,JD,LPG,Other,2018,1
NL,JD,PETROL,HEV,2019,2149
NL,JD,PETROL,HEV,2020,2310
NL,JD,PETROL,HEV,2021,1713
NL,JD,PETROL,HEV,2022,1758
NL,JD,PETROL,HEV,2023,1683
NL,JD,PETROL,Other,2010,2845
NL,JD,PETROL,Other,2011,2412
NL,JD,PETROL,Other,2012,1487
NL,JD,PETROL,Other,2013,9149
NL,JD,PETROL,Other,2014,1157
NL,JD,PETROL,Other,2015,1206
NL,JD,PETROL,Other,2018,1
NL,JD,PETROL,Petrol,2011,10
NL,JD,PETROL,Petrol,2012,44
NL,JD,PETROL,Petrol,2013,327
NL,JD,PETROL,Petrol,2014,573
NL,JD,PETROL,Petrol,2015,1157
NL,JD,PETROL,Petrol,2016,4430
NL,JD,PETROL,Petrol,2017,3627
NL,JD,PETROL,Petrol,2018,4671
NL,JD,PETROL,Petrol,2019,3464
NL,JD,PETROL,Petrol,2020,2686
NL,JD,PETROL,Petrol,2021,1446
NL,JD,PETROL,Petrol,2022,843
NL,JD,PETROL,Petrol,2023,811
NL,JD,PETROL-ELECTRIC,Other,2014,7693
NL,JD,PETROL-ELECTRIC,Other,2015,11159
NL,JD,PETROL-ELECTRIC,Other,2016,2626
NL,JD,PETROL/ELECTRIC,Other,2017,228
NL,JD,PETROL/ELECTRIC,Other,2018,1212
NL,JD,PETROL/ELECTRIC,PHEV,2019,1882
NL,JD,PETROL/ELECTRIC,PHEV,2020,2503
NL,JD,PETROL/ELECTRIC,PHEV,2021,3934
NL,JD,PETROL/ELECTRIC,PHEV,2022,3552
NL,JD,PETROL/ELECTRIC,PHEV,2023,5500
NL,JE,DIESEL,Diesel,2011,89
NL,JE,DIESEL,Diesel,2012,219
NL,JE,DIESEL,Diesel,2013,339
NL,JE,DIESEL,Diesel,2014,704
NL,JE,DIESEL,Diesel,2015,617
NL,JE,DIESEL,Diesel,2016,639
NL,JE,DIESEL,Diesel,2017,530
NL,JE,DIESEL,Diesel,2018,406
NL,JE,DIESEL,Diesel,2019,376
NL,JE,DIESEL,Diesel,2020,213
NL,JE,DIESEL,Diesel,2021,36
NL,JE,DIESEL,Diesel,2022,17
NL,JE,DIESEL,Diesel,2023,12
NL,JE,DIESEL,HEV,2019,56
NL,JE,DIESEL,HEV,2020,52
NL,JE,DIESEL,HEV,2021,43
NL,JE,DIESEL,HEV,2022,29
NL,JE,DIESEL,HEV,2023,14
NL,JE,DIESEL,Other,2010,339
NL,JE,DIESEL,Other,2011,510
NL,JE,DIESEL,Other,2012,67
NL,JE,DIESEL/ELECTRIC,PHEV,2020,37
NL,JE,DIESEL/ELECTRIC,PHEV,2021,93
NL,JE,DIESEL/ELECTRIC,PHEV,2022,34
NL,JE,DIESEL/ELECTRIC,PHEV,2023,23
NL,JE,ELECTRIC,BEV,2016,446
NL,JE,ELECTRIC,BEV,2017,1232
NL,JE,ELECTRIC,BEV,2018,2954
NL,JE,ELECTRIC,BEV,2019,454
NL,JE,ELECTRIC,BEV,2020,298
NL,JE,ELECTRIC,BEV,2021,314
NL,JE,ELECTRIC,BEV,2022,962
NL,JE,ELECTRIC,BEV,2023,2235
NL,JE,PETROL,HEV,2019,115
NL,JE,PETROL,HEV,2020,260
NL,JE,PETROL,HEV,2021,324
NL,JE,PETROL,HEV,2022,239
NL,JE,PETROL,HEV,2023,158
NL,JE,PETROL,Other,2010,701
NL,JE,PETROL,Other,2011,400
NL,JE,PETROL,Other,2012,228
NL,JE,PETROL,Other,2013,164
NL,JE,PETROL,Other,2015,49
NL,JE,PETROL,Petrol,2011,27
NL,JE,PETROL,Petrol,2012,124
NL,JE,PETROL,Petrol,2013,108
NL,JE,PETROL,Petrol,2014,165
NL,JE,PETROL,Petrol,2015,192
NL,JE,PETROL,Petrol,2016,364
NL,JE,PETROL,Petrol,2017,270
NL,JE,PETROL,Petrol,2018,396
NL,JE,PETROL,Petrol,2019,524
NL,JE,PETROL,Petrol,2020,411
NL,JE,PETROL,Petrol,2021,141
NL,JE,PETROL,Petrol,2022,119
NL,JE,PETROL,Petrol,2023,64
NL,JE,PETROL-ELECTRIC,Other,2014,130
NL,JE,PETROL-ELECTRIC,Other,2015,2116
NL,JE,PETROL-ELECTRIC,Other,2016,234
NL,JE,PETROL/ELECTRIC,Other,2017,50
NL,JE,PETROL/ELECTRIC,Other,2018,150
NL,JE,PETROL/ELECTRIC,PHEV,2019,269
NL,JE,PETROL/ELECTRIC,PHEV,2020,1361
NL,JE,PETROL/ELECTRIC,PHEV,2021,2349
NL,JE,PETROL/ELECTRIC,PHEV,2022,1943
NL,JE,PETROL/ELECTRIC,PHEV,2023,2206
NL,JF,DIESEL,Diesel,2011,113
NL,JF,DIESEL,Diesel,2012,655
NL,JF,DIESEL,Diesel,2013,894
NL,JF,DIESEL,Diesel,2014,1092
NL,JF,DIESEL,Diesel,2015,876
NL,JF,DIESEL,Diesel,2016,974
NL,JF,DIESEL,Diesel,2017,945
NL,JF,DIESEL,Diesel,2018,688
NL,JF,DIESEL,Diesel,2019,226
NL,JF,DIESEL,Diesel,2020,73
NL,JF,DIESEL,Diesel,2021,48
NL,JF,DIESEL,Diesel,2022,14
NL,JF,DIESEL,Diesel,2023,61
NL,JF,DIESEL,HEV,2019,45
NL,JF,DIESEL,HEV,2020,63
NL,JF,DIESEL,HEV,2021,9
NL,JF,DIESEL,HEV,2022,20
NL,JF,DIESEL,HEV,2023,19
NL,JF,DIESEL,Other,2010,567
NL,JF,DIESEL,Other,2011,600
NL,JF,DIESEL,Other,2012,291
NL,JF,DIESEL,Other,2013,97
NL,JF,DIESEL,Other,2014,56
NL,JF,DIESEL,Other,2015,6
NL,JF,DIESEL-ELECTRIC,Other,2014,4
NL,JF,DIESEL-ELECTRIC,Other,2015,72
NL,JF,ELECTRIC,BEV,2019,2310
NL,JF,ELECTRIC,BEV,2020,3612
NL,JF,ELECTRIC,BEV,2021,1271
NL,JF,ELECTRIC,BEV,2022,2423
NL,JF,ELECTRIC,BEV,2023,159
NL,JF,PETROL,HEV,2019,234
NL,JF,PETROL,HEV,2020,287
NL,JF,PETROL,HEV,2021,24
NL,JF,PETROL,HEV,2022,84
NL,JF,PETROL,HEV,2023,41
NL,JF,PETROL,Other,2010,41
NL,JF,PETROL,Other,2011,28
NL,JF,PETROL,Other,2012,10
NL,JF,PETROL,Other,2013,45
NL,JF,PETROL,Other,2014,18
NL,JF,PETROL,Petrol,2011,73
NL,JF,PETROL,Petrol,2012,292
NL,JF,PETROL,Petrol,2013,182
NL,JF,PETROL,Petrol,2014,212
NL,JF,PETROL,Petrol,2015,194
NL,JF,PETROL,Petrol,2016,122
NL,JF,PETROL,Petrol,2017,175
NL,JF,PETROL,Petrol,2018,308
NL,JF,PETROL,Petrol,2019,175
NL,JF,PETROL,Petrol,2020,171
NL,JF,PETROL,Petrol,2021,111
NL,JF,PETROL,Petrol,2022,79
NL,JF,PETROL,Petrol,2023,156
NL,JF,PETROL/ELECTRIC,Other,2018,183
NL,JF,PETROL/ELECTRIC,PHEV,2019,287
NL,JF,PETROL/ELECTRIC,PHEV,2020,485
NL,JF,PETROL/ELECTRIC,PHEV,2021,696
NL,JF,PETROL/ELECTRIC,PHEV,2022,771
NL,JF,PETROL/ELECTRIC,PHEV,2023,2094
NL,V,DIESEL,Diesel,2010,177
NL,V,DIESEL,Diesel,2011,572
NL,V,DIESEL,Diesel,2012,582
NL,V,DIESEL,Diesel,2013,468
NL,V,DIESEL,Diesel,2014,723
NL,V,DIESEL,Diesel,2015,766
NL,V,DIESEL,Diesel,2016,2371
NL,V,DIESEL,Diesel,2017,2517
NL,V,DIESEL,Diesel,2018,2110
NL,V,DIESEL,Diesel,2019,2945
NL,V,DIESEL,Diesel,2020,536
NL,V,DIESEL,Diesel,2021,441
NL,V,DIESEL,Diesel,2022,403
NL,V,DIESEL,Diesel,2023,256
NL,V,DIESEL,HEV,2020,9
NL,V,DIESEL,HEV,2021,16
NL,V,DIESEL,HEV,2022,26
NL,V,DIESEL,HEV,2023,33
NL,V,DIESEL,Other,2010,2978
NL,V,DIESEL,Other,2011,2878
NL,V,DIESEL,Other,2012,2558
NL,V,DIESEL,Other,2013,1575
NL,V,DIESEL,Other,2014,1496
NL,V,DIESEL,Other,2015,908
NL,V,E85,Other,2010,7
NL,V,E85,Other,2011,1
NL,V,E85,Other,2013,1
NL,V,ELECTRIC,BEV,2019,91
NL,V,ELECTRIC,BEV,2020,199
NL,V,ELECTRIC,BEV,2021,889
NL,V,ELECTRIC,BEV,2022,1822
NL,V,ELECTRIC,BEV,2023,2571
NL,V,NG,Other,2018,377
NL,V,NG,Other,2019,35
NL,V,NG,Other,2020,1
NL,V,NG-BIOMETHANE,Other,2010,94
NL,V,NG-BIOMETHANE,Other,2011,129
NL,V,NG-BIOMETHANE,Other,2012,138
NL,V,NG-BIOMETHANE,Other,2013,53
NL,V,NG-BIOMETHANE,Other,2014,193
NL,V,NG-BIOMETHANE,Other,2015,121
NL,V,NG-BIOMETHANE,Other,2016,96
NL,V,NG-BIOMETHANE,Other,2017,617
NL,V,NG-BIOMETHANE,Other,2019,33
NL,V,PETROL,HEV,2023,15
NL,V,PETROL,Other,2010,964
NL,V,PETROL,Other,2011,1388
NL,V,PETROL,Other,2012,662
NL,V,PETROL,Other,2013,292
NL,V,PETROL,Other,2014,268
NL,V,PETROL,Other,2015,167
NL,V,PETROL,Petrol,2010,9
NL,V,PETROL,Petrol,2011,232
NL,V,PETROL,Petrol,2012,416
NL,V,PETROL,Petrol,2013,304
NL,V,PETROL,Petrol,2014,258
NL,V,PETROL,Petrol,2015,227
NL,V,PETROL,Petrol,2016,510
NL,V,PETROL,Petrol,2017,364
NL,V,PETROL,Petrol,2018,406
NL,V,PETROL,Petrol,2019,292
NL,V,PETROL,Petrol,2020,153
NL,V,PETROL,Petrol,2021,96
NL,V,PETROL,Petrol,2022,91
NL,V,PETROL,Petrol,2023,35
NL,V,PETROL/ELECTRIC,PHEV,2020,61
NL,V,PETROL/ELECTRIC,PHEV,2021,48
NL,V,PETROL/ELECTRIC,PHEV,2022,208
NL,V,PETROL/ELECTRIC,PHEV,2023,378
NO,,DIESEL,Diesel,2019,171
NO,,DIESEL,Diesel,2020,67
NO,,DIESEL,Diesel,2021,273
NO,,DIESEL,Diesel,2022,287
NO,,DIESEL,Diesel,2023,122
NO,,ELECTRIC,BEV,2019,1337
NO,,ELECTRIC,BEV,2020,953
NO,,ELECTRIC,BEV,2021,4393
NO,,ELECTRIC,BEV,2022,11688
NO,,ELECTRIC,BEV,2023,5029
NO,,HYDROGEN,HEV,2019,2
NO,,HYDROGEN,Other,2019,1
NO,,PETROL,HEV,2019,2
NO,,PETROL,HEV,2020,9
NO,,PETROL,HEV,2021,10
NO,,PETROL,HEV,2022,23
NO,,PETROL,HEV,2023,21
NO,,PETROL,Petrol,2019,125
NO,,PETROL,Petrol,2020,40
NO,,PETROL,Petrol,2021,221
NO,,PETROL,Petrol,2022,514
NO,,PETROL,Petrol,2023,103
NO,,PETROL/ELECTRIC,PHEV,2019,18
NO,,PETROL/ELECTRIC,PHEV,2020,21
NO,,PETROL/ELECTRIC,PHEV,2021,459
NO,,PETROL/ELECTRIC,PHEV,2022,138
NO,,PETROL/ELECTRIC,PHEV,2023,129
NO,A,DIESEL,Diesel,2019,2
NO,A,ELECTRIC,BEV,2019,2973
NO,A,ELECTRIC,BEV,2020,6811
NO,A,ELECTRIC,BEV,2021,3880
NO,A,ELECTRIC,BEV,2022,1550
NO,A,ELECTRIC,BEV,2023,753
NO,A,NG,Other,2019,7
NO,A,PETROL,HEV,2020,25
NO,A,PETROL,HEV,2021,58
NO,A,PETROL,HEV,2022,19
NO,A,PETROL,Petrol,2019,1035
NO,A,PETROL,Petrol,2020,340
NO,A,PETROL,Petrol,2021,155
NO,A,PETROL,Petrol,2022,105
NO,A,PETROL,Petrol,2023,71
NO,A,PETROL/ELECTRIC,PHEV,2023,4
NO,B,DIESEL,Diesel,2019,225
NO,B,DIESEL,Diesel,2020,35
NO,B,DIESEL,Diesel,2021,15
NO,B,DIESEL,HEV,2020,74
NO,B,DIESEL,HEV,2021,8
NO,B,DIESEL,HEV,2022,2
NO,B,DIESEL,HEV,2023,4
NO,B,ELECTRIC,BEV,2019,1082
NO,B,ELECTRIC,BEV,2020,4657
NO,B,ELECTRIC,BEV,2021,4647
NO,B,ELECTRIC,BEV,2022,2718
NO,B,ELECTRIC,BEV,2023,2325
NO,B,PETROL,HEV,2019,3649
NO,B,PETROL,HEV,2020,3234
NO,B,PETROL,HEV,2021,2259
NO,B,PETROL,HEV,2022,3022
NO,B,PETROL,HEV,2023,1560
NO,B,PETROL,Petrol,2019,3651
NO,B,PETROL,Petrol,2020,1418
NO,B,PETROL,Petrol,2021,1069
NO,B,PETROL,Petrol,2022,697
NO,B,PETROL,Petrol,2023,151
NO,B,PETROL/ELECTRIC,PHEV,2019,2347
NO,B,PETROL/ELECTRIC,PHEV,2020,344
NO,B,PETROL/ELECTRIC,PHEV,2021,71
NO,B,PETROL/ELECTRIC,PHEV,2022,30
NO,B,PETROL/ELECTRIC,PHEV,2023,50
NO,B,UNKNOWN,Other,2019,7
NO,C,DIESEL,Diesel,2019,5282
NO,C,DIESEL,Diesel,2020,3169
NO,C,DIESEL,Diesel,2021,920
NO,C,DIESEL,Diesel,2022,724
NO,C,DIESEL,Diesel,2023,701
NO,C,DIESEL,HEV,2020,36
NO,C,DIESEL,HEV,2021,51
NO,C,DIESEL,HEV,2022,46
NO,C,DIESEL,HEV,2023,8
NO,C,DIESEL/ELECTRIC,PHEV,2019,507
NO,C,DIESEL/ELECTRIC,PHEV,2020,586
NO,C,DIESEL/ELECTRIC,PHEV,2021,305
NO,C,DIESEL/ELECTRIC,PHEV,2022,66
NO,C,DIESEL/ELECTRIC,PHEV,2023,1
NO,C,ELECTRIC,BEV,2019,23880
NO,C,ELECTRIC,BEV,2020,23525
NO,C,ELECTRIC,BEV,2021,20170
NO,C,ELECTRIC,BEV,2022,23766
NO,C,ELECTRIC,BEV,2023,17122
NO,C,NG,Other,2019,4
NO,C,PETROL,HEV,2019,3791
NO,C,PETROL,HEV,2020,3656
NO,C,PETROL,HEV,2021,3896
NO,C,PETROL,HEV,2022,2789
NO,C,PETROL,HEV,2023,2347
NO,C,PETROL,Petrol,2019,6041
NO,C,PETROL,Petrol,2020,2012
NO,C,PETROL,Petrol,2021,566
NO,C,PETROL,Petrol,2022,241
NO,C,PETROL,Petrol,2023,117
NO,C,PETROL/ELECTRIC,PHEV,2019,1724
NO,C,PETROL/ELECTRIC,PHEV,2020,5536
NO,C,PETROL/ELECTRIC,PHEV,2021,7733
NO,C,PETROL/ELECTRIC,PHEV,2022,1958
NO,C,PETROL/ELECTRIC,PHEV,2023,792
NO,D,DIESEL,Diesel,2019,4331
NO,D,DIESEL,Diesel,2020,1724
NO,D,DIESEL,Diesel,2021,632
NO,D,DIESEL,Diesel,2022,610
NO,D,DIESEL,Diesel,2023,261
NO,D,DIESEL,HEV,2019,1
NO,D,DIESEL,HEV,2020,50
NO,D,DIESEL,HEV,2021,156
NO,D,DIESEL,HEV,2022,191
NO,D,DIESEL,HEV,2023,15
NO,D,ELECTRIC,BEV,2019,15766
NO,D,ELECTRIC,BEV,2020,11382
NO,D,ELECTRIC,BEV,2021,15805
NO,D,ELECTRIC,BEV,2022,6921
NO,D,ELECTRIC,BEV,2023,3384
NO,D,PETROL,HEV,2019,749
NO,D,PETROL,HEV,2020,179
NO,D,PETROL,HEV,2021,101
NO,D,PETROL,HEV,2022,55
NO,D,PETROL,HEV,2023,38
NO,D,PETROL,Petrol,2019,629
NO,D,PETROL,Petrol,2020,247
NO,D,PETROL,Petrol,2021,33
NO,D,PETROL,Petrol,2022,54
NO,D,PETROL,Petrol,2023,51
NO,D,PETROL/ELECTRIC,PHEV,2019,2687
NO,D,PETROL/ELECTRIC,PHEV,2020,3858
NO,D,PETROL/ELECTRIC,PHEV,2021,3047
NO,D,PETROL/ELECTRIC,PHEV,2022,1372
NO,D,PETROL/ELECTRIC,PHEV,2023,544
NO,E,DIESEL,Diesel,2019,683
NO,E,DIESEL,Diesel,2020,218
NO,E,DIESEL,Diesel,2021,85
NO,E,DIESEL,Diesel,2022,30
NO,E,DIESEL,Diesel,2023,2
NO,E,DIESEL,HEV,2019,133
NO,E,DIESEL,HEV,2020,57
NO,E,DIESEL,HEV,2021,30
NO,E,DIESEL,HEV,2022,46
NO,E,DIESEL,HEV,2023,16
NO,E,ELECTRIC,BEV,2020,2831
NO,E,ELECTRIC,BEV,2021,4330
NO,E,ELECTRIC,BEV,2022,9761
NO,E,ELECTRIC,BEV,2023,4384
NO,E,HYDROGEN,HEV,2019,1
NO,E,HYDROGEN,Other,2020,15
NO,E,HYDROGEN,Other,2021,36
NO,E,HYDROGEN,Other,2022,27
NO,E,HYDROGEN,Other,2023,2
NO,E,PETROL,HEV,2019,409
NO,E,PETROL,HEV,2020,246
NO,E,PETROL,HEV,2021,306
NO,E,PETROL,HEV,2022,96
NO,E,PETROL,HEV,2023,60
NO,E,PETROL,Petrol,2019,246
NO,E,PETROL,Petrol,2020,123
NO,E,PETROL,Petrol,2021,66
NO,E,PETROL,Petrol,2022,30
NO,E,PETROL,Petrol,2023,4
NO,E,PETROL/ELECTRIC,PHEV,2019,215
NO,E,PETROL/ELECTRIC,PHEV,2020,162
NO,E,PETROL/ELECTRIC,PHEV,2021,106
NO,E,PETROL/ELECTRIC,PHEV,2022,40
NO,E,PETROL/ELECTRIC,PHEV,2023,22
NO,F,DIESEL,Diesel,2019,82
NO,F,DIESEL,Diesel,2020,101
NO,F,DIESEL,Diesel,2021,49
NO,F,DIESEL,Diesel,2022,19
NO,F,DIESEL,Diesel,2023,2
NO,F,DIESEL,HEV,2019,3
NO,F,DIESEL,HEV,2020,1
NO,F,DIESEL,HEV,2021,1
NO,F,ELECTRIC,BEV,2019,1148
NO,F,ELECTRIC,BEV,2020,1580
NO,F,ELECTRIC,BEV,2021,7955
NO,F,ELECTRIC,BEV,2022,6851
NO,F,ELECTRIC,BEV,2023,4852
NO,F,PETROL,HEV,2019,25
NO,F,PETROL,HEV,2020,1
NO,F,PETROL,HEV,2021,3
NO,F,PETROL,HEV,2022,2
NO,F,PETROL,HEV,2023,4
NO,F,PETROL,Petrol,2019,928
NO,F,PETROL,Petrol,2020,414
NO,F,PETROL,Petrol,2021,306
NO,F,PETROL,Petrol,2022,283
NO,F,PETROL,Petrol,2023,202
NO,F,PETROL/ELECTRIC,PHEV,2019,22
NO,F,PETROL/ELECTRIC,PHEV,2020,29
NO,F,PETROL/ELECTRIC,PHEV,2021,8
NO,F,PETROL/ELECTRIC,PHEV,2022,8
NO,F,PETROL/ELECTRIC,PHEV,2023,15
NO,JA,DIESEL,Diesel,2019,64
NO,JA,DIESEL,Diesel,2020,89
NO,JA,DIESEL,Diesel,2021,46
NO,JA,DIESEL,Diesel,2022,10
NO,JA,DIESEL,Diesel,2023,4
NO,JA,ELECTRIC,BEV,2019,49
NO,JA,ELECTRIC,BEV,2020,34
NO,JA,ELECTRIC,BEV,2021,26
NO,JA,ELECTRIC,BEV,2022,48
NO,JA,ELECTRIC,BEV,2023,22
NO,JA,NG,Other,2020,1
NO,JA,PETROL,HEV,2019,781
NO,JA,PETROL,HEV,2020,1188
NO,JA,PETROL,HEV,2021,852
NO,JA,PETROL,HEV,2022,292
NO,JA,PETROL,HEV,2023,92
NO,JA,PETROL,Petrol,2019,326
NO,JA,PETROL,Petrol,2020,302
NO,JA,PETROL,Petrol,2021,132
NO,JA,PETROL,Petrol,2022,15
NO,JA,PETROL,Petrol,2023,3
NO,JB,DIESEL,Diesel,2019,1038
NO,JB,DIESEL,Diesel,2020,474
NO,JB,DIESEL,Diesel,2021,337
NO,JB,DIESEL,Diesel,2022,74
NO,JB,DIESEL,Diesel,2023,5
NO,JB,ELECTRIC,BEV,2019,6565
NO,JB,ELECTRIC,BEV,2020,8758
NO,JB,ELECTRIC,BEV,2021,12312
NO,JB,ELECTRIC,BEV,2022,11099
NO,JB,ELECTRIC,BEV,2023,7586
NO,JB,PETROL,HEV,2019,807
NO,JB,PETROL,HEV,2020,790
NO,JB,PETROL,HEV,2021,1404
NO,JB,PETROL,HEV,2022,3482
NO,JB,PETROL,HEV,2023,2653
NO,JB,PETROL,Petrol,2019,3498
NO,JB,PETROL,Petrol,2020,1407
NO,JB,PETROL,Petrol,2021,422
NO,JB,PETROL,Petrol,2022,82
NO,JB,PETROL,Petrol,2023,19
NO,JB,PETROL/ELECTRIC,PHEV,2019,318
NO,JB,PETROL/ELECTRIC,PHEV,2020,474
NO,JB,PETROL/ELECTRIC,PHEV,2021,1357
NO,JB,PETROL/ELECTRIC,PHEV,2022,315
NO,JB,PETROL/ELECTRIC,PHEV,2023,170
NO,JC,DIESEL,Diesel,2019,7257
NO,JC,DIESEL,Diesel,2020,3637
NO,JC,DIESEL,Diesel,2021,2871
NO,JC,DIESEL,Diesel,2022,1687
NO,JC,DIESEL,Diesel,2023,757
NO,JC,DIESEL,HEV,2019,332
NO,JC,DIESEL,HEV,2020,278
NO,JC,DIESEL,HEV,2021,114
NO,JC,DIESEL,HEV,2022,8
NO,JC,DIESEL,HEV,2023,3
NO,JC,ELECTRIC,BEV,2019,3798
NO,JC,ELECTRIC,BEV,2020,6500
NO,JC,ELECTRIC,BEV,2021,24751
NO,JC,ELECTRIC,BEV,2022,37207
NO,JC,ELECTRIC,BEV,2023,31544
NO,JC,PETROL,HEV,2019,3328
NO,JC,PETROL,HEV,2020,2998
NO,JC,PETROL,HEV,2021,2355
NO,JC,PETROL,HEV,2022,1414
NO,JC,PETROL,HEV,2023,1102
NO,JC,PETROL,Petrol,2019,3972
NO,JC,PETROL,Petrol,2020,1585
NO,JC,PETROL,Petrol,2021,519
NO,JC,PETROL,Petrol,2022,119
NO,JC,PETROL,Petrol,2023,36
NO,JC,PETROL/ELECTRIC,PHEV,2019,3214
NO,JC,PETROL/ELECTRIC,PHEV,2020,6250
NO,JC,PETROL/ELECTRIC,PHEV,2021,9572
NO,JC,PETROL/ELECTRIC,PHEV,2022,4156
NO,JC,PETROL/ELECTRIC,PHEV,2023,2465
NO,JD,DIESEL,Diesel,2019,1362
NO,JD,DIESEL,Diesel,2020,477
NO,JD,DIESEL,Diesel,2021,64
NO,JD,DIESEL,Diesel,2022,4
NO,JD,DIESEL,HEV,2019,9
NO,JD,DIESEL,HEV,2020,95
NO,JD,DIESEL,HEV,2021,368
NO,JD,DIESEL,HEV,2022,287
NO,JD,DIESEL,HEV,2023,170
NO,JD,DIESEL/ELECTRIC,PHEV,2019,22
NO,JD,DIESEL/ELECTRIC,PHEV,2020,41
NO,JD,DIESEL/ELECTRIC,PHEV,2021,325
NO,JD,DIESEL/ELECTRIC,PHEV,2022,70
NO,JD,DIESEL/ELECTRIC,PHEV,2023,95
NO,JD,ELECTRIC,BEV,2021,10151
NO,JD,ELECTRIC,BEV,2022,18905
NO,JD,ELECTRIC,BEV,2023,23523
NO,JD,PETROL,HEV,2019,4978
NO,JD,PETROL,HEV,2020,2479
NO,JD,PETROL,HEV,2021,2147
NO,JD,PETROL,HEV,2022,983
NO,JD,PETROL,HEV,2023,360
NO,JD,PETROL,Petrol,2019,525
NO,JD,PETROL,Petrol,2020,355
NO,JD,PETROL,Petrol,2021,133
NO,JD,PETROL,Petrol,2022,15
NO,JD,PETROL,Petrol,2023,6
NO,JD,PETROL/ELECTRIC,PHEV,2019,7178
NO,JD,PETROL/ELECTRIC,PHEV,2020,9696
NO,JD,PETROL/ELECTRIC,PHEV,2021,12292
NO,JD,PETROL/ELECTRIC,PHEV,2022,6917
NO,JD,PETROL/ELECTRIC,PHEV,2023,5077
NO,JE,DIESEL,Diesel,2019,197
NO,JE,DIESEL,Diesel,2020,99
NO,JE,DIESEL,Diesel,2021,14
NO,JE,DIESEL,Diesel,2022,6
NO,JE,DIESEL,Diesel,2023,3
NO,JE,DIESEL,HEV,2019,38
NO,JE,DIESEL,HEV,2020,41
NO,JE,DIESEL,HEV,2021,27
NO,JE,DIESEL,HEV,2022,27
NO,JE,DIESEL,HEV,2023,10
NO,JE,DIESEL/ELECTRIC,PHEV,2020,784
NO,JE,DIESEL/ELECTRIC,PHEV,2021,942
NO,JE,DIESEL/ELECTRIC,PHEV,2022,392
NO,JE,DIESEL/ELECTRIC,PHEV,2023,104
NO,JE,ELECTRIC,BEV,2019,1966
NO,JE,ELECTRIC,BEV,2020,617
NO,JE,ELECTRIC,BEV,2021,842
NO,JE,ELECTRIC,BEV,2022,6514
NO,JE,ELECTRIC,BEV,2023,2179
NO,JE,PETROL,HEV,2019,167
NO,JE,PETROL,HEV,2020,125
NO,JE,PETROL,HEV,2021,140
NO,JE,PETROL,HEV,2022,56
NO,JE,PETROL,HEV,2023,30
NO,JE,PETROL,Petrol,2019,55
NO,JE,PETROL,Petrol,2020,32
NO,JE,PETROL,Petrol,2021,28
NO,JE,PETROL,Petrol,2022,26
NO,JE,PETROL,Petrol,2023,9
NO,JE,PETROL/ELECTRIC,PHEV,2019,826
NO,JE,PETROL/ELECTRIC,PHEV,2020,1193
NO,JE,PETROL/ELECTRIC,PHEV,2021,1478
NO,JE,PETROL/ELECTRIC,PHEV,2022,385
NO,JE,PETROL/ELECTRIC,PHEV,2023,409
NO,JF,DIESEL,Diesel,2019,41
NO,JF,DIESEL,Diesel,2020,51
NO,JF,DIESEL,Diesel,2021,38
NO,JF,DIESEL,Diesel,2022,32
NO,JF,DIESEL,Diesel,2023,10
NO,JF,DIESEL,HEV,2019,19
NO,JF,DIESEL,HEV,2020,21
NO,JF,DIESEL,HEV,2021,20
NO,JF,DIESEL,HEV,2022,26
NO,JF,DIESEL,HEV,2023,31
NO,JF,ELECTRIC,BEV,2019,1681
NO,JF,ELECTRIC,BEV,2020,8843
NO,JF,ELECTRIC,BEV,2021,3322
NO,JF,ELECTRIC,BEV,2022,62
NO,JF,ELECTRIC,BEV,2023,2
NO,JF,PETROL,HEV,2019,3
NO,JF,PETROL,HEV,2020,7
NO,JF,PETROL,HEV,2021,9
NO,JF,PETROL,HEV,2022,8
NO,JF,PETROL,HEV,2023,6
NO,JF,PETROL,Petrol,2019,45
NO,JF,PETROL,Petrol,2020,23
NO,JF,PETROL,Petrol,2021,23
NO,JF,PETROL,Petrol,2022,30
NO,JF,PETROL,Petrol,2023,21
NO,JF,PETROL/ELECTRIC,PHEV,2019,189
NO,JF,PETROL/ELECTRIC,PHEV,2020,102
NO,JF,PETROL/ELECTRIC,PHEV,2021,425
NO,JF,PETROL/ELECTRIC,PHEV,2022,159
NO,JF,PETROL/ELECTRIC,PHEV,2023,265
NO,V,DIESEL,Diesel,2019,1276
NO,V,DIESEL,Diesel,2020,1141
NO,V,DIESEL,Diesel,2021,844
NO,V,DIESEL,Diesel,2022,1201
NO,V,DIESEL,Diesel,2023,973
NO,V,ELECTRIC,BEV,2020,108
NO,V,ELECTRIC,BEV,2021,862
NO,V,ELECTRIC,BEV,2022,1072
NO,V,ELECTRIC,BEV,2023,1874
NO,V,NG,Other,2019,5
NO,V,NG,Other,2020,2
NO,V,PETROL,Petrol,2019,29
NO,V,PETROL,Petrol,2020,17
NO,V,PETROL,Petrol,2021,26
NO,V,PETROL,Petrol,2022,24
NO,V,PETROL,Petrol,2023,16
NO,V,PETROL/ELECTRIC,PHEV,2020,8
NO,V,PETROL/ELECTRIC,PHEV,2021,48
NO,V,PETROL/ELECTRIC,PHEV,2022,119
NO,V,PETROL/ELECTRIC,PHEV,2023,30
PL,,DIESEL,Diesel,2010,6350
PL,,DIESEL,Diesel,2011,8911
PL,,DIESEL,Diesel,2012,7503
PL,,DIESEL,Diesel,2013,8528
PL,,DIESEL,Diesel,2014,6193
PL,,DIESEL,Diesel,2015,8423
PL,,DIESEL,Diesel,2016,7208
PL,,DIESEL,Diesel,2017,6854
PL,,DIESEL,Diesel,2018,5750
PL,,DIESEL,Diesel,2019,3702
PL,,DIESEL,Diesel,2020,3035
PL,,DIESEL,Diesel,2021,2066
PL,,DIESEL,Diesel,2022,451
PL,,DIESEL,Diesel,2023,789
PL,,DIESEL,HEV,2019,13
PL,,DIESEL,HEV,2020,27
PL,,DIESEL,HEV,2021,93
PL,,DIESEL,HEV,2022,94
PL,,DIESEL,HEV,2023,111
PL,,DIESEL,Other,2010,1
PL,,E85,Other,2011,42
PL,,E85,Other,2012,58
PL,,E85,Other,2013,7
PL,,ELECTRIC,BEV,2014,12
PL,,ELECTRIC,BEV,2015,20
PL,,ELECTRIC,BEV,2019,70
PL,,ELECTRIC,BEV,2020,92
PL,,ELECTRIC,BEV,2021,242
PL,,ELECTRIC,BEV,2022,144
PL,,ELECTRIC,BEV,2023,305
PL,,ELECTRIC,Other,2010,4
PL,,ELECTRIC,Other,2011,26
PL,,ELECTRIC,Other,2012,23
PL,,ELECTRIC,Other,2013,2
PL,,HYDROGEN,Other,2021,18
PL,,HYDROGEN,Other,2022,22
PL,,HYDROGEN,Other,2023,35
PL,,LPG,Other,2010,46
PL,,LPG,Other,2011,748
PL,,LPG,Other,2012,1351
PL,,LPG,Other,2013,147
PL,,LPG,Other,2014,139
PL,,LPG,Other,2015,214
PL,,LPG,Other,2016,4333
PL,,LPG,Other,2017,619
PL,,LPG,Other,2018,888
PL,,LPG,Other,2019,724
PL,,LPG,Other,2020,4
PL,,LPG,Other,2021,1
PL,,LPG,Other,2023,6
PL,,NG-BIOMETHANE,Other,2012,1
PL,,NG-BIOMETHANE,Other,2013,7
PL,,PETROL,HEV,2019,140
PL,,PETROL,HEV,2020,94
PL,,PETROL,HEV,2021,2553
PL,,PETROL,HEV,2022,1604
PL,,PETROL,HEV,2023,1969
PL,,PETROL,Other,2010,87
PL,,PETROL,Other,2012,95
PL,,PETROL,Other,2013,13
PL,,PETROL,Other,2014,19
PL,,PETROL,Petrol,2010,17766
PL,,PETROL,Petrol,2011,15296
PL,,PETROL,Petrol,2012,12373
PL,,PETROL,Petrol,2013,12585
PL,,PETROL,Petrol,2014,8266
PL,,PETROL,Petrol,2015,7014
PL,,PETROL,Petrol,2016,2059
PL,,PETROL,Petrol,2017,2894
PL,,PETROL,Petrol,2018,3375
PL,,PETROL,Petrol,2019,5793
PL,,PETROL,Petrol,2020,2162
PL,,PETROL,Petrol,2021,11777
PL,,PETROL,Petrol,2022,1251
PL,,PETROL,Petrol,2023,768
PL,,PETROL-ELECTRIC,Other,2014,1
PL,,PETROL-ELECTRIC,Other,2016,3
PL,,PETROL/ELECTRIC,Other,2017,14
PL,,PETROL/ELECTRIC,Other,2018,14
PL,,PETROL/ELECTRIC,PHEV,2019,34
PL,,PETROL/ELECTRIC,PHEV,2020,24
PL,,PETROL/ELECTRIC,PHEV,2021,413
PL,,PETROL/ELECTRIC,PHEV,2022,244
PL,,PETROL/ELECTRIC,PHEV,2023,439
PL,,UNKNOWN,Other,2022,2
PL,A,DIESEL,Diesel,2010,1350
PL,A,DIESEL,Diesel,2011,1992
PL,A,DIESEL,Diesel,2012,747
PL,A,DIESEL,Diesel,2013,865
PL,A,DIESEL,Diesel,2014,722
PL,A,DIESEL,Diesel,2015,850
PL,A,DIESEL,Diesel,2016,1086
PL,A,DIESEL,Diesel,2017,726
PL,A,DIESEL,Diesel,2018,222
PL,A,DIESEL,Diesel,2019,155
PL,A,DIESEL,Diesel,2020,61
PL,A,DIESEL,Diesel,2021,2
PL,A,DIESEL,Diesel,2023,59
PL,A,ELECTRIC,BEV,2014,6
PL,A,ELECTRIC,BEV,2015,1
PL,A,ELECTRIC,BEV,2016,3
PL,A,ELECTRIC,BEV,2017,19
PL,A,ELECTRIC,BEV,2018,77
PL,A,ELECTRIC,BEV,2019,90
PL,A,ELECTRIC,BEV,2020,803
PL,A,ELECTRIC,BEV,2021,882
PL,A,ELECTRIC,BEV,2022,900
PL,A,ELECTRIC,BEV,2023,854
PL,A,ELECTRIC,Other,2011,5
PL,A,ELECTRIC,Other,2013,2
PL,A,ELECTRIC,Other,2018,1
PL,A,ELECTRIC,Other,2020,41
PL,A,LPG,Other,2010,60
PL,A,LPG,Other,2011,476
PL,A,LPG,Other,2012,368
PL,A,LPG,Other,2013,58
PL,A,LPG,Other,2014,81
PL,A,LPG,Other,2015,95
PL,A,LPG,Other,2016,13659
PL,A,LPG,Other,2017,1687
PL,A,LPG,Other,2019,63
PL,A,LPG,Other,2020,1
PL,A,LPG,Other,2021,12
PL,A,LPG,Other,2022,100
PL,A,LPG,Other,2023,159
PL,A,NG-BIOMETHANE,Other,2010,2
PL,A,NG-BIOMETHANE,Other,2012,2
PL,A,NG-BIOMETHANE,Other,2013,2
PL,A,NG-BIOMETHANE,Other,2014,1
PL,A,NG-BIOMETHANE,Other,2016,1
PL,A,PETROL,HEV,2020,460
PL,A,PETROL,HEV,2021,3042
PL,A,PETROL,HEV,2022,4459
PL,A,PETROL,HEV,2023,3216
PL,A,PETROL,Other,2012,539
PL,A,PETROL,Other,2013,102
PL,A,PETROL,Other,2014,41
PL,A,PETROL,Petrol,2010,15319
PL,A,PETROL,Petrol,2011,16900
PL,A,PETROL,Petrol,2012,18899
PL,A,PETROL,Petrol,2013,19892
PL,A,PETROL,Petrol,2014,19724
PL,A,PETROL,Petrol,2015,20550
PL,A,PETROL,Petrol,2016,7363
PL,A,PETROL,Petrol,2017,14435
PL,A,PETROL,Petrol,2018,22284
PL,A,PETROL,Petrol,2019,20862
PL,A,PETROL,Petrol,2020,10951
PL,A,PETROL,Petrol,2021,11562
PL,A,PETROL,Petrol,2022,7496
PL,A,PETROL,Petrol,2023,8418
PL,A,PETROL-ELECTRIC,Other,2015,1
PL,A,PETROL-ELECTRIC,Other,2016,1
PL,A,PETROL/ELECTRIC,PHEV,2020,17
PL,A,PETROL/ELECTRIC,PHEV,2021,38
PL,A,PETROL/ELECTRIC,PHEV,2022,3
PL,A,PETROL/ELECTRIC,PHEV,2023,7
PL,B,DIESEL,Diesel,2010,8293
PL,B,DIESEL,Diesel,2011,12176
PL,B,DIESEL,Diesel,2012,9767
PL,B,DIESEL,Diesel,2013,12053
PL,B,DIESEL,Diesel,2014,9630
PL,B,DIESEL,Diesel,2015,9649
PL,B,DIESEL,Diesel,2016,6025
PL,B,DIESEL,Diesel,2017,6696
PL,B,DIESEL,Diesel,2018,4457
PL,B,DIESEL,Diesel,2019,3103
PL,B,DIESEL,Diesel,2020,980
PL,B,DIESEL,Diesel,2021,615
PL,B,DIESEL,Diesel,2022,647
PL,B,DIESEL,Diesel,2023,984
PL,B,DIESEL,HEV,2020,747
PL,B,DIESEL,HEV,2021,1147
PL,B,DIESEL,HEV,2022,1331
PL,B,DIESEL,HEV,2023,573
PL,B,E85,Other,2011,3
PL,B,ELECTRIC,BEV,2015,2
PL,B,ELECTRIC,BEV,2016,7
PL,B,ELECTRIC,BEV,2017,19
PL,B,ELECTRIC,BEV,2018,10
PL,B,ELECTRIC,BEV,2019,6
PL,B,ELECTRIC,BEV,2020,351
PL,B,ELECTRIC,BEV,2021,496
PL,B,ELECTRIC,BEV,2022,880
PL,B,ELECTRIC,BEV,2023,757
PL,B,ELECTRIC,Other,2010,3
PL,B,ELECTRIC,Other,2011,1
PL,B,ELECTRIC,Other,2012,36
PL,B,LPG,Other,2010,127
PL,B,LPG,Other,2011,1743
PL,B,LPG,Other,2012,2407
PL,B,LPG,Other,2013,656
PL,B,LPG,Other,2014,1281
PL,B,LPG,Other,2015,1562
PL,B,LPG,Other,2016,48718
PL,B,LPG,Other,2017,5912
PL,B,LPG,Other,2018,452
PL,B,LPG,Other,2019,2120
PL,B,LPG,Other,2020,2481
PL,B,LPG,Other,2021,5019
PL,B,LPG,Other,2022,4413
PL,B,LPG,Other,2023,3971
PL,B,NG-BIOMETHANE,Other,2010,1
PL,B,NG-BIOMETHANE,Other,2012,3
PL,B,NG-BIOMETHANE,Other,2013,2
PL,B,NG-BIOMETHANE,Other,2016,1535
PL,B,PETROL,HEV,2019,2775
PL,B,PETROL,HEV,2020,2660
PL,B,PETROL,HEV,2021,8360
PL,B,PETROL,HEV,2022,7363
PL,B,PETROL,HEV,2023,10859
PL,B,PETROL,Other,2010,1
PL,B,PETROL,Other,2012,481
PL,B,PETROL,Other,2013,100
PL,B,PETROL,Other,2014,48
PL,B,PETROL,Petrol,2010,50034
PL,B,PETROL,Petrol,2011,50534
PL,B,PETROL,Petrol,2012,46836
PL,B,PETROL,Petrol,2013,52138
PL,B,PETROL,Petrol,2014,52397
PL,B,PETROL,Petrol,2015,63667
PL,B,PETROL,Petrol,2016,23863
PL,B,PETROL,Petrol,2017,70066
PL,B,PETROL,Petrol,2018,80315
PL,B,PETROL,Petrol,2019,75977
PL,B,PETROL,Petrol,2020,52598
PL,B,PETROL,Petrol,2021,45747
PL,B,PETROL,Petrol,2022,37319
PL,B,PETROL,Petrol,2023,34351
PL,B,PETROL-ELECTRIC,Other,2014,24
PL,B,PETROL-ELECTRIC,Other,2015,5
PL,B,PETROL-ELECTRIC,Other,2016,4
PL,B,PETROL/ELECTRIC,Other,2017,41
PL,B,PETROL/ELECTRIC,Other,2018,31
PL,B,PETROL/ELECTRIC,PHEV,2019,246
PL,B,PETROL/ELECTRIC,PHEV,2020,21
PL,B,PETROL/ELECTRIC,PHEV,2021,9
PL,B,PETROL/ELECTRIC,PHEV,2022,44
PL,B,UNKNOWN,Other,2019,71
PL,C,BIODIESEL,Other,2014,1
PL,C,DIESEL,Diesel,2010,26292
PL,C,DIESEL,Diesel,2011,37119
PL,C,DIESEL,Diesel,2012,32975
PL,C,DIESEL,Diesel,2013,31696
PL,C,DIESEL,Diesel,2014,35866
PL,C,DIESEL,Diesel,2015,37884
PL,C,DIESEL,Diesel,2016,34409
PL,C,DIESEL,Diesel,2017,38690
PL,C,DIESEL,Diesel,2018,33074
PL,C,DIESEL,Diesel,2019,28057
PL,C,DIESEL,Diesel,2020,18660
PL,C,DIESEL,Diesel,2021,11937
PL,C,DIESEL,Diesel,2022,9904
PL,C,DIESEL,Diesel,2023,12053
PL,C,DIESEL,HEV,2019,1
PL,C,DIESEL,HEV,2020,639
PL,C,DIESEL,HEV,2021,3137
PL,C,DIESEL,HEV,2022,1890
PL,C,DIESEL,HEV,2023,1144
PL,C,DIESEL-ELECTRIC,Other,2014,3
PL,C,DIESEL-ELECTRIC,Other,2015,14
PL,C,DIESEL/ELECTRIC,PHEV,2019,22
PL,C,DIESEL/ELECTRIC,PHEV,2020,37
PL,C,DIESEL/ELECTRIC,PHEV,2021,78
PL,C,DIESEL/ELECTRIC,PHEV,2022,75
PL,C,DIESEL/ELECTRIC,PHEV,2023,22
PL,C,E85,Other,2010,2
PL,C,E85,Other,2011,557
PL,C,E85,Other,2012,368
PL,C,E85,Other,2013,62
PL,C,E85,Other,2017,2
PL,C,ELECTRIC,BEV,2014,36
PL,C,ELECTRIC,BEV,2015,25
PL,C,ELECTRIC,BEV,2016,99
PL,C,ELECTRIC,BEV,2017,249
PL,C,ELECTRIC,BEV,2018,437
PL,C,ELECTRIC,BEV,2019,999
PL,C,ELECTRIC,BEV,2020,964
PL,C,ELECTRIC,BEV,2021,1283
PL,C,ELECTRIC,BEV,2022,2055
PL,C,ELECTRIC,BEV,2023,2799
PL,C,ELECTRIC,Other,2010,4
PL,C,ELECTRIC,Other,2011,47
PL,C,ELECTRIC,Other,2012,34
PL,C,ELECTRIC,Other,2013,19
PL,C,ELECTRIC,Other,2015,20
PL,C,LPG,Other,2010,204
PL,C,LPG,Other,2011,4056
PL,C,LPG,Other,2012,5090
PL,C,LPG,Other,2013,471
PL,C,LPG,Other,2014,1122
PL,C,LPG,Other,2015,1828
PL,C,LPG,Other,2016,45772
PL,C,LPG,Other,2017,2727
PL,C,LPG,Other,2018,287
PL,C,LPG,Other,2019,445
PL,C,LPG,Other,2020,185
PL,C,LPG,Other,2021,336
PL,C,LPG,Other,2022,2054
PL,C,LPG,Other,2023,2744
PL,C,NG,Other,2019,5
PL,C,NG,Other,2023,1
PL,C,NG-BIOMETHANE,Other,2010,2
PL,C,NG-BIOMETHANE,Other,2011,12
PL,C,NG-BIOMETHANE,Other,2012,10
PL,C,NG-BIOMETHANE,Other,2013,4
PL,C,NG-BIOMETHANE,Other,2015,4
PL,C,NG-BIOMETHANE,Other,2016,731
PL,C,NG-BIOMETHANE,Other,2017,7
PL,C,PETROL,HEV,2019,11364
PL,C,PETROL,HEV,2020,13356
PL,C,PETROL,HEV,2021,27906
PL,C,PETROL,HEV,2022,22008
PL,C,PETROL,HEV,2023,46507
PL,C,PETROL,Other,2010,1
PL,C,PETROL,Other,2012,68
PL,C,PETROL,Other,2013,9
PL,C,PETROL,Other,2014,1
PL,C,PETROL,Petrol,2010,44136
PL,C,PETROL,Petrol,2011,46761
PL,C,PETROL,Petrol,2012,45152
PL,C,PETROL,Petrol,2013,55017
PL,C,PETROL,Petrol,2014,68206
PL,C,PETROL,Petrol,2015,77240
PL,C,PETROL,Petrol,2016,52798
PL,C,PETROL,Petrol,2017,95663
PL,C,PETROL,Petrol,2018,123505
PL,C,PETROL,Petrol,2019,122034
PL,C,PETROL,Petrol,2020,75044
PL,C,PETROL,Petrol,2021,62085
PL,C,PETROL,Petrol,2022,57721
PL,C,PETROL,Petrol,2023,51781
PL,C,PETROL-ELECTRIC,Other,2014,97
PL,C,PETROL-ELECTRIC,Other,2015,86
PL,C,PETROL-ELECTRIC,Other,2016,52
PL,C,PETROL/ELECTRIC,Other,2017,365
PL,C,PETROL/ELECTRIC,Other,2018,261
PL,C,PETROL/ELECTRIC,PHEV,2019,272
PL,C,PETROL/ELECTRIC,PHEV,2020,1310
PL,C,PETROL/ELECTRIC,PHEV,2021,2965
PL,C,PETROL/ELECTRIC,PHEV,2022,3065
PL,C,PETROL/ELECTRIC,PHEV,2023,2248
PL,C,UNKNOWN,Other,2021,41
PL,D,BIODIESEL,Other,2014,1
PL,D,DIESEL,Diesel,2010,11473
PL,D,DIESEL,Diesel,2011,15928
PL,D,DIESEL,Diesel,2012,15812
PL,D,DIESEL,Diesel,2013,15500
PL,D,DIESEL,Diesel,2014,16183
PL,D,DIESEL,Diesel,2015,18468
PL,D,DIESEL,Diesel,2016,21381
PL,D,DIESEL,Diesel,2017,19698
PL,D,DIESEL,Diesel,2018,18978
PL,D,DIESEL,Diesel,2019,17106
PL,D,DIESEL,Diesel,2020,10760
PL,D,DIESEL,Diesel,2021,8269
PL,D,DIESEL,Diesel,2022,7946
PL,D,DIESEL,Diesel,2023,7228
PL,D,DIESEL,HEV,2019,101
PL,D,DIESEL,HEV,2020,610
PL,D,DIESEL,HEV,2021,1316
PL,D,DIESEL,HEV,2022,1650
PL,D,DIESEL,HEV,2023,1928
PL,D,DIESEL-ELECTRIC,Other,2014,7
PL,D,DIESEL-ELECTRIC,Other,2016,1
PL,D,ELECTRIC,BEV,2019,73
PL,D,ELECTRIC,BEV,2020,281
PL,D,ELECTRIC,BEV,2021,1060
PL,D,ELECTRIC,BEV,2022,936
PL,D,ELECTRIC,BEV,2023,2083
PL,D,ELECTRIC,Other,2010,1
PL,D,ELECTRIC,Other,2011,2
PL,D,ELECTRIC,Other,2012,2
PL,D,LPG,Other,2010,1
PL,D,LPG,Other,2011,97
PL,D,LPG,Other,2012,305
PL,D,LPG,Other,2013,74
PL,D,LPG,Other,2014,107
PL,D,LPG,Other,2015,250
PL,D,LPG,Other,2016,5599
PL,D,LPG,Other,2017,964
PL,D,LPG,Other,2018,633
PL,D,LPG,Other,2019,803
PL,D,LPG,Other,2020,1
PL,D,LPG,Other,2023,1
PL,D,PETROL,HEV,2019,2612
PL,D,PETROL,HEV,2020,2700
PL,D,PETROL,HEV,2021,3657
PL,D,PETROL,HEV,2022,4535
PL,D,PETROL,HEV,2023,5355
PL,D,PETROL,PHEV,2020,2
PL,D,PETROL,Petrol,2010,7846
PL,D,PETROL,Petrol,2011,9633
PL,D,PETROL,Petrol,2012,9978
PL,D,PETROL,Petrol,2013,11224
PL,D,PETROL,Petrol,2014,10683
PL,D,PETROL,Petrol,2015,12857
PL,D,PETROL,Petrol,2016,11904
PL,D,PETROL,Petrol,2017,17883
PL,D,PETROL,Petrol,2018,23342
PL,D,PETROL,Petrol,2019,18714
PL,D,PETROL,Petrol,2020,10602
PL,D,PETROL,Petrol,2021,9623
PL,D,PETROL,Petrol,2022,10214
PL,D,PETROL,Petrol,2023,15141
PL,D,PETROL-ELECTRIC,Other,2014,8
PL,D,PETROL-ELECTRIC,Other,2015,45
PL,D,PETROL/ELECTRIC,Other,2017,25
PL,D,PETROL/ELECTRIC,Other,2018,17
PL,D,PETROL/ELECTRIC,PHEV,2019,168
PL,D,PETROL/ELECTRIC,PHEV,2020,406
PL,D,PETROL/ELECTRIC,PHEV,2021,778
PL,D,PETROL/ELECTRIC,PHEV,2022,494
PL,D,PETROL/ELECTRIC,PHEV,2023,752
PL,E,DIESEL,Diesel,2010,1251
PL,E,DIESEL,Diesel,2011,2142
PL,E,DIESEL,Diesel,2012,2710
PL,E,DIESEL,Diesel,2013,2411
PL,E,DIESEL,Diesel,2014,2233
PL,E,DIESEL,Diesel,2015,3381
PL,E,DIESEL,Diesel,2016,6094
PL,E,DIESEL,Diesel,2017,5962
PL,E,DIESEL,Diesel,2018,7592
PL,E,DIESEL,Diesel,2019,5314
PL,E,DIESEL,Diesel,2020,3243
PL,E,DIESEL,Diesel,2021,2779
PL,E,DIESEL,Diesel,2022,1292
PL,E,DIESEL,Diesel,2023,1198
PL,E,DIESEL,HEV,2019,1552
PL,E,DIESEL,HEV,2020,1353
PL,E,DIESEL,HEV,2021,2441
PL,E,DIESEL,HEV,2022,3096
PL,E,DIESEL,HEV,2023,3561
PL,E,DIESEL,Other,2017,1
PL,E,ELECTRIC,BEV,2021,1
PL,E,ELECTRIC,BEV,2022,381
PL,E,ELECTRIC,BEV,2023,435
PL,E,HYDROGEN,Other,2021,56
PL,E,HYDROGEN,Other,2022,18
PL,E,HYDROGEN,Other,2023,48
PL,E,LPG,Other,2011,2
PL,E,LPG,Other,2012,1
PL,E,LPG,Other,2016,72
PL,E,NG-BIOMETHANE,Other,2011,2
PL,E,NG-BIOMETHANE,Other,2014,1
PL,E,NG-BIOMETHANE,Other,2015,1
PL,E,PETROL,HEV,2019,2992
PL,E,PETROL,HEV,2020,3461
PL,E,PETROL,HEV,2021,5056
PL,E,PETROL,HEV,2022,4016
PL,E,PETROL,HEV,2023,6077
PL,E,PETROL,Petrol,2010,615
PL,E,PETROL,Petrol,2011,786
PL,E,PETROL,Petrol,2012,1134
PL,E,PETROL,Petrol,2013,960
PL,E,PETROL,Petrol,2014,803
PL,E,PETROL,Petrol,2015,1207
PL,E,PETROL,Petrol,2016,2163
PL,E,PETROL,Petrol,2017,3668
PL,E,PETROL,Petrol,2018,6089
PL,E,PETROL,Petrol,2019,4876
PL,E,PETROL,Petrol,2020,3471
PL,E,PETROL,Petrol,2021,3114
PL,E,PETROL,Petrol,2022,3723
PL,E,PETROL,Petrol,2023,4259
PL,E,PETROL-ELECTRIC,Other,2014,2
PL,E,PETROL-ELECTRIC,Other,2015,3
PL,E,PETROL/ELECTRIC,Other,2017,51
PL,E,PETROL/ELECTRIC,Other,2018,82
PL,E,PETROL/ELECTRIC,PHEV,2019,65
PL,E,PETROL/ELECTRIC,PHEV,2020,116
PL,E,PETROL/ELECTRIC,PHEV,2021,309
PL,E,PETROL/ELECTRIC,PHEV,2022,306
PL,E,PETROL/ELECTRIC,PHEV,2023,368
PL,F,DIESEL,Diesel,2010,1172
PL,F,DIESEL,Diesel,2011,1386
PL,F,DIESEL,Diesel,2012,1298
PL,F,DIESEL,Diesel,2013,941
PL,F,DIESEL,Diesel,2014,746
PL,F,DIESEL,Diesel,2015,707
PL,F,DIESEL,Diesel,2016,1218
PL,F,DIESEL,Diesel,2017,1187
PL,F,DIESEL,Diesel,2018,1640
PL,F,DIESEL,Diesel,2019,967
PL,F,DIESEL,Diesel,2020,764
PL,F,DIESEL,Diesel,2021,898
PL,F,DIESEL,Diesel,2022,594
PL,F,DIESEL,Diesel,2023,763
PL,F,DIESEL,HEV,2019,304
PL,F,DIESEL,HEV,2020,187
PL,F,DIESEL,HEV,2021,432
PL,F,DIESEL,HEV,2022,593
PL,F,DIESEL,HEV,2023,573
PL,F,E85,Other,2011,1
PL,F,E85,Other,2012,1
PL,F,ELECTRIC,BEV,2014,7
PL,F,ELECTRIC,BEV,2016,18
PL,F,ELECTRIC,BEV,2017,43
PL,F,ELECTRIC,BEV,2018,23
PL,F,ELECTRIC,BEV,2019,15
PL,F,ELECTRIC,BEV,2020,107
PL,F,ELECTRIC,BEV,2021,471
PL,F,ELECTRIC,BEV,2022,978
PL,F,ELECTRIC,BEV,2023,829
PL,F,ELECTRIC,Other,2010,1
PL,F,ELECTRIC,Other,2013,4
PL,F,LPG,Other,2010,1
PL,F,LPG,Other,2011,3
PL,F,LPG,Other,2012,2
PL,F,LPG,Other,2016,169
PL,F,PETROL,HEV,2019,437
PL,F,PETROL,HEV,2020,352
PL,F,PETROL,HEV,2021,694
PL,F,PETROL,HEV,2022,1261
PL,F,PETROL,HEV,2023,1031
PL,F,PETROL,Petrol,2010,3070
PL,F,PETROL,Petrol,2011,2720
PL,F,PETROL,Petrol,2012,2577
PL,F,PETROL,Petrol,2013,2168
PL,F,PETROL,Petrol,2014,2050
PL,F,PETROL,Petrol,2015,2277
PL,F,PETROL,Petrol,2016,2881
PL,F,PETROL,Petrol,2017,3932
PL,F,PETROL,Petrol,2018,3845
PL,F,PETROL,Petrol,2019,5059
PL,F,PETROL,Petrol,2020,3699
PL,F,PETROL,Petrol,2021,6526
PL,F,PETROL,Petrol,2022,4876
PL,F,PETROL,Petrol,2023,4116
PL,F,PETROL-ELECTRIC,Other,2014,12
PL,F,PETROL-ELECTRIC,Other,2015,15
PL,F,PETROL-ELECTRIC,Other,2016,26
PL,F,PETROL/ELECTRIC,Other,2017,7
PL,F,PETROL/ELECTRIC,Other,2018,13
PL,F,PETROL/ELECTRIC,PHEV,2019,8
PL,F,PETROL/ELECTRIC,PHEV,2020,20
PL,F,PETROL/ELECTRIC,PHEV,2021,61
PL,F,PETROL/ELECTRIC,PHEV,2022,72
PL,F,PETROL/ELECTRIC,PHEV,2023,152
PL,JA,DIESEL,Diesel,2010,581
PL,JA,DIESEL,Diesel,2011,1926
PL,JA,DIESEL,Diesel,2012,1408
PL,JA,DIESEL,Diesel,2013,1237
PL,JA,DIESEL,Diesel,2014,1208
PL,JA,DIESEL,Diesel,2015,1568
PL,JA,DIESEL,Diesel,2016,1766
PL,JA,DIESEL,Diesel,2017,1730
PL,JA,DIESEL,Diesel,2018,1726
PL,JA,DIESEL,Diesel,2019,1407
PL,JA,DIESEL,Diesel,2020,1078
PL,JA,DIESEL,Diesel,2021,623
PL,JA,DIESEL,Diesel,2022,689
PL,JA,DIESEL,Diesel,2023,224
PL,JA,ELECTRIC,BEV,2021,5
PL,JA,ELECTRIC,BEV,2022,10
PL,JA,ELECTRIC,BEV,2023,25
PL,JA,ELECTRIC,Other,2010,1
PL,JA,LPG,Other,2011,2
PL,JA,LPG,Other,2012,3
PL,JA,LPG,Other,2016,184
PL,JA,PETROL,HEV,2020,604
PL,JA,PETROL,HEV,2021,3084
PL,JA,PETROL,HEV,2022,2140
PL,JA,PETROL,HEV,2023,2350
PL,JA,PETROL,Petrol,2010,62
PL,JA,PETROL,Petrol,2011,100
PL,JA,PETROL,Petrol,2012,81
PL,JA,PETROL,Petrol,2013,81
PL,JA,PETROL,Petrol,2014,78
PL,JA,PETROL,Petrol,2015,80
PL,JA,PETROL,Petrol,2016,149
PL,JA,PETROL,Petrol,2017,1474
PL,JA,PETROL,Petrol,2018,1447
PL,JA,PETROL,Petrol,2019,3871
PL,JA,PETROL,Petrol,2020,6942
PL,JA,PETROL,Petrol,2021,5959
PL,JA,PETROL,Petrol,2022,6323
PL,JA,PETROL,Petrol,2023,7244
PL,JB,DIESEL,Diesel,2010,896
PL,JB,DIESEL,Diesel,2011,2778
PL,JB,DIESEL,Diesel,2012,4134
PL,JB,DIESEL,Diesel,2013,4072
PL,JB,DIESEL,Diesel,2014,4906
PL,JB,DIESEL,Diesel,2015,4848
PL,JB,DIESEL,Diesel,2016,4515
PL,JB,DIESEL,Diesel,2017,7544
PL,JB,DIESEL,Diesel,2018,4779
PL,JB,DIESEL,Diesel,2019,3943
PL,JB,DIESEL,Diesel,2020,2796
PL,JB,DIESEL,Diesel,2021,3344
PL,JB,DIESEL,Diesel,2022,2800
PL,JB,DIESEL,Diesel,2023,2454
PL,JB,E85,Other,2011,8
PL,JB,E85,Other,2012,11
PL,JB,ELECTRIC,BEV,2016,2
PL,JB,ELECTRIC,BEV,2017,3
PL,JB,ELECTRIC,BEV,2018,5
PL,JB,ELECTRIC,BEV,2019,145
PL,JB,ELECTRIC,BEV,2020,221
PL,JB,ELECTRIC,BEV,2021,257
PL,JB,ELECTRIC,BEV,2022,647
PL,JB,ELECTRIC,BEV,2023,889
PL,JB,ELECTRIC,Other,2011,7
PL,JB,ELECTRIC,Other,2012,11
PL,JB,LPG,Other,2010,1
PL,JB,LPG,Other,2011,4
PL,JB,LPG,Other,2012,797
PL,JB,LPG,Other,2013,539
PL,JB,LPG,Other,2014,637
PL,JB,LPG,Other,2015,724
PL,JB,LPG,Other,2016,11977
PL,JB,LPG,Other,2017,2394
PL,JB,LPG,Other,2018,277
PL,JB,LPG,Other,2019,2954
PL,JB,LPG,Other,2020,4634
PL,JB,LPG,Other,2021,7805
PL,JB,LPG,Other,2022,5714
PL,JB,LPG,Other,2023,5416
PL,JB,PETROL,HEV,2019,1024
PL,JB,PETROL,HEV,2020,2524
PL,JB,PETROL,HEV,2021,13240
PL,JB,PETROL,HEV,2022,20092
PL,JB,PETROL,HEV,2023,24965
PL,JB,PETROL,Other,2012,4
PL,JB,PETROL,Other,2013,2
PL,JB,PETROL,Other,2014,3
PL,JB,PETROL,Petrol,2010,2379
PL,JB,PETROL,Petrol,2011,5222
PL,JB,PETROL,Petrol,2012,6541
PL,JB,PETROL,Petrol,2013,9336
PL,JB,PETROL,Petrol,2014,13286
PL,JB,PETROL,Petrol,2015,19096
PL,JB,PETROL,Petrol,2016,14678
PL,JB,PETROL,Petrol,2017,22508
PL,JB,PETROL,Petrol,2018,43783
PL,JB,PETROL,Petrol,2019,52928
PL,JB,PETROL,Petrol,2020,36331
PL,JB,PETROL,Petrol,2021,29590
PL,JB,PETROL,Petrol,2022,30843
PL,JB,PETROL,Petrol,2023,32639
PL,JB,PETROL/ELECTRIC,PHEV,2020,178
PL,JB,PETROL/ELECTRIC,PHEV,2021,520
PL,JB,PETROL/ELECTRIC,PHEV,2022,515
PL,JB,PETROL/ELECTRIC,PHEV,2023,555
PL,JC,BIODIESEL,Other,2014,1
PL,JC,DIESEL,Diesel,2010,7244
PL,JC,DIESEL,Diesel,2011,13092
PL,JC,DIESEL,Diesel,2012,13802
PL,JC,DIESEL,Diesel,2013,13901
PL,JC,DIESEL,Diesel,2014,12673
PL,JC,DIESEL,Diesel,2015,15381
PL,JC,DIESEL,Diesel,2016,19861
PL,JC,DIESEL,Diesel,2017,29756
PL,JC,DIESEL,Diesel,2018,21637
PL,JC,DIESEL,Diesel,2019,16672
PL,JC,DIESEL,Diesel,2020,9792
PL,JC,DIESEL,Diesel,2021,5572
PL,JC,DIESEL,Diesel,2022,4975
PL,JC,DIESEL,Diesel,2023,5772
PL,JC,DIESEL,HEV,2019,779
PL,JC,DIESEL,HEV,2020,2089
PL,JC,DIESEL,HEV,2021,5751
PL,JC,DIESEL,HEV,2022,4849
PL,JC,DIESEL,HEV,2023,5105
PL,JC,ELECTRIC,BEV,2014,2
PL,JC,ELECTRIC,BEV,2018,10
PL,JC,ELECTRIC,BEV,2019,12
PL,JC,ELECTRIC,BEV,2020,147
PL,JC,ELECTRIC,BEV,2021,1547
PL,JC,ELECTRIC,BEV,2022,2793
PL,JC,ELECTRIC,BEV,2023,4407
PL,JC,ELECTRIC,Other,2012,2
PL,JC,LPG,Other,2011,12
PL,JC,LPG,Other,2012,32
PL,JC,LPG,Other,2013,15
PL,JC,LPG,Other,2014,4
PL,JC,LPG,Other,2016,8558
PL,JC,LPG,Other,2019,5
PL,JC,LPG,Other,2020,5
PL,JC,LPG,Other,2021,15
PL,JC,LPG,Other,2022,113
PL,JC,LPG,Other,2023,1
PL,JC,PETROL,HEV,2019,7032
PL,JC,PETROL,HEV,2020,7513
PL,JC,PETROL,HEV,2021,19665
PL,JC,PETROL,HEV,2022,27364
PL,JC,PETROL,HEV,2023,44756
PL,JC,PETROL,PHEV,2020,3
PL,JC,PETROL,Petrol,2010,5013
PL,JC,PETROL,Petrol,2011,8281
PL,JC,PETROL,Petrol,2012,11714
PL,JC,PETROL,Petrol,2013,12651
PL,JC,PETROL,Petrol,2014,14608
PL,JC,PETROL,Petrol,2015,18422
PL,JC,PETROL,Petrol,2016,18563
PL,JC,PETROL,Petrol,2017,27045
PL,JC,PETROL,Petrol,2018,50589
PL,JC,PETROL,Petrol,2019,54776
PL,JC,PETROL,Petrol,2020,38383
PL,JC,PETROL,Petrol,2021,40493
PL,JC,PETROL,Petrol,2022,38798
PL,JC,PETROL,Petrol,2023,30749
PL,JC,PETROL-ELECTRIC,Other,2014,507
PL,JC,PETROL-ELECTRIC,Other,2015,3
PL,JC,PETROL/ELECTRIC,HEV,2020,1
PL,JC,PETROL/ELECTRIC,Other,2017,25
PL,JC,PETROL/ELECTRIC,Other,2018,73
PL,JC,PETROL/ELECTRIC,PHEV,2019,146
PL,JC,PETROL/ELECTRIC,PHEV,2020,1105
PL,JC,PETROL/ELECTRIC,PHEV,2021,1192
PL,JC,PETROL/ELECTRIC,PHEV,2022,1465
PL,JC,PETROL/ELECTRIC,PHEV,2023,2258
PL,JD,DIESEL,Diesel,2010,2791
PL,JD,DIESEL,Diesel,2011,4557
PL,JD,DIESEL,Diesel,2012,4863
PL,JD,DIESEL,Diesel,2013,4700
PL,JD,DIESEL,Diesel,2014,6593
PL,JD,DIESEL,Diesel,2015,8757
PL,JD,DIESEL,Diesel,2016,8539
PL,JD,DIESEL,Diesel,2017,9769
PL,JD,DIESEL,Diesel,2018,11643
PL,JD,DIESEL,Diesel,2019,8707
PL,JD,DIESEL,Diesel,2020,5019
PL,JD,DIESEL,Diesel,2021,2692
PL,JD,DIESEL,Diesel,2022,2261
PL,JD,DIESEL,Diesel,2023,1992
PL,JD,DIESEL,HEV,2019,1271
PL,JD,DIESEL,HEV,2020,2225
PL,JD,DIESEL,HEV,2021,4567
PL,JD,DIESEL,HEV,2022,4577
PL,JD,DIESEL,HEV,2023,7170
PL,JD,DIESEL/ELECTRIC,Other,2017,9
PL,JD,DIESEL/ELECTRIC,PHEV,2020,31
PL,JD,DIESEL/ELECTRIC,PHEV,2021,169
PL,JD,DIESEL/ELECTRIC,PHEV,2022,124
PL,JD,DIESEL/ELECTRIC,PHEV,2023,191
PL,JD,E85,Other,2013,11
PL,JD,E85,Other,2014,2
PL,JD,E85,Other,2015,19
PL,JD,ELECTRIC,BEV,2021,269
PL,JD,ELECTRIC,BEV,2022,570
PL,JD,ELECTRIC,BEV,2023,2738
PL,JD,ELECTRIC,Other,2010,1
PL,JD,LPG,Other,2011,13
PL,JD,LPG,Other,2012,42
PL,JD,LPG,Other,2013,4
PL,JD,LPG,Other,2014,1
PL,JD,LPG,Other,2016,2565
PL,JD,LPG,Other,2023,3
PL,JD,PETROL,HEV,2019,5550
PL,JD,PETROL,HEV,2020,7510
PL,JD,PETROL,HEV,2021,10586
PL,JD,PETROL,HEV,2022,12539
PL,JD,PETROL,HEV,2023,11516
PL,JD,PETROL,PHEV,2020,24
PL,JD,PETROL,Petrol,2010,1339
PL,JD,PETROL,Petrol,2011,3029
PL,JD,PETROL,Petrol,2012,5050
PL,JD,PETROL,Petrol,2013,6894
PL,JD,PETROL,Petrol,2014,6082
PL,JD,PETROL,Petrol,2015,6700
PL,JD,PETROL,Petrol,2016,3624
PL,JD,PETROL,Petrol,2017,8527
PL,JD,PETROL,Petrol,2018,11741
PL,JD,PETROL,Petrol,2019,7145
PL,JD,PETROL,Petrol,2020,7011
PL,JD,PETROL,Petrol,2021,5815
PL,JD,PETROL,Petrol,2022,3636
PL,JD,PETROL,Petrol,2023,4575
PL,JD,PETROL-ELECTRIC,Other,2014,9
PL,JD,PETROL-ELECTRIC,Other,2015,95
PL,JD,PETROL-ELECTRIC,Other,2016,11
PL,JD,PETROL/ELECTRIC,Other,2017,80
PL,JD,PETROL/ELECTRIC,Other,2018,94
PL,JD,PETROL/ELECTRIC,PHEV,2019,121
PL,JD,PETROL/ELECTRIC,PHEV,2020,664
PL,JD,PETROL/ELECTRIC,PHEV,2021,1496
PL,JD,PETROL/ELECTRIC,PHEV,2022,1839
PL,JD,PETROL/ELECTRIC,PHEV,2023,3546
PL,JE,DIESEL,Diesel,2010,130
PL,JE,DIESEL,Diesel,2011,142
PL,JE,DIESEL,Diesel,2012,765
PL,JE,DIESEL,Diesel,2013,1009
PL,JE,DIESEL,Diesel,2014,1021
PL,JE,DIESEL,Diesel,2015,2359
PL,JE,DIESEL,Diesel,2016,2940
PL,JE,DIESEL,Diesel,2017,2655
PL,JE,DIESEL,Diesel,2018,4498
PL,JE,DIESEL,Diesel,2019,3024
PL,JE,DIESEL,Diesel,2020,3745
PL,JE,DIESEL,Diesel,2021,3145
PL,JE,DIESEL,Diesel,2022,2318
PL,JE,DIESEL,Diesel,2023,2335
PL,JE,DIESEL,HEV,2019,747
PL,JE,DIESEL,HEV,2020,869
PL,JE,DIESEL,HEV,2021,2139
PL,JE,DIESEL,HEV,2022,3410
PL,JE,DIESEL,HEV,2023,3465
PL,JE,DIESEL/ELECTRIC,PHEV,2020,110
PL,JE,DIESEL/ELECTRIC,PHEV,2021,232
PL,JE,DIESEL/ELECTRIC,PHEV,2022,227
PL,JE,DIESEL/ELECTRIC,PHEV,2023,140
PL,JE,ELECTRIC,BEV,2016,7
PL,JE,ELECTRIC,BEV,2017,34
PL,JE,ELECTRIC,BEV,2018,30
PL,JE,ELECTRIC,BEV,2019,14
PL,JE,ELECTRIC,BEV,2020,14
PL,JE,ELECTRIC,BEV,2021,77
PL,JE,ELECTRIC,BEV,2022,243
PL,JE,ELECTRIC,BEV,2023,488
PL,JE,ELECTRIC,Other,2011,1
PL,JE,ELECTRIC,Other,2012,3
PL,JE,LPG,Other,2021,1
PL,JE,PETROL,HEV,2019,527
PL,JE,PETROL,HEV,2020,747
PL,JE,PETROL,HEV,2021,2999
PL,JE,PETROL,HEV,2022,3600
PL,JE,PETROL,HEV,2023,3311
PL,JE,PETROL,Petrol,2010,177
PL,JE,PETROL,Petrol,2011,244
PL,JE,PETROL,Petrol,2012,314
PL,JE,PETROL,Petrol,2013,210
PL,JE,PETROL,Petrol,2014,196
PL,JE,PETROL,Petrol,2015,415
PL,JE,PETROL,Petrol,2016,1277
PL,JE,PETROL,Petrol,2017,1137
PL,JE,PETROL,Petrol,2018,1664
PL,JE,PETROL,Petrol,2019,1398
PL,JE,PETROL,Petrol,2020,1009
PL,JE,PETROL,Petrol,2021,1192
PL,JE,PETROL,Petrol,2022,2053
PL,JE,PETROL,Petrol,2023,1605
PL,JE,PETROL-ELECTRIC,Other,2014,13
PL,JE,PETROL-ELECTRIC,Other,2015,6
PL,JE,PETROL-ELECTRIC,Other,2016,15
PL,JE,PETROL/ELECTRIC,Other,2017,52
PL,JE,PETROL/ELECTRIC,Other,2018,22
PL,JE,PETROL/ELECTRIC,PHEV,2019,15
PL,JE,PETROL/ELECTRIC,PHEV,2020,303
PL,JE,PETROL/ELECTRIC,PHEV,2021,813
PL,JE,PETROL/ELECTRIC,PHEV,2022,974
PL,JE,PETROL/ELECTRIC,PHEV,2023,951
PL,JF,DIESEL,Diesel,2010,252
PL,JF,DIESEL,Diesel,2011,540
PL,JF,DIESEL,Diesel,2012,414
PL,JF,DIESEL,Diesel,2013,336
PL,JF,DIESEL,Diesel,2014,579
PL,JF,DIESEL,Diesel,2015,624
PL,JF,DIESEL,Diesel,2016,816
PL,JF,DIESEL,Diesel,2017,960
PL,JF,DIESEL,Diesel,2018,1342
PL,JF,DIESEL,Diesel,2019,740
PL,JF,DIESEL,Diesel,2020,757
PL,JF,DIESEL,Diesel,2021,1054
PL,JF,DIESEL,Diesel,2022,951
PL,JF,DIESEL,Diesel,2023,976
PL,JF,DIESEL,HEV,2019,97
PL,JF,DIESEL,HEV,2020,160
PL,JF,DIESEL,HEV,2021,399
PL,JF,DIESEL,HEV,2022,778
PL,JF,DIESEL,HEV,2023,892
PL,JF,ELECTRIC,BEV,2020,81
PL,JF,ELECTRIC,BEV,2021,197
PL,JF,ELECTRIC,BEV,2022,405
PL,JF,ELECTRIC,BEV,2023,147
PL,JF,LPG,Other,2016,41
PL,JF,PETROL,HEV,2019,88
PL,JF,PETROL,HEV,2020,192
PL,JF,PETROL,HEV,2021,193
PL,JF,PETROL,HEV,2022,485
PL,JF,PETROL,HEV,2023,334
PL,JF,PETROL,Petrol,2010,18
PL,JF,PETROL,Petrol,2011,85
PL,JF,PETROL,Petrol,2012,325
PL,JF,PETROL,Petrol,2013,335
PL,JF,PETROL,Petrol,2014,376
PL,JF,PETROL,Petrol,2015,70
PL,JF,PETROL,Petrol,2016,211
PL,JF,PETROL,Petrol,2017,348
PL,JF,PETROL,Petrol,2018,703
PL,JF,PETROL,Petrol,2019,578
PL,JF,PETROL,Petrol,2020,304
PL,JF,PETROL,Petrol,2021,778
PL,JF,PETROL,Petrol,2022,491
PL,JF,PETROL,Petrol,2023,320
PL,JF,PETROL/ELECTRIC,Other,2018,9
PL,JF,PETROL/ELECTRIC,PHEV,2019,4
PL,JF,PETROL/ELECTRIC,PHEV,2020,10
PL,JF,PETROL/ELECTRIC,PHEV,2021,19
PL,JF,PETROL/ELECTRIC,PHEV,2022,64
PL,JF,PETROL/ELECTRIC,PHEV,2023,72
PL,V,DIESEL,Diesel,2010,2596
PL,V,DIESEL,Diesel,2011,4813
PL,V,DIESEL,Diesel,2012,4257
PL,V,DIESEL,Diesel,2013,4378
PL,V,DIESEL,Diesel,2014,4730
PL,V,DIESEL,Diesel,2015,6395
PL,V,DIESEL,Diesel,2016,9947
PL,V,DIESEL,Diesel,2017,12431
PL,V,DIESEL,Diesel,2018,15328
PL,V,DIESEL,Diesel,2019,15911
PL,V,DIESEL,Diesel,2020,11961
PL,V,DIESEL,Diesel,2021,9480
PL,V,DIESEL,Diesel,2022,8206
PL,V,DIESEL,Diesel,2023,12905
PL,V,DIESEL,HEV,2019,2
PL,V,DIESEL,HEV,2020,20
PL,V,DIESEL,HEV,2021,32
PL,V,DIESEL,HEV,2022,11
PL,V,DIESEL,HEV,2023,27
PL,V,ELECTRIC,BEV,2020,52
PL,V,ELECTRIC,BEV,2021,90
PL,V,ELECTRIC,BEV,2022,219
PL,V,ELECTRIC,BEV,2023,350
PL,V,LPG,Other,2011,14
PL,V,LPG,Other,2012,22
PL,V,LPG,Other,2013,8
PL,V,LPG,Other,2014,1
PL,V,LPG,Other,2016,236
PL,V,LPG,Other,2019,4
PL,V,NG,Other,2018,8
PL,V,NG,Other,2019,33
PL,V,NG,Other,2020,20
PL,V,NG,Other,2021,6
PL,V,NG-BIOMETHANE,Other,2010,13
PL,V,NG-BIOMETHANE,Other,2011,30
PL,V,NG-BIOMETHANE,Other,2012,9
PL,V,NG-BIOMETHANE,Other,2013,1
PL,V,NG-BIOMETHANE,Other,2014,10
PL,V,NG-BIOMETHANE,Other,2016,12
PL,V,NG-BIOMETHANE,Other,2017,2
PL,V,NG-BIOMETHANE,Other,2020,2
PL,V,PETROL,HEV,2021,7
PL,V,PETROL,HEV,2022,26
PL,V,PETROL,HEV,2023,1
PL,V,PETROL,Other,2014,6
PL,V,PETROL,Petrol,2010,98
PL,V,PETROL,Petrol,2011,191
PL,V,PETROL,Petrol,2012,198
PL,V,PETROL,Petrol,2013,153
PL,V,PETROL,Petrol,2014,294
PL,V,PETROL,Petrol,2015,254
PL,V,PETROL,Petrol,2016,280
PL,V,PETROL,Petrol,2017,626
PL,V,PETROL,Petrol,2018,1116
PL,V,PETROL,Petrol,2019,2233
PL,V,PETROL,Petrol,2020,1301
PL,V,PETROL,Petrol,2021,1663
PL,V,PETROL,Petrol,2022,1328
PL,V,PETROL,Petrol,2023,971
PL,V,PETROL/ELECTRIC,PHEV,2021,40
PL,V,PETROL/ELECTRIC,PHEV,2022,90
PL,V,PETROL/ELECTRIC,PHEV,2023,88
PT,,DIESEL,Diesel,2010,6412
PT,,DIESEL,Diesel,2011,3525
PT,,DIESEL,Diesel,2012,2402
PT,,DIESEL,Diesel,2013,2801
PT,,DIESEL,Diesel,2014,1788
PT,,DIESEL,Diesel,2015,2039
PT,,DIESEL,Diesel,2016,2143
PT,,DIESEL,Diesel,2017,1416
PT,,DIESEL,Diesel,2018,1278
PT,,DIESEL,Diesel,2019,1392
PT,,DIESEL,Diesel,2020,197
PT,,DIESEL,Diesel,2021,42
PT,,DIESEL,Diesel,2022,79
PT,,DIESEL,Diesel,2023,160
PT,,DIESEL,HEV,2020,4
PT,,DIESEL,HEV,2021,1
PT,,DIESEL,HEV,2022,2
PT,,DIESEL,HEV,2023,16
PT,,ELECTRIC,BEV,2014,4
PT,,ELECTRIC,BEV,2015,44
PT,,ELECTRIC,BEV,2016,4
PT,,ELECTRIC,BEV,2017,10
PT,,ELECTRIC,BEV,2018,170
PT,,ELECTRIC,BEV,2019,2
PT,,ELECTRIC,BEV,2020,77
PT,,ELECTRIC,BEV,2021,41
PT,,ELECTRIC,BEV,2022,246
PT,,ELECTRIC,BEV,2023,992
PT,,ELECTRIC,Other,2010,23
PT,,ELECTRIC,Other,2011,41
PT,,ELECTRIC,Other,2012,26
PT,,ELECTRIC,Other,2013,25
PT,,HYBRID/PETROL/E,Petrol,2015,1
PT,,LPG,Other,2010,4
PT,,LPG,Other,2013,207
PT,,LPG,Other,2014,31
PT,,PETROL,HEV,2019,565
PT,,PETROL,HEV,2020,1
PT,,PETROL,HEV,2021,22
PT,,PETROL,HEV,2022,248
PT,,PETROL,HEV,2023,217
PT,,PETROL,Petrol,2010,4139
PT,,PETROL,Petrol,2011,2237
PT,,PETROL,Petrol,2012,1190
PT,,PETROL,Petrol,2013,778
PT,,PETROL,Petrol,2014,1105
PT,,PETROL,Petrol,2015,785
PT,,PETROL,Petrol,2016,1316
PT,,PETROL,Petrol,2017,547
PT,,PETROL,Petrol,2018,828
PT,,PETROL,Petrol,2019,567
PT,,PETROL,Petrol,2020,290
PT,,PETROL,Petrol,2021,301
PT,,PETROL,Petrol,2022,221
PT,,PETROL,Petrol,2023,39
PT,,PETROL-ELECTRIC,Other,2013,7
PT,,PETROL-ELECTRIC,Other,2014,2
PT,,PETROL-ELECTRIC,Other,2015,4
PT,,PETROL-ELECTRIC,Other,2016,8
PT,,PETROL/ELECTRIC,Other,2017,23
PT,,PETROL/ELECTRIC,Other,2018,16
PT,,PETROL/ELECTRIC,PHEV,2019,37
PT,,PETROL/ELECTRIC,PHEV,2020,35
PT,,PETROL/ELECTRIC,PHEV,2021,73
PT,,PETROL/ELECTRIC,PHEV,2022,132
PT,,PETROL/ELECTRIC,PHEV,2023,685
PT,A,DIESEL,Diesel,2010,5855
PT,A,DIESEL,Diesel,2011,3495
PT,A,DIESEL,Diesel,2012,1871
PT,A,DIESEL,Diesel,2013,2116
PT,A,DIESEL,Diesel,2014,1826
PT,A,DIESEL,Diesel,2015,2770
PT,A,DIESEL,Diesel,2016,2999
PT,A,DIESEL,Diesel,2017,2507
PT,A,DIESEL,Diesel,2018,2113
PT,A,DIESEL,Diesel,2019,1052
PT,A,DIESEL,Diesel,2020,295
PT,A,DIESEL,Diesel,2021,281
PT,A,DIESEL,Diesel,2022,27
PT,A,DIESEL,Diesel,2023,225
PT,A,ELECTRIC,BEV,2014,62
PT,A,ELECTRIC,BEV,2015,181
PT,A,ELECTRIC,BEV,2016,180
PT,A,ELECTRIC,BEV,2017,910
PT,A,ELECTRIC,BEV,2018,1666
PT,A,ELECTRIC,BEV,2019,1378
PT,A,ELECTRIC,BEV,2020,1852
PT,A,ELECTRIC,BEV,2021,2332
PT,A,ELECTRIC,BEV,2022,2070
PT,A,ELECTRIC,BEV,2023,2484
PT,A,ELECTRIC,Other,2010,5
PT,A,ELECTRIC,Other,2011,14
PT,A,ELECTRIC,Other,2012,17
PT,A,ELECTRIC,Other,2013,53
PT,A,LPG,Other,2010,1
PT,A,LPG,Other,2011,308
PT,A,LPG,Other,2012,268
PT,A,LPG,Other,2013,166
PT,A,LPG,Other,2014,166
PT,A,LPG,Other,2015,162
PT,A,LPG,Other,2016,323
PT,A,LPG,Other,2017,262
PT,A,LPG,Other,2018,153
PT,A,LPG,Other,2019,154
PT,A,LPG,Other,2020,3
PT,A,LPG,Other,2021,3
PT,A,LPG,Other,2022,21
PT,A,LPG,Other,2023,5
PT,A,NG,Other,2018,1
PT,A,NG,Other,2021,12
PT,A,NG-BIOMETHANE,Other,2010,1
PT,A,NG-BIOMETHANE,Other,2013,1
PT,A,NG-BIOMETHANE,Other,2014,1
PT,A,NG-BIOMETHANE,Other,2015,4
PT,A,NG-BIOMETHANE,Other,2016,4
PT,A,NG-BIOMETHANE,Other,2017,5
PT,A,PETROL,HEV,2020,1124
PT,A,PETROL,HEV,2021,2541
PT,A,PETROL,HEV,2022,4323
PT,A,PETROL,HEV,2023,3530
PT,A,PETROL,Petrol,2010,14079
PT,A,PETROL,Petrol,2011,8310
PT,A,PETROL,Petrol,2012,5695
PT,A,PETROL,Petrol,2013,6181
PT,A,PETROL,Petrol,2014,8454
PT,A,PETROL,Petrol,2015,12492
PT,A,PETROL,Petrol,2016,13823
PT,A,PETROL,Petrol,2017,14826
PT,A,PETROL,Petrol,2018,16417
PT,A,PETROL,Petrol,2019,19146
PT,A,PETROL,Petrol,2020,5988
PT,A,PETROL,Petrol,2021,2757
PT,A,PETROL,Petrol,2022,2774
PT,A,PETROL,Petrol,2023,2552
PT,A,PETROL-ELECTRIC,Other,2015,10
PT,A,PETROL-ELECTRIC,Other,2016,7
PT,A,PETROL/ELECTRIC,Other,2017,4
PT,A,PETROL/ELECTRIC,PHEV,2021,41
PT,A,PETROL/ELECTRIC,PHEV,2022,15
PT,A,PETROL/ELECTRIC,PHEV,2023,209
PT,B,DIESEL,Diesel,2010,35685
PT,B,DIESEL,Diesel,2011,25970
PT,B,DIESEL,Diesel,2012,17335
PT,B,DIESEL,Diesel,2013,20358
PT,B,DIESEL,Diesel,2014,24436
PT,B,DIESEL,Diesel,2015,27759
PT,B,DIESEL,Diesel,2016,29049
PT,B,DIESEL,Diesel,2017,28321
PT,B,DIESEL,Diesel,2018,24711
PT,B,DIESEL,Diesel,2019,11692
PT,B,DIESEL,Diesel,2020,5759
PT,B,DIESEL,Diesel,2021,4263
PT,B,DIESEL,Diesel,2022,4057
PT,B,DIESEL,Diesel,2023,4118
PT,B,DIESEL,HEV,2020,224
PT,B,DIESEL,HEV,2021,510
PT,B,DIESEL,HEV,2022,697
PT,B,DIESEL,HEV,2023,578
PT,B,ELECTRIC,BEV,2014,3
PT,B,ELECTRIC,BEV,2015,11
PT,B,ELECTRIC,BEV,2016,45
PT,B,ELECTRIC,BEV,2017,95
PT,B,ELECTRIC,BEV,2018,102
PT,B,ELECTRIC,BEV,2019,64
PT,B,ELECTRIC,BEV,2020,896
PT,B,ELECTRIC,BEV,2021,1334
PT,B,ELECTRIC,BEV,2022,1646
PT,B,ELECTRIC,BEV,2023,2209
PT,B,LPG,Other,2011,148
PT,B,LPG,Other,2012,236
PT,B,LPG,Other,2013,441
PT,B,LPG,Other,2014,485
PT,B,LPG,Other,2015,265
PT,B,LPG,Other,2016,437
PT,B,LPG,Other,2017,1153
PT,B,LPG,Other,2018,1040
PT,B,LPG,Other,2019,1310
PT,B,LPG,Other,2020,1051
PT,B,LPG,Other,2021,2695
PT,B,LPG,Other,2022,2615
PT,B,LPG,Other,2023,5061
PT,B,NG,Other,2019,18
PT,B,NG,Other,2020,8
PT,B,NG,Other,2021,7
PT,B,NG,Other,2022,2
PT,B,NG-BIOMETHANE,Other,2012,5
PT,B,NG-BIOMETHANE,Other,2013,14
PT,B,PETROL,HEV,2019,1537
PT,B,PETROL,HEV,2020,1046
PT,B,PETROL,HEV,2021,1984
PT,B,PETROL,HEV,2022,1759
PT,B,PETROL,HEV,2023,3046
PT,B,PETROL,Other,2018,5
PT,B,PETROL,Petrol,2010,41469
PT,B,PETROL,Petrol,2011,26379
PT,B,PETROL,Petrol,2012,15022
PT,B,PETROL,Petrol,2013,15926
PT,B,PETROL,Petrol,2014,22103
PT,B,PETROL,Petrol,2015,28169
PT,B,PETROL,Petrol,2016,35686
PT,B,PETROL,Petrol,2017,39725
PT,B,PETROL,Petrol,2018,41196
PT,B,PETROL,Petrol,2019,41172
PT,B,PETROL,Petrol,2020,25656
PT,B,PETROL,Petrol,2021,25931
PT,B,PETROL,Petrol,2022,27104
PT,B,PETROL,Petrol,2023,28326
PT,B,PETROL-ELECTRIC,Other,2016,23
PT,B,PETROL/ELECTRIC,Other,2017,195
PT,B,PETROL/ELECTRIC,Other,2018,249
PT,B,PETROL/ELECTRIC,PHEV,2019,883
PT,B,PETROL/ELECTRIC,PHEV,2020,215
PT,B,PETROL/ELECTRIC,PHEV,2021,235
PT,B,PETROL/ELECTRIC,PHEV,2022,320
PT,B,PETROL/ELECTRIC,PHEV,2023,1671
PT,B,UNKNOWN,Other,2019,41
PT,C,DIESEL,Diesel,2010,71104
PT,C,DIESEL,Diesel,2011,47010
PT,C,DIESEL,Diesel,2012,25765
PT,C,DIESEL,Diesel,2013,26365
PT,C,DIESEL,Diesel,2014,39354
PT,C,DIESEL,Diesel,2015,46018
PT,C,DIESEL,Diesel,2016,49771
PT,C,DIESEL,Diesel,2017,48109
PT,C,DIESEL,Diesel,2018,39447
PT,C,DIESEL,Diesel,2019,33346
PT,C,DIESEL,Diesel,2020,17793
PT,C,DIESEL,Diesel,2021,9707
PT,C,DIESEL,Diesel,2022,9120
PT,C,DIESEL,Diesel,2023,7499
PT,C,DIESEL,HEV,2019,2
PT,C,DIESEL,HEV,2020,195
PT,C,DIESEL,HEV,2021,1121
PT,C,DIESEL,HEV,2022,992
PT,C,DIESEL,HEV,2023,953
PT,C,DIESEL/ELECTRIC,Other,2017,310
PT,C,DIESEL/ELECTRIC,PHEV,2019,1144
PT,C,DIESEL/ELECTRIC,PHEV,2020,1572
PT,C,DIESEL/ELECTRIC,PHEV,2021,953
PT,C,DIESEL/ELECTRIC,PHEV,2022,363
PT,C,DIESEL/ELECTRIC,PHEV,2023,424
PT,C,ELECTRIC,BEV,2014,62
PT,C,ELECTRIC,BEV,2015,232
PT,C,ELECTRIC,BEV,2016,541
PT,C,ELECTRIC,BEV,2017,625
PT,C,ELECTRIC,BEV,2018,2001
PT,C,ELECTRIC,BEV,2019,2385
PT,C,ELECTRIC,BEV,2020,1831
PT,C,ELECTRIC,BEV,2021,2562
PT,C,ELECTRIC,BEV,2022,3528
PT,C,ELECTRIC,BEV,2023,7229
PT,C,ELECTRIC,Other,2010,560
PT,C,ELECTRIC,Other,2011,98
PT,C,ELECTRIC,Other,2012,15
PT,C,ELECTRIC,Other,2013,46
PT,C,ELECTRIC,Other,2014,59
PT,C,ELECTRIC,Other,2015,129
PT,C,HYBRID/PETROL/E,Petrol,2015,1
PT,C,LPG,Other,2011,21
PT,C,LPG,Other,2012,6
PT,C,LPG,Other,2013,24
PT,C,LPG,Other,2014,155
PT,C,LPG,Other,2015,149
PT,C,LPG,Other,2016,243
PT,C,LPG,Other,2017,272
PT,C,LPG,Other,2018,290
PT,C,LPG,Other,2019,194
PT,C,LPG,Other,2020,76
PT,C,LPG,Other,2022,742
PT,C,LPG,Other,2023,3165
PT,C,NG,Other,2018,22
PT,C,NG,Other,2019,16
PT,C,NG,Other,2020,9
PT,C,NG,Other,2021,4
PT,C,NG,Other,2022,5
PT,C,NG,Other,2023,2
PT,C,NG-BIOMETHANE,Other,2014,2
PT,C,NG-BIOMETHANE,Other,2015,3
PT,C,NG-BIOMETHANE,Other,2016,3
PT,C,NG-BIOMETHANE,Other,2017,2
PT,C,PETROL,HEV,2019,2775
PT,C,PETROL,HEV,2020,2435
PT,C,PETROL,HEV,2021,3352
PT,C,PETROL,HEV,2022,3170
PT,C,PETROL,HEV,2023,4382
PT,C,PETROL,Petrol,2010,6248
PT,C,PETROL,Petrol,2011,3364
PT,C,PETROL,Petrol,2012,1801
PT,C,PETROL,Petrol,2013,1783
PT,C,PETROL,Petrol,2014,3217
PT,C,PETROL,Petrol,2015,4733
PT,C,PETROL,Petrol,2016,6779
PT,C,PETROL,Petrol,2017,9069
PT,C,PETROL,Petrol,2018,12425
PT,C,PETROL,Petrol,2019,15472
PT,C,PETROL,Petrol,2020,8465
PT,C,PETROL,Petrol,2021,7380
PT,C,PETROL,Petrol,2022,7512
PT,C,PETROL,Petrol,2023,9395
PT,C,PETROL-ELECTRIC,Other,2013,18
PT,C,PETROL-ELECTRIC,Other,2014,22
PT,C,PETROL-ELECTRIC,Other,2015,206
PT,C,PETROL-ELECTRIC,Other,2016,468
PT,C,PETROL/ELECTRIC,Other,2017,1299
PT,C,PETROL/ELECTRIC,Other,2018,1804
PT,C,PETROL/ELECTRIC,PHEV,2019,1592
PT,C,PETROL/ELECTRIC,PHEV,2020,4829
PT,C,PETROL/ELECTRIC,PHEV,2021,6936
PT,C,PETROL/ELECTRIC,PHEV,2022,7442
PT,C,PETROL/ELECTRIC,PHEV,2023,12377
PT,D,DIESEL,Diesel,2010,9528
PT,D,DIESEL,Diesel,2011,9488
PT,D,DIESEL,Diesel,2012,6842
PT,D,DIESEL,Diesel,2013,6520
PT,D,DIESEL,Diesel,2014,8021
PT,D,DIESEL,Diesel,2015,10328
PT,D,DIESEL,Diesel,2016,11003
PT,D,DIESEL,Diesel,2017,10323
PT,D,DIESEL,Diesel,2018,6980
PT,D,DIESEL,Diesel,2019,5643
PT,D,DIESEL,Diesel,2020,2677
PT,D,DIESEL,Diesel,2021,1810
PT,D,DIESEL,Diesel,2022,1786
PT,D,DIESEL,Diesel,2023,772
PT,D,DIESEL,HEV,2019,122
PT,D,DIESEL,HEV,2020,751
PT,D,DIESEL,HEV,2021,1009
PT,D,DIESEL,HEV,2022,1242
PT,D,DIESEL,HEV,2023,659
PT,D,DIESEL-ELECTRIC,Other,2014,9
PT,D,DIESEL-ELECTRIC,Other,2015,37
PT,D,DIESEL-ELECTRIC,Other,2016,171
PT,D,DIESEL/ELECTRIC,Other,2017,119
PT,D,DIESEL/ELECTRIC,Other,2018,93
PT,D,ELECTRIC,BEV,2019,1549
PT,D,ELECTRIC,BEV,2020,1500
PT,D,ELECTRIC,BEV,2021,1366
PT,D,ELECTRIC,BEV,2022,1057
PT,D,ELECTRIC,BEV,2023,4230
PT,D,ELECTRIC,Other,2010,11
PT,D,LPG,Other,2014,12
PT,D,LPG,Other,2015,34
PT,D,LPG,Other,2016,9
PT,D,LPG,Other,2017,17
PT,D,LPG,Other,2018,37
PT,D,LPG,Other,2019,61
PT,D,LPG,Other,2020,6
PT,D,NG-BIOMETHANE,Other,2013,1
PT,D,NG-BIOMETHANE,Other,2014,1
PT,D,PETROL,HEV,2019,8
PT,D,PETROL,HEV,2020,36
PT,D,PETROL,HEV,2021,50
PT,D,PETROL,HEV,2022,39
PT,D,PETROL,HEV,2023,22
PT,D,PETROL,Petrol,2010,162
PT,D,PETROL,Petrol,2011,116
PT,D,PETROL,Petrol,2012,127
PT,D,PETROL,Petrol,2013,72
PT,D,PETROL,Petrol,2014,139
PT,D,PETROL,Petrol,2015,356
PT,D,PETROL,Petrol,2016,591
PT,D,PETROL,Petrol,2017,727
PT,D,PETROL,Petrol,2018,737
PT,D,PETROL,Petrol,2019,1237
PT,D,PETROL,Petrol,2020,470
PT,D,PETROL,Petrol,2021,507
PT,D,PETROL,Petrol,2022,861
PT,D,PETROL,Petrol,2023,1254
PT,D,PETROL-ELECTRIC,Other,2016,40
PT,D,PETROL/ELECTRIC,Other,2017,156
PT,D,PETROL/ELECTRIC,Other,2018,177
PT,D,PETROL/ELECTRIC,PHEV,2019,300
PT,D,PETROL/ELECTRIC,PHEV,2020,916
PT,D,PETROL/ELECTRIC,PHEV,2021,1353
PT,D,PETROL/ELECTRIC,PHEV,2022,1255
PT,D,PETROL/ELECTRIC,PHEV,2023,1781
PT,E,DIESEL,Diesel,2010,1301
PT,E,DIESEL,Diesel,2011,1446
PT,E,DIESEL,Diesel,2012,1230
PT,E,DIESEL,Diesel,2013,1358
PT,E,DIESEL,Diesel,2014,1467
PT,E,DIESEL,Diesel,2015,1859
PT,E,DIESEL,Diesel,2016,3492
PT,E,DIESEL,Diesel,2017,3864
PT,E,DIESEL,Diesel,2018,2929
PT,E,DIESEL,Diesel,2019,1418
PT,E,DIESEL,Diesel,2020,747
PT,E,DIESEL,Diesel,2021,657
PT,E,DIESEL,Diesel,2022,371
PT,E,DIESEL,Diesel,2023,250
PT,E,DIESEL,HEV,2019,294
PT,E,DIESEL,HEV,2020,164
PT,E,DIESEL,HEV,2021,130
PT,E,DIESEL,HEV,2022,359
PT,E,DIESEL,HEV,2023,323
PT,E,ELECTRIC,BEV,2022,992
PT,E,ELECTRIC,BEV,2023,2232
PT,E,HYDROGEN,Other,2021,3
PT,E,HYDROGEN,Other,2023,2
PT,E,NG-BIOMETHANE,Other,2010,1
PT,E,PETROL,HEV,2019,203
PT,E,PETROL,HEV,2020,148
PT,E,PETROL,HEV,2021,106
PT,E,PETROL,HEV,2022,67
PT,E,PETROL,HEV,2023,113
PT,E,PETROL,Petrol,2010,377
PT,E,PETROL,Petrol,2011,265
PT,E,PETROL,Petrol,2012,120
PT,E,PETROL,Petrol,2013,83
PT,E,PETROL,Petrol,2014,55
PT,E,PETROL,Petrol,2015,38
PT,E,PETROL,Petrol,2016,77
PT,E,PETROL,Petrol,2017,98
PT,E,PETROL,Petrol,2018,151
PT,E,PETROL,Petrol,2019,76
PT,E,PETROL,Petrol,2020,59
PT,E,PETROL,Petrol,2021,36
PT,E,PETROL,Petrol,2022,24
PT,E,PETROL,Petrol,2023,14
PT,E,PETROL-ELECTRIC,Other,2013,14
PT,E,PETROL-ELECTRIC,Other,2014,19
PT,E,PETROL-ELECTRIC,Other,2015,13
PT,E,PETROL-ELECTRIC,Other,2016,1
PT,E,PETROL/ELECTRIC,Other,2017,107
PT,E,PETROL/ELECTRIC,Other,2018,253
PT,E,PETROL/ELECTRIC,PHEV,2019,226
PT,E,PETROL/ELECTRIC,PHEV,2020,162
PT,E,PETROL/ELECTRIC,PHEV,2021,289
PT,E,PETROL/ELECTRIC,PHEV,2022,330
PT,E,PETROL/ELECTRIC,PHEV,2023,393
PT,F,DIESEL,Diesel,2010,3901
PT,F,DIESEL,Diesel,2011,2495
PT,F,DIESEL,Diesel,2012,4006
PT,F,DIESEL,Diesel,2013,5165
PT,F,DIESEL,Diesel,2014,6989
PT,F,DIESEL,Diesel,2015,9164
PT,F,DIESEL,Diesel,2016,9383
PT,F,DIESEL,Diesel,2017,9421
PT,F,DIESEL,Diesel,2018,9458
PT,F,DIESEL,Diesel,2019,10602
PT,F,DIESEL,Diesel,2020,6908
PT,F,DIESEL,Diesel,2021,5031
PT,F,DIESEL,Diesel,2022,3622
PT,F,DIESEL,Diesel,2023,2981
PT,F,DIESEL,HEV,2019,57
PT,F,DIESEL,HEV,2020,63
PT,F,DIESEL,HEV,2021,57
PT,F,DIESEL,HEV,2022,50
PT,F,DIESEL,HEV,2023,69
PT,F,DIESEL/ELECTRIC,Other,2018,1
PT,F,E85,Other,2012,2
PT,F,E85,Other,2013,1
PT,F,ELECTRIC,BEV,2014,5
PT,F,ELECTRIC,BEV,2015,17
PT,F,ELECTRIC,BEV,2016,30
PT,F,ELECTRIC,BEV,2017,142
PT,F,ELECTRIC,BEV,2018,217
PT,F,ELECTRIC,BEV,2019,243
PT,F,ELECTRIC,BEV,2020,219
PT,F,ELECTRIC,BEV,2021,500
PT,F,ELECTRIC,BEV,2022,642
PT,F,ELECTRIC,BEV,2023,879
PT,F,ELECTRIC,Other,2010,2
PT,F,LPG,Other,2010,919
PT,F,LPG,Other,2011,296
PT,F,LPG,Other,2012,199
PT,F,PETROL,HEV,2019,74
PT,F,PETROL,HEV,2020,59
PT,F,PETROL,HEV,2021,19
PT,F,PETROL,HEV,2022,66
PT,F,PETROL,HEV,2023,61
PT,F,PETROL,Petrol,2010,4011
PT,F,PETROL,Petrol,2011,3504
PT,F,PETROL,Petrol,2012,2162
PT,F,PETROL,Petrol,2013,1779
PT,F,PETROL,Petrol,2014,2005
PT,F,PETROL,Petrol,2015,2817
PT,F,PETROL,Petrol,2016,3441
PT,F,PETROL,Petrol,2017,3481
PT,F,PETROL,Petrol,2018,3415
PT,F,PETROL,Petrol,2019,4207
PT,F,PETROL,Petrol,2020,3140
PT,F,PETROL,Petrol,2021,3013
PT,F,PETROL,Petrol,2022,1892
PT,F,PETROL,Petrol,2023,2064
PT,F,PETROL-ELECTRIC,Other,2014,15
PT,F,PETROL-ELECTRIC,Other,2015,12
PT,F,PETROL-ELECTRIC,Other,2016,14
PT,F,PETROL/ELECTRIC,Other,2017,12
PT,F,PETROL/ELECTRIC,Other,2018,18
PT,F,PETROL/ELECTRIC,PHEV,2019,3
PT,F,PETROL/ELECTRIC,PHEV,2020,11
PT,F,PETROL/ELECTRIC,PHEV,2021,9
PT,F,PETROL/ELECTRIC,PHEV,2022,17
PT,F,PETROL/ELECTRIC,PHEV,2023,30
PT,JA,DIESEL,Diesel,2010,124
PT,JA,DIESEL,Diesel,2011,95
PT,JA,DIESEL,Diesel,2012,52
PT,JA,DIESEL,Diesel,2013,36
PT,JA,DIESEL,Diesel,2014,67
PT,JA,DIESEL,Diesel,2015,103
PT,JA,DIESEL,Diesel,2016,329
PT,JA,DIESEL,Diesel,2017,981
PT,JA,DIESEL,Diesel,2018,615
PT,JA,DIESEL,Diesel,2019,473
PT,JA,DIESEL,Diesel,2020,292
PT,JA,DIESEL,Diesel,2021,135
PT,JA,DIESEL,Diesel,2022,192
PT,JA,DIESEL,Diesel,2023,191
PT,JA,ELECTRIC,BEV,2017,6
PT,JA,ELECTRIC,BEV,2018,16
PT,JA,ELECTRIC,BEV,2021,4
PT,JA,ELECTRIC,BEV,2022,68
PT,JA,ELECTRIC,BEV,2023,192
PT,JA,PETROL,HEV,2019,256
PT,JA,PETROL,HEV,2020,469
PT,JA,PETROL,HEV,2021,394
PT,JA,PETROL,HEV,2022,233
PT,JA,PETROL,HEV,2023,221
PT,JA,PETROL,Petrol,2016,2
PT,JA,PETROL,Petrol,2017,148
PT,JA,PETROL,Petrol,2018,227
PT,JA,PETROL,Petrol,2019,404
PT,JA,PETROL,Petrol,2020,318
PT,JA,PETROL,Petrol,2021,472
PT,JA,PETROL,Petrol,2022,671
PT,JA,PETROL,Petrol,2023,1049
PT,JB,DIESEL,Diesel,2010,1160
PT,JB,DIESEL,Diesel,2011,3220
PT,JB,DIESEL,Diesel,2012,1671
PT,JB,DIESEL,Diesel,2013,4328
PT,JB,DIESEL,Diesel,2014,7579
PT,JB,DIESEL,Diesel,2015,10298
PT,JB,DIESEL,Diesel,2016,11524
PT,JB,DIESEL,Diesel,2017,10859
PT,JB,DIESEL,Diesel,2018,10982
PT,JB,DIESEL,Diesel,2019,6560
PT,JB,DIESEL,Diesel,2020,3356
PT,JB,DIESEL,Diesel,2021,3451
PT,JB,DIESEL,Diesel,2022,2863
PT,JB,DIESEL,Diesel,2023,2613
PT,JB,DIESEL,HEV,2022,3
PT,JB,ELECTRIC,BEV,2014,1
PT,JB,ELECTRIC,BEV,2015,58
PT,JB,ELECTRIC,BEV,2016,7
PT,JB,ELECTRIC,BEV,2017,32
PT,JB,ELECTRIC,BEV,2018,91
PT,JB,ELECTRIC,BEV,2019,527
PT,JB,ELECTRIC,BEV,2020,855
PT,JB,ELECTRIC,BEV,2021,2116
PT,JB,ELECTRIC,BEV,2022,1989
PT,JB,ELECTRIC,BEV,2023,2328
PT,JB,ELECTRIC,Other,2011,50
PT,JB,ELECTRIC,Other,2012,6
PT,JB,ELECTRIC,Other,2013,42
PT,JB,LPG,Other,2013,26
PT,JB,LPG,Other,2014,32
PT,JB,LPG,Other,2015,31
PT,JB,LPG,Other,2016,13
PT,JB,LPG,Other,2017,45
PT,JB,LPG,Other,2018,285
PT,JB,LPG,Other,2019,390
PT,JB,LPG,Other,2020,678
PT,JB,LPG,Other,2021,822
PT,JB,LPG,Other,2022,2050
PT,JB,LPG,Other,2023,3014
PT,JB,NG,Other,2019,4
PT,JB,NG,Other,2020,12
PT,JB,NG,Other,2021,7
PT,JB,NG,Other,2022,2
PT,JB,PETROL,HEV,2019,388
PT,JB,PETROL,HEV,2020,2211
PT,JB,PETROL,HEV,2021,2929
PT,JB,PETROL,HEV,2022,4539
PT,JB,PETROL,HEV,2023,5848
PT,JB,PETROL,Petrol,2010,430
PT,JB,PETROL,Petrol,2011,619
PT,JB,PETROL,Petrol,2012,318
PT,JB,PETROL,Petrol,2013,908
PT,JB,PETROL,Petrol,2014,2139
PT,JB,PETROL,Petrol,2015,3676
PT,JB,PETROL,Petrol,2016,6092
PT,JB,PETROL,Petrol,2017,8582
PT,JB,PETROL,Petrol,2018,14058
PT,JB,PETROL,Petrol,2019,21379
PT,JB,PETROL,Petrol,2020,16252
PT,JB,PETROL,Petrol,2021,19354
PT,JB,PETROL,Petrol,2022,19718
PT,JB,PETROL,Petrol,2023,22020
PT,JB,PETROL/ELECTRIC,Other,2017,15
PT,JB,PETROL/ELECTRIC,Other,2018,77
PT,JB,PETROL/ELECTRIC,PHEV,2019,82
PT,JB,PETROL/ELECTRIC,PHEV,2020,412
PT,JB,PETROL/ELECTRIC,PHEV,2021,870
PT,JB,PETROL/ELECTRIC,PHEV,2022,1089
PT,JB,PETROL/ELECTRIC,PHEV,2023,1415
PT,JC,DIESEL,Diesel,2010,11291
PT,JC,DIESEL,Diesel,2011,7175
PT,JC,DIESEL,Diesel,2012,4616
PT,JC,DIESEL,Diesel,2013,4921
PT,JC,DIESEL,Diesel,2014,6790
PT,JC,DIESEL,Diesel,2015,8049
PT,JC,DIESEL,Diesel,2016,9874
PT,JC,DIESEL,Diesel,2017,13909
PT,JC,DIESEL,Diesel,2018,15682
PT,JC,DIESEL,Diesel,2019,10259
PT,JC,DIESEL,Diesel,2020,5827
PT,JC,DIESEL,Diesel,2021,4318
PT,JC,DIESEL,Diesel,2022,3042
PT,JC,DIESEL,Diesel,2023,2515
PT,JC,DIESEL,HEV,2019,217
PT,JC,DIESEL,HEV,2020,324
PT,JC,DIESEL,HEV,2021,395
PT,JC,DIESEL,HEV,2022,327
PT,JC,DIESEL,HEV,2023,327
PT,JC,ELECTRIC,BEV,2018,23
PT,JC,ELECTRIC,BEV,2019,542
PT,JC,ELECTRIC,BEV,2020,357
PT,JC,ELECTRIC,BEV,2021,1804
PT,JC,ELECTRIC,BEV,2022,2672
PT,JC,ELECTRIC,BEV,2023,5983
PT,JC,PETROL,HEV,2019,2650
PT,JC,PETROL,HEV,2020,1439
PT,JC,PETROL,HEV,2021,2883
PT,JC,PETROL,HEV,2022,5059
PT,JC,PETROL,HEV,2023,7012
PT,JC,PETROL,Petrol,2010,881
PT,JC,PETROL,Petrol,2011,608
PT,JC,PETROL,Petrol,2012,334
PT,JC,PETROL,Petrol,2013,217
PT,JC,PETROL,Petrol,2014,310
PT,JC,PETROL,Petrol,2015,568
PT,JC,PETROL,Petrol,2016,852
PT,JC,PETROL,Petrol,2017,2453
PT,JC,PETROL,Petrol,2018,5323
PT,JC,PETROL,Petrol,2019,5911
PT,JC,PETROL,Petrol,2020,3119
PT,JC,PETROL,Petrol,2021,3210
PT,JC,PETROL,Petrol,2022,3980
PT,JC,PETROL,Petrol,2023,4622
PT,JC,PETROL/ELECTRIC,Other,2017,34
PT,JC,PETROL/ELECTRIC,Other,2018,381
PT,JC,PETROL/ELECTRIC,PHEV,2019,458
PT,JC,PETROL/ELECTRIC,PHEV,2020,1804
PT,JC,PETROL/ELECTRIC,PHEV,2021,1901
PT,JC,PETROL/ELECTRIC,PHEV,2022,1892
PT,JC,PETROL/ELECTRIC,PHEV,2023,3521
PT,JD,DIESEL,Diesel,2010,757
PT,JD,DIESEL,Diesel,2011,1224
PT,JD,DIESEL,Diesel,2012,391
PT,JD,DIESEL,Diesel,2013,499
PT,JD,DIESEL,Diesel,2014,1058
PT,JD,DIESEL,Diesel,2015,1990
PT,JD,DIESEL,Diesel,2016,3017
PT,JD,DIESEL,Diesel,2017,3766
PT,JD,DIESEL,Diesel,2018,4100
PT,JD,DIESEL,Diesel,2019,2376
PT,JD,DIESEL,Diesel,2020,1466
PT,JD,DIESEL,Diesel,2021,481
PT,JD,DIESEL,Diesel,2022,514
PT,JD,DIESEL,Diesel,2023,367
PT,JD,DIESEL,HEV,2019,42
PT,JD,DIESEL,HEV,2020,132
PT,JD,DIESEL,HEV,2021,263
PT,JD,DIESEL,HEV,2022,309
PT,JD,DIESEL,HEV,2023,578
PT,JD,DIESEL-ELECTRIC,Other,2016,1
PT,JD,DIESEL/ELECTRIC,Other,2017,16
PT,JD,DIESEL/ELECTRIC,Other,2018,5
PT,JD,DIESEL/ELECTRIC,PHEV,2020,166
PT,JD,DIESEL/ELECTRIC,PHEV,2021,845
PT,JD,DIESEL/ELECTRIC,PHEV,2022,468
PT,JD,DIESEL/ELECTRIC,PHEV,2023,588
PT,JD,ELECTRIC,BEV,2021,761
PT,JD,ELECTRIC,BEV,2022,2009
PT,JD,ELECTRIC,BEV,2023,5511
PT,JD,ELECTRIC,Other,2010,1
PT,JD,PETROL,HEV,2019,13
PT,JD,PETROL,HEV,2020,379
PT,JD,PETROL,HEV,2021,331
PT,JD,PETROL,HEV,2022,262
PT,JD,PETROL,HEV,2023,437
PT,JD,PETROL,Petrol,2010,1
PT,JD,PETROL,Petrol,2011,15
PT,JD,PETROL,Petrol,2012,32
PT,JD,PETROL,Petrol,2013,5
PT,JD,PETROL,Petrol,2014,23
PT,JD,PETROL,Petrol,2015,27
PT,JD,PETROL,Petrol,2016,47
PT,JD,PETROL,Petrol,2017,125
PT,JD,PETROL,Petrol,2018,397
PT,JD,PETROL,Petrol,2019,403
PT,JD,PETROL,Petrol,2020,331
PT,JD,PETROL,Petrol,2021,187
PT,JD,PETROL,Petrol,2022,149
PT,JD,PETROL,Petrol,2023,159
PT,JD,PETROL-ELECTRIC,Other,2013,2
PT,JD,PETROL-ELECTRIC,Other,2014,32
PT,JD,PETROL-ELECTRIC,Other,2015,232
PT,JD,PETROL-ELECTRIC,Other,2016,324
PT,JD,PETROL/ELECTRIC,Other,2017,490
PT,JD,PETROL/ELECTRIC,Other,2018,636
PT,JD,PETROL/ELECTRIC,PHEV,2019,675
PT,JD,PETROL/ELECTRIC,PHEV,2020,1082
PT,JD,PETROL/ELECTRIC,PHEV,2021,1065
PT,JD,PETROL/ELECTRIC,PHEV,2022,1349
PT,JD,PETROL/ELECTRIC,PHEV,2023,2288
PT,JE,DIESEL,Diesel,2010,479
PT,JE,DIESEL,Diesel,2011,342
PT,JE,DIESEL,Diesel,2012,178
PT,JE,DIESEL,Diesel,2013,158
PT,JE,DIESEL,Diesel,2014,321
PT,JE,DIESEL,Diesel,2015,625
PT,JE,DIESEL,Diesel,2016,699
PT,JE,DIESEL,Diesel,2017,613
PT,JE,DIESEL,Diesel,2018,548
PT,JE,DIESEL,Diesel,2019,251
PT,JE,DIESEL,Diesel,2020,233
PT,JE,DIESEL,Diesel,2021,69
PT,JE,DIESEL,Diesel,2022,60
PT,JE,DIESEL,Diesel,2023,42
PT,JE,DIESEL,HEV,2019,36
PT,JE,DIESEL,HEV,2020,45
PT,JE,DIESEL,HEV,2021,72
PT,JE,DIESEL,HEV,2022,105
PT,JE,DIESEL,HEV,2023,86
PT,JE,DIESEL/ELECTRIC,PHEV,2020,169
PT,JE,DIESEL/ELECTRIC,PHEV,2021,311
PT,JE,DIESEL/ELECTRIC,PHEV,2022,433
PT,JE,DIESEL/ELECTRIC,PHEV,2023,297
PT,JE,ELECTRIC,BEV,2016,7
PT,JE,ELECTRIC,BEV,2017,52
PT,JE,ELECTRIC,BEV,2018,132
PT,JE,ELECTRIC,BEV,2019,194
PT,JE,ELECTRIC,BEV,2020,76
PT,JE,ELECTRIC,BEV,2021,66
PT,JE,ELECTRIC,BEV,2022,318
PT,JE,ELECTRIC,BEV,2023,1322
PT,JE,ELECTRIC,Other,2010,117
PT,JE,PETROL,HEV,2019,16
PT,JE,PETROL,HEV,2020,46
PT,JE,PETROL,HEV,2021,52
PT,JE,PETROL,HEV,2022,48
PT,JE,PETROL,HEV,2023,34
PT,JE,PETROL,Petrol,2010,30
PT,JE,PETROL,Petrol,2011,71
PT,JE,PETROL,Petrol,2012,34
PT,JE,PETROL,Petrol,2013,34
PT,JE,PETROL,Petrol,2014,12
PT,JE,PETROL,Petrol,2015,24
PT,JE,PETROL,Petrol,2016,39
PT,JE,PETROL,Petrol,2017,31
PT,JE,PETROL,Petrol,2018,85
PT,JE,PETROL,Petrol,2019,78
PT,JE,PETROL,Petrol,2020,29
PT,JE,PETROL,Petrol,2021,10
PT,JE,PETROL,Petrol,2022,36
PT,JE,PETROL,Petrol,2023,21
PT,JE,PETROL-ELECTRIC,Other,2014,3
PT,JE,PETROL-ELECTRIC,Other,2015,52
PT,JE,PETROL-ELECTRIC,Other,2016,62
PT,JE,PETROL/ELECTRIC,Other,2017,82
PT,JE,PETROL/ELECTRIC,Other,2018,110
PT,JE,PETROL/ELECTRIC,PHEV,2019,155
PT,JE,PETROL/ELECTRIC,PHEV,2020,502
PT,JE,PETROL/ELECTRIC,PHEV,2021,508
PT,JE,PETROL/ELECTRIC,PHEV,2022,461
PT,JE,PETROL/ELECTRIC,PHEV,2023,478
PT,JF,DIESEL,Diesel,2010,94
PT,JF,DIESEL,Diesel,2011,179
PT,JF,DIESEL,Diesel,2012,407
PT,JF,DIESEL,Diesel,2013,447
PT,JF,DIESEL,Diesel,2014,530
PT,JF,DIESEL,Diesel,2015,648
PT,JF,DIESEL,Diesel,2016,784
PT,JF,DIESEL,Diesel,2017,863
PT,JF,DIESEL,Diesel,2018,595
PT,JF,DIESEL,Diesel,2019,182
PT,JF,DIESEL,Diesel,2020,63
PT,JF,DIESEL,Diesel,2021,73
PT,JF,DIESEL,Diesel,2022,35
PT,JF,DIESEL,Diesel,2023,23
PT,JF,DIESEL,HEV,2019,84
PT,JF,DIESEL,HEV,2020,77
PT,JF,DIESEL,HEV,2021,51
PT,JF,DIESEL,HEV,2022,52
PT,JF,DIESEL,HEV,2023,90
PT,JF,ELECTRIC,BEV,2020,170
PT,JF,ELECTRIC,BEV,2021,398
PT,JF,ELECTRIC,BEV,2022,551
PT,JF,ELECTRIC,BEV,2023,137
PT,JF,PETROL,HEV,2019,20
PT,JF,PETROL,HEV,2020,19
PT,JF,PETROL,HEV,2021,7
PT,JF,PETROL,HEV,2022,70
PT,JF,PETROL,HEV,2023,68
PT,JF,PETROL,Petrol,2010,4
PT,JF,PETROL,Petrol,2011,5
PT,JF,PETROL,Petrol,2012,12
PT,JF,PETROL,Petrol,2013,12
PT,JF,PETROL,Petrol,2014,16
PT,JF,PETROL,Petrol,2015,10
PT,JF,PETROL,Petrol,2016,10
PT,JF,PETROL,Petrol,2017,22
PT,JF,PETROL,Petrol,2018,43
PT,JF,PETROL,Petrol,2019,56
PT,JF,PETROL,Petrol,2020,30
PT,JF,PETROL,Petrol,2021,128
PT,JF,PETROL,Petrol,2022,51
PT,JF,PETROL,Petrol,2023,63
PT,JF,PETROL/ELECTRIC,Other,2018,54
PT,JF,PETROL/ELECTRIC,PHEV,2019,219
PT,JF,PETROL/ELECTRIC,PHEV,2020,198
PT,JF,PETROL/ELECTRIC,PHEV,2021,290
PT,JF,PETROL/ELECTRIC,PHEV,2022,394
PT,JF,PETROL/ELECTRIC,PHEV,2023,816
PT,V,DIESEL,Diesel,2010,1606
PT,V,DIESEL,Diesel,2011,1936
PT,V,DIESEL,Diesel,2012,1127
PT,V,DIESEL,Diesel,2013,1386
PT,V,DIESEL,Diesel,2014,1732
PT,V,DIESEL,Diesel,2015,1988
PT,V,DIESEL,Diesel,2016,2946
PT,V,DIESEL,Diesel,2017,3192
PT,V,DIESEL,Diesel,2018,3497
PT,V,DIESEL,Diesel,2019,3336
PT,V,DIESEL,Diesel,2020,1854
PT,V,DIESEL,Diesel,2021,1615
PT,V,DIESEL,Diesel,2022,1695
PT,V,DIESEL,Diesel,2023,1558
PT,V,DIESEL,HEV,2019,4
PT,V,DIESEL,HEV,2020,2
PT,V,DIESEL,HEV,2021,10
PT,V,DIESEL,HEV,2022,6
PT,V,DIESEL,HEV,2023,27
PT,V,ELECTRIC,BEV,2020,17
PT,V,ELECTRIC,BEV,2021,73
PT,V,ELECTRIC,BEV,2022,170
PT,V,ELECTRIC,BEV,2023,635
PT,V,NG,Other,2019,3
PT,V,NG,Other,2020,1
PT,V,NG,Other,2021,1
PT,V,NG-BIOMETHANE,Other,2016,1
PT,V,NG-BIOMETHANE,Other,2017,1
PT,V,PETROL,HEV,2022,1
PT,V,PETROL,HEV,2023,1
PT,V,PETROL,Petrol,2010,7
PT,V,PETROL,Petrol,2011,3
PT,V,PETROL,Petrol,2012,3
PT,V,PETROL,Petrol,2014,1
PT,V,PETROL,Petrol,2015,4
PT,V,PETROL,Petrol,2016,1
PT,V,PETROL,Petrol,2018,4
PT,V,PETROL,Petrol,2019,38
PT,V,PETROL,Petrol,2020,28
PT,V,PETROL,Petrol,2021,35
PT,V,PETROL,Petrol,2022,86
PT,V,PETROL,Petrol,2023,42
PT,V,PETROL/ELECTRIC,PHEV,2020,1
PT,V,PETROL/ELECTRIC,PHEV,2021,2
PT,V,PETROL/ELECTRIC,PHEV,2022,126
PT,V,PETROL/ELECTRIC,PHEV,2023,125
RO,,DIESEL,Diesel,2010,1829
RO,,DIESEL,Diesel,2011,1795
RO,,DIESEL,Diesel,2012,1670
RO,,DIESEL,Diesel,2013,2284
RO,,DIESEL,Diesel,2014,2438
RO,,DIESEL,Diesel,2015,2416
RO,,DIESEL,Diesel,2016,2420
RO,,DIESEL,Diesel,2017,2078
RO,,DIESEL,Diesel,2018,1872
RO,,DIESEL,Diesel,2019,1811
RO,,DIESEL,Diesel,2020,1164
RO,,DIESEL,Diesel,2021,517
RO,,DIESEL,Diesel,2022,87
RO,,DIESEL,Diesel,2023,219
RO,,DIESEL,HEV,2020,1
RO,,DIESEL,HEV,2021,5
RO,,DIESEL,HEV,2022,9
RO,,DIESEL,HEV,2023,2
RO,,DIESEL/ELECTRIC,PHEV,2023,2
RO,,E85,Other,2011,22
RO,,E85,Other,2012,30
RO,,E85,Other,2013,7
RO,,ELECTRIC,BEV,2014,3
RO,,ELECTRIC,BEV,2017,10
RO,,ELECTRIC,BEV,2020,18
RO,,ELECTRIC,BEV,2021,18
RO,,ELECTRIC,BEV,2022,91
RO,,ELECTRIC,BEV,2023,92
RO,,ELECTRIC,Other,2011,5
RO,,ELECTRIC,Other,2013,3
RO,,PETROL,HEV,2019,29
RO,,PETROL,HEV,2020,15
RO,,PETROL,HEV,2021,96
RO,,PETROL,HEV,2022,174
RO,,PETROL,HEV,2023,213
RO,,PETROL,Petrol,2010,5962
RO,,PETROL,Petrol,2011,3982
RO,,PETROL,Petrol,2012,2064
RO,,PETROL,Petrol,2013,1070
RO,,PETROL,Petrol,2014,827
RO,,PETROL,Petrol,2015,687
RO,,PETROL,Petrol,2016,920
RO,,PETROL,Petrol,2017,541
RO,,PETROL,Petrol,2018,445
RO,,PETROL,Petrol,2019,912
RO,,PETROL,Petrol,2020,1007
RO,,PETROL,Petrol,2021,288
RO,,PETROL,Petrol,2022,118
RO,,PETROL,Petrol,2023,84
RO,,PETROL-ELECTRIC,Other,2012,8
RO,,PETROL-ELECTRIC,Other,2014,1
RO,,PETROL-ELECTRIC,Other,2015,1
RO,,PETROL-ELECTRIC,Other,2016,4
RO,,PETROL/ELECTRIC,Other,2017,6
RO,,PETROL/ELECTRIC,Other,2018,2
RO,,PETROL/ELECTRIC,PHEV,2019,9
RO,,PETROL/ELECTRIC,PHEV,2020,9
RO,,PETROL/ELECTRIC,PHEV,2021,29
RO,,PETROL/ELECTRIC,PHEV,2022,76
RO,,PETROL/ELECTRIC,PHEV,2023,267
RO,A,DIESEL,Diesel,2010,435
RO,A,DIESEL,Diesel,2011,601
RO,A,DIESEL,Diesel,2012,854
RO,A,DIESEL,Diesel,2013,1021
RO,A,DIESEL,Diesel,2014,2194
RO,A,DIESEL,Diesel,2015,1935
RO,A,DIESEL,Diesel,2016,1082
RO,A,DIESEL,Diesel,2017,1064
RO,A,DIESEL,Diesel,2018,551
RO,A,DIESEL,Diesel,2019,568
RO,A,DIESEL,Diesel,2020,294
RO,A,DIESEL,Diesel,2021,9
RO,A,DIESEL,Diesel,2023,1
RO,A,DIESEL,HEV,2022,2
RO,A,ELECTRIC,BEV,2015,13
RO,A,ELECTRIC,BEV,2016,10
RO,A,ELECTRIC,BEV,2017,67
RO,A,ELECTRIC,BEV,2018,116
RO,A,ELECTRIC,BEV,2019,649
RO,A,ELECTRIC,BEV,2020,1494
RO,A,ELECTRIC,BEV,2021,4048
RO,A,ELECTRIC,BEV,2022,7846
RO,A,ELECTRIC,BEV,2023,7607
RO,A,ELECTRIC,Other,2018,201
RO,A,LPG,Other,2014,1
RO,A,LPG,Other,2015,143
RO,A,LPG,Other,2016,231
RO,A,LPG,Other,2017,239
RO,A,LPG,Other,2020,4
RO,A,PETROL,HEV,2020,39
RO,A,PETROL,HEV,2021,358
RO,A,PETROL,HEV,2022,669
RO,A,PETROL,HEV,2023,767
RO,A,PETROL,Petrol,2010,3780
RO,A,PETROL,Petrol,2011,3358
RO,A,PETROL,Petrol,2012,2856
RO,A,PETROL,Petrol,2013,2244
RO,A,PETROL,Petrol,2014,3507
RO,A,PETROL,Petrol,2015,3240
RO,A,PETROL,Petrol,2016,2867
RO,A,PETROL,Petrol,2017,3147
RO,A,PETROL,Petrol,2018,3579
RO,A,PETROL,Petrol,2019,4118
RO,A,PETROL,Petrol,2020,2784
RO,A,PETROL,Petrol,2021,2535
RO,A,PETROL,Petrol,2022,1959
RO,A,PETROL,Petrol,2023,1448
RO,A,PETROL-ELECTRIC,Other,2015,2
RO,A,PETROL/ELECTRIC,PHEV,2021,3
RO,A,PETROL/ELECTRIC,PHEV,2022,2
RO,A,PETROL/ELECTRIC,PHEV,2023,1
RO,B,DIESEL,Diesel,2010,2849
RO,B,DIESEL,Diesel,2011,4145
RO,B,DIESEL,Diesel,2012,3782
RO,B,DIESEL,Diesel,2013,3464
RO,B,DIESEL,Diesel,2014,4004
RO,B,DIESEL,Diesel,2015,4396
RO,B,DIESEL,Diesel,2016,4362
RO,B,DIESEL,Diesel,2017,4575
RO,B,DIESEL,Diesel,2018,3670
RO,B,DIESEL,Diesel,2019,2569
RO,B,DIESEL,Diesel,2020,1964
RO,B,DIESEL,Diesel,2021,312
RO,B,DIESEL,Diesel,2022,482
RO,B,DIESEL,Diesel,2023,334
RO,B,DIESEL,HEV,2020,25
RO,B,DIESEL,HEV,2021,50
RO,B,DIESEL,HEV,2022,36
RO,B,DIESEL,HEV,2023,15
RO,B,DIESEL/ELECTRIC,PHEV,2023,53
RO,B,E85,Other,2011,16
RO,B,E85,Other,2012,31
RO,B,ELECTRIC,BEV,2014,1
RO,B,ELECTRIC,BEV,2016,2
RO,B,ELECTRIC,BEV,2017,9
RO,B,ELECTRIC,BEV,2019,12
RO,B,ELECTRIC,BEV,2020,142
RO,B,ELECTRIC,BEV,2021,217
RO,B,ELECTRIC,BEV,2022,260
RO,B,ELECTRIC,BEV,2023,226
RO,B,ELECTRIC,Other,2018,22
RO,B,LPG,Other,2011,2
RO,B,LPG,Other,2012,2
RO,B,LPG,Other,2014,60
RO,B,LPG,Other,2020,3317
RO,B,LPG,Other,2021,5402
RO,B,LPG,Other,2022,3845
RO,B,LPG,Other,2023,4819
RO,B,PETROL,HEV,2019,777
RO,B,PETROL,HEV,2020,870
RO,B,PETROL,HEV,2021,1798
RO,B,PETROL,HEV,2022,2131
RO,B,PETROL,HEV,2023,1956
RO,B,PETROL,Petrol,2010,11269
RO,B,PETROL,Petrol,2011,8358
RO,B,PETROL,Petrol,2012,5508
RO,B,PETROL,Petrol,2013,5319
RO,B,PETROL,Petrol,2014,6442
RO,B,PETROL,Petrol,2015,7518
RO,B,PETROL,Petrol,2016,9498
RO,B,PETROL,Petrol,2017,10303
RO,B,PETROL,Petrol,2018,15614
RO,B,PETROL,Petrol,2019,24340
RO,B,PETROL,Petrol,2020,15720
RO,B,PETROL,Petrol,2021,12621
RO,B,PETROL,Petrol,2022,13229
RO,B,PETROL,Petrol,2023,12199
RO,B,PETROL-ELECTRIC,Other,2012,20
RO,B,PETROL-ELECTRIC,Other,2016,2
RO,B,PETROL/ELECTRIC,Other,2017,10
RO,B,PETROL/ELECTRIC,Other,2018,26
RO,B,PETROL/ELECTRIC,PHEV,2019,49
RO,B,PETROL/ELECTRIC,PHEV,2020,13
RO,B,PETROL/ELECTRIC,PHEV,2021,12
RO,B,PETROL/ELECTRIC,PHEV,2022,7
RO,B,PETROL/ELECTRIC,PHEV,2023,51
RO,C,DIESEL,Diesel,2010,12753
RO,C,DIESEL,Diesel,2011,12530
RO,C,DIESEL,Diesel,2012,12439
RO,C,DIESEL,Diesel,2013,11155
RO,C,DIESEL,Diesel,2014,14155
RO,C,DIESEL,Diesel,2015,15467
RO,C,DIESEL,Diesel,2016,16837
RO,C,DIESEL,Diesel,2017,19227
RO,C,DIESEL,Diesel,2018,15796
RO,C,DIESEL,Diesel,2019,12274
RO,C,DIESEL,Diesel,2020,9711
RO,C,DIESEL,Diesel,2021,4230
RO,C,DIESEL,Diesel,2022,3376
RO,C,DIESEL,Diesel,2023,3392
RO,C,DIESEL,HEV,2020,121
RO,C,DIESEL,HEV,2021,398
RO,C,DIESEL,HEV,2022,145
RO,C,DIESEL,HEV,2023,15
RO,C,DIESEL-ELECTRIC,Other,2012,1
RO,C,DIESEL/ELECTRIC,Other,2017,2
RO,C,DIESEL/ELECTRIC,PHEV,2019,2
RO,C,DIESEL/ELECTRIC,PHEV,2020,20
RO,C,DIESEL/ELECTRIC,PHEV,2021,16
RO,C,DIESEL/ELECTRIC,PHEV,2022,4
RO,C,DIESEL/ELECTRIC,PHEV,2023,295
RO,C,E85,Other,2011,148
RO,C,E85,Other,2012,412
RO,C,E85,Other,2013,35
RO,C,E85,Other,2014,6
RO,C,ELECTRIC,BEV,2015,1
RO,C,ELECTRIC,BEV,2016,52
RO,C,ELECTRIC,BEV,2017,104
RO,C,ELECTRIC,BEV,2018,1
RO,C,ELECTRIC,BEV,2019,773
RO,C,ELECTRIC,BEV,2020,687
RO,C,ELECTRIC,BEV,2021,612
RO,C,ELECTRIC,BEV,2022,763
RO,C,ELECTRIC,BEV,2023,1733
RO,C,ELECTRIC,Other,2018,180
RO,C,LPG,Other,2010,4
RO,C,LPG,Other,2011,223
RO,C,LPG,Other,2012,207
RO,C,LPG,Other,2013,344
RO,C,LPG,Other,2014,710
RO,C,LPG,Other,2015,582
RO,C,LPG,Other,2016,760
RO,C,LPG,Other,2017,584
RO,C,LPG,Other,2018,874
RO,C,LPG,Other,2020,5017
RO,C,LPG,Other,2021,8537
RO,C,LPG,Other,2022,8026
RO,C,LPG,Other,2023,11070
RO,C,NG-BIOMETHANE,Other,2017,11
RO,C,PETROL,HEV,2019,1825
RO,C,PETROL,HEV,2020,3028
RO,C,PETROL,HEV,2021,5213
RO,C,PETROL,HEV,2022,6129
RO,C,PETROL,HEV,2023,9287
RO,C,PETROL,Petrol,2010,38295
RO,C,PETROL,Petrol,2011,27220
RO,C,PETROL,Petrol,2012,16529
RO,C,PETROL,Petrol,2013,13910
RO,C,PETROL,Petrol,2014,15318
RO,C,PETROL,Petrol,2015,19189
RO,C,PETROL,Petrol,2016,23681
RO,C,PETROL,Petrol,2017,26019
RO,C,PETROL,Petrol,2018,33373
RO,C,PETROL,Petrol,2019,44953
RO,C,PETROL,Petrol,2020,22796
RO,C,PETROL,Petrol,2021,14624
RO,C,PETROL,Petrol,2022,15705
RO,C,PETROL,Petrol,2023,15687
RO,C,PETROL PHEV,Other,2015,2
RO,C,PETROL-ELECTRIC,Other,2012,68
RO,C,PETROL-ELECTRIC,Other,2013,1
RO,C,PETROL-ELECTRIC,Other,2015,5
RO,C,PETROL-ELECTRIC,Other,2016,27
RO,C,PETROL/ELECTRIC,Other,2017,32
RO,C,PETROL/ELECTRIC,Other,2018,56
RO,C,PETROL/ELECTRIC,PHEV,2019,32
RO,C,PETROL/ELECTRIC,PHEV,2020,206
RO,C,PETROL/ELECTRIC,PHEV,2021,504
RO,C,PETROL/ELECTRIC,PHEV,2022,700
RO,C,PETROL/ELECTRIC,PHEV,2023,887
RO,D,DIESEL,Diesel,2010,3075
RO,D,DIESEL,Diesel,2011,3650
RO,D,DIESEL,Diesel,2012,3735
RO,D,DIESEL,Diesel,2013,3013
RO,D,DIESEL,Diesel,2014,3628
RO,D,DIESEL,Diesel,2015,3691
RO,D,DIESEL,Diesel,2016,4656
RO,D,DIESEL,Diesel,2017,4572
RO,D,DIESEL,Diesel,2018,4241
RO,D,DIESEL,Diesel,2019,3470
RO,D,DIESEL,Diesel,2020,2833
RO,D,DIESEL,Diesel,2021,2167
RO,D,DIESEL,Diesel,2022,1682
RO,D,DIESEL,Diesel,2023,1031
RO,D,DIESEL,HEV,2019,10
RO,D,DIESEL,HEV,2020,87
RO,D,DIESEL,HEV,2021,168
RO,D,DIESEL,HEV,2022,234
RO,D,DIESEL,HEV,2023,71
RO,D,DIESEL-ELECTRIC,Other,2012,10
RO,D,DIESEL/ELECTRIC,PHEV,2023,374
RO,D,ELECTRIC,BEV,2019,16
RO,D,ELECTRIC,BEV,2020,110
RO,D,ELECTRIC,BEV,2021,256
RO,D,ELECTRIC,BEV,2022,791
RO,D,ELECTRIC,BEV,2023,1095
RO,D,PETROL,HEV,2019,244
RO,D,PETROL,HEV,2020,258
RO,D,PETROL,HEV,2021,475
RO,D,PETROL,HEV,2022,810
RO,D,PETROL,HEV,2023,111
RO,D,PETROL,Petrol,2010,1663
RO,D,PETROL,Petrol,2011,1304
RO,D,PETROL,Petrol,2012,936
RO,D,PETROL,Petrol,2013,528
RO,D,PETROL,Petrol,2014,473
RO,D,PETROL,Petrol,2015,486
RO,D,PETROL,Petrol,2016,818
RO,D,PETROL,Petrol,2017,856
RO,D,PETROL,Petrol,2018,1490
RO,D,PETROL,Petrol,2019,1360
RO,D,PETROL,Petrol,2020,1185
RO,D,PETROL,Petrol,2021,973
RO,D,PETROL,Petrol,2022,1181
RO,D,PETROL,Petrol,2023,1173
RO,D,PETROL-ELECTRIC,Other,2012,7
RO,D,PETROL-ELECTRIC,Other,2016,9
RO,D,PETROL/ELECTRIC,Other,2017,27
RO,D,PETROL/ELECTRIC,Other,2018,85
RO,D,PETROL/ELECTRIC,PHEV,2019,3
RO,D,PETROL/ELECTRIC,PHEV,2020,96
RO,D,PETROL/ELECTRIC,PHEV,2021,152
RO,D,PETROL/ELECTRIC,PHEV,2022,123
RO,D,PETROL/ELECTRIC,PHEV,2023,614
RO,E,DIESEL,Diesel,2010,262
RO,E,DIESEL,Diesel,2011,429
RO,E,DIESEL,Diesel,2012,679
RO,E,DIESEL,Diesel,2013,483
RO,E,DIESEL,Diesel,2014,510
RO,E,DIESEL,Diesel,2015,536
RO,E,DIESEL,Diesel,2016,690
RO,E,DIESEL,Diesel,2017,818
RO,E,DIESEL,Diesel,2018,884
RO,E,DIESEL,Diesel,2019,619
RO,E,DIESEL,Diesel,2020,375
RO,E,DIESEL,Diesel,2021,211
RO,E,DIESEL,Diesel,2022,127
RO,E,DIESEL,Diesel,2023,125
RO,E,DIESEL,HEV,2019,126
RO,E,DIESEL,HEV,2020,50
RO,E,DIESEL,HEV,2021,76
RO,E,DIESEL,HEV,2022,103
RO,E,DIESEL,HEV,2023,50
RO,E,DIESEL/ELECTRIC,PHEV,2023,68
RO,E,ELECTRIC,BEV,2021,1
RO,E,ELECTRIC,BEV,2022,59
RO,E,ELECTRIC,BEV,2023,152
RO,E,LPG,Other,2014,3
RO,E,PETROL,HEV,2019,186
RO,E,PETROL,HEV,2020,288
RO,E,PETROL,HEV,2021,526
RO,E,PETROL,HEV,2022,429
RO,E,PETROL,HEV,2023,456
RO,E,PETROL,Petrol,2010,60
RO,E,PETROL,Petrol,2011,76
RO,E,PETROL,Petrol,2012,64
RO,E,PETROL,Petrol,2013,36
RO,E,PETROL,Petrol,2014,45
RO,E,PETROL,Petrol,2015,30
RO,E,PETROL,Petrol,2016,109
RO,E,PETROL,Petrol,2017,191
RO,E,PETROL,Petrol,2018,311
RO,E,PETROL,Petrol,2019,440
RO,E,PETROL,Petrol,2020,151
RO,E,PETROL,Petrol,2021,140
RO,E,PETROL,Petrol,2022,151
RO,E,PETROL,Petrol,2023,301
RO,E,PETROL-ELECTRIC,Other,2012,2
RO,E,PETROL/ELECTRIC,Other,2017,7
RO,E,PETROL/ELECTRIC,Other,2018,11
RO,E,PETROL/ELECTRIC,PHEV,2019,9
RO,E,PETROL/ELECTRIC,PHEV,2020,21
RO,E,PETROL/ELECTRIC,PHEV,2021,33
RO,E,PETROL/ELECTRIC,PHEV,2022,58
RO,E,PETROL/ELECTRIC,PHEV,2023,105
RO,F,DIESEL,Diesel,2010,173
RO,F,DIESEL,Diesel,2011,262
RO,F,DIESEL,Diesel,2012,305
RO,F,DIESEL,Diesel,2013,385
RO,F,DIESEL,Diesel,2014,249
RO,F,DIESEL,Diesel,2015,403
RO,F,DIESEL,Diesel,2016,390
RO,F,DIESEL,Diesel,2017,372
RO,F,DIESEL,Diesel,2018,382
RO,F,DIESEL,Diesel,2019,221
RO,F,DIESEL,Diesel,2020,116
RO,F,DIESEL,Diesel,2021,156
RO,F,DIESEL,Diesel,2022,86
RO,F,DIESEL,Diesel,2023,79
RO,F,DIESEL,HEV,2019,31
RO,F,DIESEL,HEV,2020,5
RO,F,DIESEL,HEV,2021,36
RO,F,DIESEL,HEV,2022,32
RO,F,DIESEL/ELECTRIC,PHEV,2023,86
RO,F,E85,Other,2012,5
RO,F,ELECTRIC,BEV,2014,3
RO,F,ELECTRIC,BEV,2015,13
RO,F,ELECTRIC,BEV,2016,3
RO,F,ELECTRIC,BEV,2017,4
RO,F,ELECTRIC,BEV,2019,3
RO,F,ELECTRIC,BEV,2020,24
RO,F,ELECTRIC,BEV,2021,39
RO,F,ELECTRIC,BEV,2022,140
RO,F,ELECTRIC,BEV,2023,185
RO,F,ELECTRIC,Other,2013,1
RO,F,ELECTRIC,Other,2018,3
RO,F,PETROL,HEV,2019,52
RO,F,PETROL,HEV,2020,31
RO,F,PETROL,HEV,2021,43
RO,F,PETROL,HEV,2022,52
RO,F,PETROL,HEV,2023,57
RO,F,PETROL,Petrol,2010,609
RO,F,PETROL,Petrol,2011,562
RO,F,PETROL,Petrol,2012,364
RO,F,PETROL,Petrol,2013,313
RO,F,PETROL,Petrol,2014,208
RO,F,PETROL,Petrol,2015,174
RO,F,PETROL,Petrol,2016,337
RO,F,PETROL,Petrol,2017,449
RO,F,PETROL,Petrol,2018,442
RO,F,PETROL,Petrol,2019,718
RO,F,PETROL,Petrol,2020,485
RO,F,PETROL,Petrol,2021,712
RO,F,PETROL,Petrol,2022,908
RO,F,PETROL,Petrol,2023,746
RO,F,PETROL-ELECTRIC,Other,2012,1
RO,F,PETROL-ELECTRIC,Other,2015,2
RO,F,PETROL-ELECTRIC,Other,2016,9
RO,F,PETROL/ELECTRIC,Other,2017,3
RO,F,PETROL/ELECTRIC,Other,2018,3
RO,F,PETROL/ELECTRIC,PHEV,2019,3
RO,F,PETROL/ELECTRIC,PHEV,2021,11
RO,F,PETROL/ELECTRIC,PHEV,2022,22
RO,F,PETROL/ELECTRIC,PHEV,2023,49
RO,JA,DIESEL,Diesel,2010,79
RO,JA,DIESEL,Diesel,2011,77
RO,JA,DIESEL,Diesel,2012,46
RO,JA,DIESEL,Diesel,2013,16
RO,JA,DIESEL,Diesel,2014,20
RO,JA,DIESEL,Diesel,2015,29
RO,JA,DIESEL,Diesel,2016,32
RO,JA,DIESEL,Diesel,2017,70
RO,JA,DIESEL,Diesel,2018,96
RO,JA,DIESEL,Diesel,2019,53
RO,JA,DIESEL,Diesel,2020,66
RO,JA,DIESEL,Diesel,2021,25
RO,JA,DIESEL,Diesel,2022,13
RO,JA,DIESEL,Diesel,2023,12
RO,JA,ELECTRIC,BEV,2022,1
RO,JA,ELECTRIC,BEV,2023,17
RO,JA,PETROL,HEV,2019,206
RO,JA,PETROL,HEV,2020,1093
RO,JA,PETROL,HEV,2021,1472
RO,JA,PETROL,HEV,2022,1099
RO,JA,PETROL,HEV,2023,1046
RO,JA,PETROL,Petrol,2011,1
RO,JA,PETROL,Petrol,2016,5
RO,JA,PETROL,Petrol,2017,244
RO,JA,PETROL,Petrol,2018,475
RO,JA,PETROL,Petrol,2019,510
RO,JA,PETROL,Petrol,2020,1152
RO,JA,PETROL,Petrol,2021,1160
RO,JA,PETROL,Petrol,2022,1102
RO,JA,PETROL,Petrol,2023,1469
RO,JB,DIESEL,Diesel,2010,2582
RO,JB,DIESEL,Diesel,2011,3398
RO,JB,DIESEL,Diesel,2012,3156
RO,JB,DIESEL,Diesel,2013,3232
RO,JB,DIESEL,Diesel,2014,5051
RO,JB,DIESEL,Diesel,2015,6486
RO,JB,DIESEL,Diesel,2016,6124
RO,JB,DIESEL,Diesel,2017,7381
RO,JB,DIESEL,Diesel,2018,10210
RO,JB,DIESEL,Diesel,2019,9560
RO,JB,DIESEL,Diesel,2020,9015
RO,JB,DIESEL,Diesel,2021,7627
RO,JB,DIESEL,Diesel,2022,6037
RO,JB,DIESEL,Diesel,2023,6197
RO,JB,E85,Other,2012,1
RO,JB,ELECTRIC,BEV,2019,23
RO,JB,ELECTRIC,BEV,2020,273
RO,JB,ELECTRIC,BEV,2021,538
RO,JB,ELECTRIC,BEV,2022,640
RO,JB,ELECTRIC,BEV,2023,692
RO,JB,ELECTRIC,Other,2018,14
RO,JB,LPG,Other,2013,7
RO,JB,LPG,Other,2014,6
RO,JB,LPG,Other,2015,2
RO,JB,LPG,Other,2017,1
RO,JB,LPG,Other,2020,938
RO,JB,LPG,Other,2021,2014
RO,JB,LPG,Other,2022,1693
RO,JB,LPG,Other,2023,1747
RO,JB,PETROL,HEV,2019,209
RO,JB,PETROL,HEV,2020,3089
RO,JB,PETROL,HEV,2021,6125
RO,JB,PETROL,HEV,2022,6881
RO,JB,PETROL,HEV,2023,7683
RO,JB,PETROL,Petrol,2010,1397
RO,JB,PETROL,Petrol,2011,1856
RO,JB,PETROL,Petrol,2012,1379
RO,JB,PETROL,Petrol,2013,1023
RO,JB,PETROL,Petrol,2014,1839
RO,JB,PETROL,Petrol,2015,2926
RO,JB,PETROL,Petrol,2016,4603
RO,JB,PETROL,Petrol,2017,5606
RO,JB,PETROL,Petrol,2018,10325
RO,JB,PETROL,Petrol,2019,18384
RO,JB,PETROL,Petrol,2020,11556
RO,JB,PETROL,Petrol,2021,8704
RO,JB,PETROL,Petrol,2022,11886
RO,JB,PETROL,Petrol,2023,10801
RO,JB,PETROL/ELECTRIC,Other,2017,2
RO,JB,PETROL/ELECTRIC,Other,2018,4
RO,JB,PETROL/ELECTRIC,PHEV,2019,2
RO,JB,PETROL/ELECTRIC,PHEV,2020,72
RO,JB,PETROL/ELECTRIC,PHEV,2021,378
RO,JB,PETROL/ELECTRIC,PHEV,2022,559
RO,JB,PETROL/ELECTRIC,PHEV,2023,453
RO,JC,DIESEL,Diesel,2010,2084
RO,JC,DIESEL,Diesel,2011,2506
RO,JC,DIESEL,Diesel,2012,3144
RO,JC,DIESEL,Diesel,2013,2409
RO,JC,DIESEL,Diesel,2014,3158
RO,JC,DIESEL,Diesel,2015,4169
RO,JC,DIESEL,Diesel,2016,5289
RO,JC,DIESEL,Diesel,2017,6652
RO,JC,DIESEL,Diesel,2018,6600
RO,JC,DIESEL,Diesel,2019,6222
RO,JC,DIESEL,Diesel,2020,3690
RO,JC,DIESEL,Diesel,2021,2285
RO,JC,DIESEL,Diesel,2022,2201
RO,JC,DIESEL,Diesel,2023,2030
RO,JC,DIESEL,HEV,2019,72
RO,JC,DIESEL,HEV,2020,241
RO,JC,DIESEL,HEV,2021,1187
RO,JC,DIESEL,HEV,2022,646
RO,JC,DIESEL,HEV,2023,281
RO,JC,DIESEL/ELECTRIC,PHEV,2021,3
RO,JC,DIESEL/ELECTRIC,PHEV,2023,400
RO,JC,ELECTRIC,BEV,2019,31
RO,JC,ELECTRIC,BEV,2020,54
RO,JC,ELECTRIC,BEV,2021,512
RO,JC,ELECTRIC,BEV,2022,590
RO,JC,ELECTRIC,BEV,2023,1055
RO,JC,LPG,Other,2014,1
RO,JC,LPG,Other,2016,1
RO,JC,PETROL,HEV,2019,1788
RO,JC,PETROL,HEV,2020,1704
RO,JC,PETROL,HEV,2021,3665
RO,JC,PETROL,HEV,2022,6373
RO,JC,PETROL,HEV,2023,8402
RO,JC,PETROL,Petrol,2010,704
RO,JC,PETROL,Petrol,2011,844
RO,JC,PETROL,Petrol,2012,793
RO,JC,PETROL,Petrol,2013,567
RO,JC,PETROL,Petrol,2014,559
RO,JC,PETROL,Petrol,2015,913
RO,JC,PETROL,Petrol,2016,1815
RO,JC,PETROL,Petrol,2017,3320
RO,JC,PETROL,Petrol,2018,6558
RO,JC,PETROL,Petrol,2019,11999
RO,JC,PETROL,Petrol,2020,7951
RO,JC,PETROL,Petrol,2021,6984
RO,JC,PETROL,Petrol,2022,6143
RO,JC,PETROL,Petrol,2023,6097
RO,JC,PETROL-ELECTRIC,Other,2012,3
RO,JC,PETROL/ELECTRIC,Other,2017,1
RO,JC,PETROL/ELECTRIC,Other,2018,34
RO,JC,PETROL/ELECTRIC,PHEV,2019,47
RO,JC,PETROL/ELECTRIC,PHEV,2020,216
RO,JC,PETROL/ELECTRIC,PHEV,2021,797
RO,JC,PETROL/ELECTRIC,PHEV,2022,1075
RO,JC,PETROL/ELECTRIC,PHEV,2023,1817
RO,JC,UNKNOWN,Other,2021,1
RO,JD,DIESEL,Diesel,2010,1813
RO,JD,DIESEL,Diesel,2011,1858
RO,JD,DIESEL,Diesel,2012,2223
RO,JD,DIESEL,Diesel,2013,1831
RO,JD,DIESEL,Diesel,2014,2002
RO,JD,DIESEL,Diesel,2015,2279
RO,JD,DIESEL,Diesel,2016,2674
RO,JD,DIESEL,Diesel,2017,3079
RO,JD,DIESEL,Diesel,2018,2832
RO,JD,DIESEL,Diesel,2019,2252
RO,JD,DIESEL,Diesel,2020,1579
RO,JD,DIESEL,Diesel,2021,739
RO,JD,DIESEL,Diesel,2022,307
RO,JD,DIESEL,Diesel,2023,540
RO,JD,DIESEL,HEV,2019,150
RO,JD,DIESEL,HEV,2020,259
RO,JD,DIESEL,HEV,2021,514
RO,JD,DIESEL,HEV,2022,549
RO,JD,DIESEL,HEV,2023,398
RO,JD,DIESEL/ELECTRIC,Other,2017,11
RO,JD,DIESEL/ELECTRIC,Other,2018,7
RO,JD,DIESEL/ELECTRIC,PHEV,2020,6
RO,JD,DIESEL/ELECTRIC,PHEV,2021,43
RO,JD,DIESEL/ELECTRIC,PHEV,2022,33
RO,JD,DIESEL/ELECTRIC,PHEV,2023,419
RO,JD,ELECTRIC,BEV,2020,1
RO,JD,ELECTRIC,BEV,2021,50
RO,JD,ELECTRIC,BEV,2022,316
RO,JD,ELECTRIC,BEV,2023,2134
RO,JD,PETROL,HEV,2019,800
RO,JD,PETROL,HEV,2020,1261
RO,JD,PETROL,HEV,2021,1872
RO,JD,PETROL,HEV,2022,2187
RO,JD,PETROL,HEV,2023,2218
RO,JD,PETROL,Petrol,2010,358
RO,JD,PETROL,Petrol,2011,148
RO,JD,PETROL,Petrol,2012,349
RO,JD,PETROL,Petrol,2013,280
RO,JD,PETROL,Petrol,2014,241
RO,JD,PETROL,Petrol,2015,195
RO,JD,PETROL,Petrol,2016,392
RO,JD,PETROL,Petrol,2017,660
RO,JD,PETROL,Petrol,2018,966
RO,JD,PETROL,Petrol,2019,935
RO,JD,PETROL,Petrol,2020,710
RO,JD,PETROL,Petrol,2021,549
RO,JD,PETROL,Petrol,2022,467
RO,JD,PETROL,Petrol,2023,352
RO,JD,PETROL-ELECTRIC,Other,2014,9
RO,JD,PETROL-ELECTRIC,Other,2015,9
RO,JD,PETROL-ELECTRIC,Other,2016,25
RO,JD,PETROL/ELECTRIC,Other,2017,48
RO,JD,PETROL/ELECTRIC,Other,2018,67
RO,JD,PETROL/ELECTRIC,PHEV,2019,179
RO,JD,PETROL/ELECTRIC,PHEV,2020,270
RO,JD,PETROL/ELECTRIC,PHEV,2021,531
RO,JD,PETROL/ELECTRIC,PHEV,2022,684
RO,JD,PETROL/ELECTRIC,PHEV,2023,1690
RO,JE,DIESEL,Diesel,2010,774
RO,JE,DIESEL,Diesel,2011,780
RO,JE,DIESEL,Diesel,2012,809
RO,JE,DIESEL,Diesel,2013,533
RO,JE,DIESEL,Diesel,2014,538
RO,JE,DIESEL,Diesel,2015,962
RO,JE,DIESEL,Diesel,2016,1637
RO,JE,DIESEL,Diesel,2017,1451
RO,JE,DIESEL,Diesel,2018,1219
RO,JE,DIESEL,Diesel,2019,1015
RO,JE,DIESEL,Diesel,2020,893
RO,JE,DIESEL,Diesel,2021,547
RO,JE,DIESEL,Diesel,2022,336
RO,JE,DIESEL,Diesel,2023,275
RO,JE,DIESEL,HEV,2019,219
RO,JE,DIESEL,HEV,2020,135
RO,JE,DIESEL,HEV,2021,668
RO,JE,DIESEL,HEV,2022,625
RO,JE,DIESEL,HEV,2023,156
RO,JE,DIESEL/ELECTRIC,PHEV,2020,30
RO,JE,DIESEL/ELECTRIC,PHEV,2021,90
RO,JE,DIESEL/ELECTRIC,PHEV,2022,128
RO,JE,DIESEL/ELECTRIC,PHEV,2023,1126
RO,JE,ELECTRIC,BEV,2016,7
RO,JE,ELECTRIC,BEV,2017,5
RO,JE,ELECTRIC,BEV,2019,1
RO,JE,ELECTRIC,BEV,2020,8
RO,JE,ELECTRIC,BEV,2021,7
RO,JE,ELECTRIC,BEV,2022,58
RO,JE,ELECTRIC,BEV,2023,178
RO,JE,ELECTRIC,Other,2018,8
RO,JE,PETROL,HEV,2019,208
RO,JE,PETROL,HEV,2020,310
RO,JE,PETROL,HEV,2021,636
RO,JE,PETROL,HEV,2022,803
RO,JE,PETROL,HEV,2023,603
RO,JE,PETROL,Petrol,2010,107
RO,JE,PETROL,Petrol,2011,62
RO,JE,PETROL,Petrol,2012,35
RO,JE,PETROL,Petrol,2013,49
RO,JE,PETROL,Petrol,2014,26
RO,JE,PETROL,Petrol,2015,64
RO,JE,PETROL,Petrol,2016,202
RO,JE,PETROL,Petrol,2017,200
RO,JE,PETROL,Petrol,2018,309
RO,JE,PETROL,Petrol,2019,355
RO,JE,PETROL,Petrol,2020,316
RO,JE,PETROL,Petrol,2021,224
RO,JE,PETROL,Petrol,2022,240
RO,JE,PETROL,Petrol,2023,294
RO,JE,PETROL PHEV,Other,2015,1
RO,JE,PETROL-ELECTRIC,Other,2012,42
RO,JE,PETROL-ELECTRIC,Other,2016,41
RO,JE,PETROL/ELECTRIC,Other,2017,23
RO,JE,PETROL/ELECTRIC,Other,2018,41
RO,JE,PETROL/ELECTRIC,PHEV,2019,20
RO,JE,PETROL/ELECTRIC,PHEV,2020,111
RO,JE,PETROL/ELECTRIC,PHEV,2021,262
RO,JE,PETROL/ELECTRIC,PHEV,2022,361
RO,JE,PETROL/ELECTRIC,PHEV,2023,956
RO,JF,DIESEL,Diesel,2010,330
RO,JF,DIESEL,Diesel,2011,426
RO,JF,DIESEL,Diesel,2012,711
RO,JF,DIESEL,Diesel,2013,791
RO,JF,DIESEL,Diesel,2014,924
RO,JF,DIESEL,Diesel,2015,844
RO,JF,DIESEL,Diesel,2016,929
RO,JF,DIESEL,Diesel,2017,767
RO,JF,DIESEL,Diesel,2018,720
RO,JF,DIESEL,Diesel,2019,542
RO,JF,DIESEL,Diesel,2020,360
RO,JF,DIESEL,Diesel,2021,412
RO,JF,DIESEL,Diesel,2022,228
RO,JF,DIESEL,Diesel,2023,227
RO,JF,DIESEL,HEV,2019,97
RO,JF,DIESEL,HEV,2020,146
RO,JF,DIESEL,HEV,2021,55
RO,JF,DIESEL,HEV,2022,193
RO,JF,DIESEL,HEV,2023,188
RO,JF,DIESEL/ELECTRIC,Other,2017,4
RO,JF,DIESEL/ELECTRIC,PHEV,2023,99
RO,JF,ELECTRIC,BEV,2020,12
RO,JF,ELECTRIC,BEV,2021,22
RO,JF,ELECTRIC,BEV,2022,47
RO,JF,ELECTRIC,BEV,2023,12
RO,JF,PETROL,HEV,2019,19
RO,JF,PETROL,HEV,2020,83
RO,JF,PETROL,HEV,2021,60
RO,JF,PETROL,HEV,2022,169
RO,JF,PETROL,HEV,2023,135
RO,JF,PETROL,Petrol,2010,21
RO,JF,PETROL,Petrol,2011,23
RO,JF,PETROL,Petrol,2012,88
RO,JF,PETROL,Petrol,2013,38
RO,JF,PETROL,Petrol,2014,21
RO,JF,PETROL,Petrol,2015,30
RO,JF,PETROL,Petrol,2016,73
RO,JF,PETROL,Petrol,2017,83
RO,JF,PETROL,Petrol,2018,73
RO,JF,PETROL,Petrol,2019,109
RO,JF,PETROL,Petrol,2020,80
RO,JF,PETROL,Petrol,2021,185
RO,JF,PETROL,Petrol,2022,126
RO,JF,PETROL,Petrol,2023,113
RO,JF,PETROL/ELECTRIC,Other,2018,1
RO,JF,PETROL/ELECTRIC,PHEV,2019,47
RO,JF,PETROL/ELECTRIC,PHEV,2020,13
RO,JF,PETROL/ELECTRIC,PHEV,2021,7
RO,JF,PETROL/ELECTRIC,PHEV,2022,12
RO,JF,PETROL/ELECTRIC,PHEV,2023,47
RO,V,DIESEL,Diesel,2010,706
RO,V,DIESEL,Diesel,2011,800
RO,V,DIESEL,Diesel,2012,914
RO,V,DIESEL,Diesel,2013,678
RO,V,DIESEL,Diesel,2014,851
RO,V,DIESEL,Diesel,2015,1045
RO,V,DIESEL,Diesel,2016,1426
RO,V,DIESEL,Diesel,2017,1784
RO,V,DIESEL,Diesel,2018,1848
RO,V,DIESEL,Diesel,2019,2018
RO,V,DIESEL,Diesel,2020,1430
RO,V,DIESEL,Diesel,2021,1449
RO,V,DIESEL,Diesel,2022,1326
RO,V,DIESEL,Diesel,2023,1789
RO,V,DIESEL,HEV,2019,2
RO,V,DIESEL,HEV,2020,8
RO,V,DIESEL,HEV,2021,10
RO,V,DIESEL,HEV,2022,18
RO,V,DIESEL,HEV,2023,17
RO,V,DIESEL/ELECTRIC,PHEV,2023,2
RO,V,ELECTRIC,BEV,2020,2
RO,V,ELECTRIC,BEV,2021,21
RO,V,ELECTRIC,BEV,2022,25
RO,V,ELECTRIC,BEV,2023,71
RO,V,LPG,Other,2013,1
RO,V,LPG,Other,2014,1
RO,V,LPG,Other,2016,2
RO,V,PETROL,Petrol,2010,73
RO,V,PETROL,Petrol,2011,84
RO,V,PETROL,Petrol,2012,78
RO,V,PETROL,Petrol,2013,29
RO,V,PETROL,Petrol,2014,29
RO,V,PETROL,Petrol,2015,11
RO,V,PETROL,Petrol,2016,7
RO,V,PETROL,Petrol,2017,11
RO,V,PETROL,Petrol,2018,12
RO,V,PETROL,Petrol,2019,37
RO,V,PETROL,Petrol,2020,28
RO,V,PETROL,Petrol,2021,27
RO,V,PETROL,Petrol,2022,27
RO,V,PETROL,Petrol,2023,40
RO,V,PETROL/ELECTRIC,PHEV,2022,9
RO,V,PETROL/ELECTRIC,PHEV,2023,18
SE,,DIESEL,Diesel,2010,14728
SE,,DIESEL,Diesel,2011,14472
SE,,DIESEL,Diesel,2012,11367
SE,,DIESEL,Diesel,2013,6173
SE,,DIESEL,Diesel,2014,6132
SE,,DIESEL,Diesel,2015,7980
SE,,DIESEL,Diesel,2016,5806
SE,,DIESEL,Diesel,2017,3000
SE,,DIESEL,Diesel,2018,2160
SE,,DIESEL,Diesel,2019,1062
SE,,DIESEL,Diesel,2020,387
SE,,DIESEL,Diesel,2021,263
SE,,DIESEL,Diesel,2022,145
SE,,DIESEL,Diesel,2023,14
SE,,DIESEL,HEV,2020,13
SE,,DIESEL,HEV,2021,10
SE,,DIESEL,HEV,2022,13
SE,,DIESEL,HEV,2023,13
SE,,E85,Other,2010,575
SE,,E85,Other,2011,1173
SE,,E85,Other,2012,215
SE,,E85,Other,2013,70
SE,,E85,Other,2014,26
SE,,E85,Other,2015,4
SE,,E85,Other,2018,2
SE,,E85,Other,2019,4
SE,,E85,Other,2020,6
SE,,E85,Other,2021,7
SE,,E85,Other,2022,5
SE,,E85,Other,2023,2
SE,,ELECTRIC,BEV,2014,12
SE,,ELECTRIC,BEV,2015,22
SE,,ELECTRIC,BEV,2016,8
SE,,ELECTRIC,BEV,2020,235
SE,,ELECTRIC,BEV,2021,173
SE,,ELECTRIC,BEV,2022,1197
SE,,ELECTRIC,BEV,2023,4453
SE,,ELECTRIC,Other,2010,9
SE,,ELECTRIC,Other,2011,106
SE,,ELECTRIC,Other,2012,40
SE,,ELECTRIC,Other,2013,22
SE,,HYBRID/PETROL/E,Petrol,2015,1
SE,,HYDROGEN,Other,2019,2
SE,,HYDROGEN,Other,2020,4
SE,,HYDROGEN,Other,2021,8
SE,,NG,Other,2018,98
SE,,NG-BIOMETHANE,Other,2010,55
SE,,NG-BIOMETHANE,Other,2011,97
SE,,NG-BIOMETHANE,Other,2012,285
SE,,NG-BIOMETHANE,Other,2013,231
SE,,NG-BIOMETHANE,Other,2014,293
SE,,NG-BIOMETHANE,Other,2015,101
SE,,NG-BIOMETHANE,Other,2016,9
SE,,NG-BIOMETHANE,Other,2017,39
SE,,NG-BIOMETHANE,Other,2019,136
SE,,NG-BIOMETHANE,Other,2020,2
SE,,NG-BIOMETHANE,Other,2021,4
SE,,PETROL,HEV,2019,9
SE,,PETROL,HEV,2020,54
SE,,PETROL,HEV,2021,70
SE,,PETROL,HEV,2022,358
SE,,PETROL,HEV,2023,341
SE,,PETROL,Petrol,2010,11098
SE,,PETROL,Petrol,2011,5562
SE,,PETROL,Petrol,2012,3691
SE,,PETROL,Petrol,2013,3629
SE,,PETROL,Petrol,2014,3398
SE,,PETROL,Petrol,2015,3935
SE,,PETROL,Petrol,2016,4047
SE,,PETROL,Petrol,2017,1978
SE,,PETROL,Petrol,2018,1112
SE,,PETROL,Petrol,2019,813
SE,,PETROL,Petrol,2020,352
SE,,PETROL,Petrol,2021,197
SE,,PETROL,Petrol,2022,186
SE,,PETROL,Petrol,2023,127
SE,,PETROL-ELECTRIC,Other,2012,121
SE,,PETROL-ELECTRIC,Other,2013,28
SE,,PETROL-ELECTRIC,Other,2014,22
SE,,PETROL-ELECTRIC,Other,2015,16
SE,,PETROL-ELECTRIC,Other,2016,13
SE,,PETROL/ELECTRIC,Other,2017,34
SE,,PETROL/ELECTRIC,Other,2018,28
SE,,PETROL/ELECTRIC,PHEV,2019,47
SE,,PETROL/ELECTRIC,PHEV,2020,44
SE,,PETROL/ELECTRIC,PHEV,2021,2468
SE,,PETROL/ELECTRIC,PHEV,2022,834
SE,,PETROL/ELECTRIC,PHEV,2023,2327
SE,A,DIESEL,Diesel,2010,837
SE,A,DIESEL,Diesel,2011,1058
SE,A,DIESEL,Diesel,2012,681
SE,A,DIESEL,Diesel,2013,115
SE,A,DIESEL,Diesel,2014,161
SE,A,DIESEL,Diesel,2015,177
SE,A,DIESEL,Diesel,2016,154
SE,A,DIESEL,Diesel,2017,28
SE,A,DIESEL,Diesel,2018,17
SE,A,DIESEL,Diesel,2019,1
SE,A,DIESEL,Diesel,2020,1
SE,A,DIESEL,Diesel,2021,1
SE,A,DIESEL,Diesel,2023,1
SE,A,E85,Other,2021,2
SE,A,E85,Other,2022,202
SE,A,ELECTRIC,BEV,2014,404
SE,A,ELECTRIC,BEV,2015,534
SE,A,ELECTRIC,BEV,2016,546
SE,A,ELECTRIC,BEV,2017,945
SE,A,ELECTRIC,BEV,2018,1742
SE,A,ELECTRIC,BEV,2019,2114
SE,A,ELECTRIC,BEV,2020,3107
SE,A,ELECTRIC,BEV,2021,3353
SE,A,ELECTRIC,BEV,2022,1393
SE,A,ELECTRIC,BEV,2023,1013
SE,A,ELECTRIC,Other,2010,27
SE,A,ELECTRIC,Other,2011,2
SE,A,ELECTRIC,Other,2013,40
SE,A,NG,Other,2018,83
SE,A,NG,Other,2019,22
SE,A,NG-BIOMETHANE,Other,2011,31
SE,A,NG-BIOMETHANE,Other,2012,8
SE,A,NG-BIOMETHANE,Other,2013,355
SE,A,NG-BIOMETHANE,Other,2014,269
SE,A,NG-BIOMETHANE,Other,2015,157
SE,A,NG-BIOMETHANE,Other,2016,137
SE,A,NG-BIOMETHANE,Other,2017,161
SE,A,NG-BIOMETHANE,Other,2021,4
SE,A,PETROL,HEV,2020,214
SE,A,PETROL,HEV,2021,483
SE,A,PETROL,HEV,2022,319
SE,A,PETROL,HEV,2023,1065
SE,A,PETROL,Petrol,2010,12256
SE,A,PETROL,Petrol,2011,8283
SE,A,PETROL,Petrol,2012,7806
SE,A,PETROL,Petrol,2013,8137
SE,A,PETROL,Petrol,2014,8699
SE,A,PETROL,Petrol,2015,9469
SE,A,PETROL,Petrol,2016,9655
SE,A,PETROL,Petrol,2017,6996
SE,A,PETROL,Petrol,2018,6761
SE,A,PETROL,Petrol,2019,6604
SE,A,PETROL,Petrol,2020,4232
SE,A,PETROL,Petrol,2021,4040
SE,A,PETROL,Petrol,2022,2520
SE,A,PETROL,Petrol,2023,2835
SE,A,PETROL-ELECTRIC,Other,2012,21
SE,A,PETROL-ELECTRIC,Other,2013,2
SE,A,PETROL-ELECTRIC,Other,2014,2
SE,A,PETROL-ELECTRIC,Other,2015,6
SE,A,PETROL-ELECTRIC,Other,2016,4
SE,A,PETROL/ELECTRIC,PHEV,2020,144
SE,A,PETROL/ELECTRIC,PHEV,2021,203
SE,A,PETROL/ELECTRIC,PHEV,2022,105
SE,A,PETROL/ELECTRIC,PHEV,2023,575
SE,B,BIODIESEL,Other,2012,10
SE,B,DIESEL,Diesel,2010,12543
SE,B,DIESEL,Diesel,2011,17768
SE,B,DIESEL,Diesel,2012,18649
SE,B,DIESEL,Diesel,2013,17186
SE,B,DIESEL,Diesel,2014,15901
SE,B,DIESEL,Diesel,2015,16623
SE,B,DIESEL,Diesel,2016,14452
SE,B,DIESEL,Diesel,2017,11940
SE,B,DIESEL,Diesel,2018,6067
SE,B,DIESEL,Diesel,2019,4845
SE,B,DIESEL,Diesel,2020,1045
SE,B,DIESEL,Diesel,2021,520
SE,B,DIESEL,Diesel,2022,122
SE,B,DIESEL,Diesel,2023,4
SE,B,DIESEL,HEV,2020,1986
SE,B,DIESEL,HEV,2021,1074
SE,B,DIESEL,HEV,2022,708
SE,B,DIESEL,HEV,2023,457
SE,B,E85,Other,2010,9
SE,B,E85,Other,2011,2392
SE,B,E85,Other,2012,677
SE,B,E85,Other,2013,18
SE,B,ELECTRIC,BEV,2014,21
SE,B,ELECTRIC,BEV,2015,180
SE,B,ELECTRIC,BEV,2016,84
SE,B,ELECTRIC,BEV,2017,138
SE,B,ELECTRIC,BEV,2018,255
SE,B,ELECTRIC,BEV,2019,457
SE,B,ELECTRIC,BEV,2020,1196
SE,B,ELECTRIC,BEV,2021,2376
SE,B,ELECTRIC,BEV,2022,4099
SE,B,ELECTRIC,BEV,2023,2334
SE,B,ELECTRIC,Other,2011,17
SE,B,ELECTRIC,Other,2012,83
SE,B,ELECTRIC,Other,2013,28
SE,B,NG,Other,2018,267
SE,B,NG,Other,2019,220
SE,B,NG,Other,2020,287
SE,B,NG,Other,2021,113
SE,B,NG,Other,2022,42
SE,B,NG,Other,2023,49
SE,B,NG-BIOMETHANE,Other,2010,44
SE,B,NG-BIOMETHANE,Other,2011,172
SE,B,NG-BIOMETHANE,Other,2012,59
SE,B,NG-BIOMETHANE,Other,2013,18
SE,B,NG-BIOMETHANE,Other,2014,33
SE,B,NG-BIOMETHANE,Other,2015,24
SE,B,NG-BIOMETHANE,Other,2016,13
SE,B,NG-BIOMETHANE,Other,2017,7
SE,B,NG-BIOMETHANE,Other,2019,25
SE,B,NG-BIOMETHANE,Other,2020,2
SE,B,PETROL,HEV,2019,1778
SE,B,PETROL,HEV,2020,3854
SE,B,PETROL,HEV,2021,5055
SE,B,PETROL,HEV,2022,5286
SE,B,PETROL,HEV,2023,5477
SE,B,PETROL,Petrol,2010,31299
SE,B,PETROL,Petrol,2011,29343
SE,B,PETROL,Petrol,2012,29801
SE,B,PETROL,Petrol,2013,30766
SE,B,PETROL,Petrol,2014,34624
SE,B,PETROL,Petrol,2015,38869
SE,B,PETROL,Petrol,2016,47163
SE,B,PETROL,Petrol,2017,44221
SE,B,PETROL,Petrol,2018,37243
SE,B,PETROL,Petrol,2019,27834
SE,B,PETROL,Petrol,2020,16994
SE,B,PETROL,Petrol,2021,13316
SE,B,PETROL,Petrol,2022,8705
SE,B,PETROL,Petrol,2023,7030
SE,B,PETROL-ELECTRIC,Other,2016,234
SE,B,PETROL/ELECTRIC,Other,2017,441
SE,B,PETROL/ELECTRIC,Other,2018,415
SE,B,PETROL/ELECTRIC,PHEV,2019,1619
SE,B,PETROL/ELECTRIC,PHEV,2020,165
SE,B,PETROL/ELECTRIC,PHEV,2021,59
SE,B,PETROL/ELECTRIC,PHEV,2022,469
SE,B,PETROL/ELECTRIC,PHEV,2023,570
SE,B,UNKNOWN,Other,2019,179
SE,C,CNG,Other,2020,29
SE,C,DIESEL,Diesel,2010,50638
SE,C,DIESEL,Diesel,2011,60426
SE,C,DIESEL,Diesel,2012,47910
SE,C,DIESEL,Diesel,2013,35890
SE,C,DIESEL,Diesel,2014,36718
SE,C,DIESEL,Diesel,2015,36178
SE,C,DIESEL,Diesel,2016,31300
SE,C,DIESEL,Diesel,2017,25460
SE,C,DIESEL,Diesel,2018,15745
SE,C,DIESEL,Diesel,2019,14253
SE,C,DIESEL,Diesel,2020,7739
SE,C,DIESEL,Diesel,2021,2623
SE,C,DIESEL,Diesel,2022,2259
SE,C,DIESEL,Diesel,2023,1108
SE,C,DIESEL,HEV,2020,857
SE,C,DIESEL,HEV,2021,1336
SE,C,DIESEL,HEV,2022,303
SE,C,DIESEL,HEV,2023,218
SE,C,DIESEL/ELECTRIC,Other,2017,1
SE,C,DIESEL/ELECTRIC,PHEV,2019,860
SE,C,DIESEL/ELECTRIC,PHEV,2020,2001
SE,C,DIESEL/ELECTRIC,PHEV,2021,1608
SE,C,DIESEL/ELECTRIC,PHEV,2022,510
SE,C,DIESEL/ELECTRIC,PHEV,2023,851
SE,C,E85,HEV,2022,497
SE,C,E85,HEV,2023,2358
SE,C,E85,Other,2010,3554
SE,C,E85,Other,2011,7999
SE,C,E85,Other,2012,2711
SE,C,E85,Other,2013,1097
SE,C,E85,Other,2014,1805
SE,C,E85,Other,2015,1156
SE,C,E85,Other,2016,755
SE,C,E85,Other,2017,998
SE,C,E85,Other,2018,941
SE,C,E85,Other,2019,56
SE,C,E85,Other,2020,2
SE,C,E85,Other,2021,7
SE,C,ELECTRIC,BEV,2014,458
SE,C,ELECTRIC,BEV,2015,1046
SE,C,ELECTRIC,BEV,2016,1156
SE,C,ELECTRIC,BEV,2017,1587
SE,C,ELECTRIC,BEV,2018,3135
SE,C,ELECTRIC,BEV,2019,3968
SE,C,ELECTRIC,BEV,2020,8411
SE,C,ELECTRIC,BEV,2021,9812
SE,C,ELECTRIC,BEV,2022,29534
SE,C,ELECTRIC,BEV,2023,25082
SE,C,ELECTRIC,Other,2010,3
SE,C,ELECTRIC,Other,2011,1
SE,C,ELECTRIC,Other,2012,128
SE,C,ELECTRIC,Other,2013,322
SE,C,ELECTRIC,Other,2014,78
SE,C,ELECTRIC,Other,2015,104
SE,C,LPG,Other,2012,37
SE,C,NG,Other,2018,1672
SE,C,NG,Other,2019,3483
SE,C,NG,Other,2020,2400
SE,C,NG,Other,2021,1140
SE,C,NG,Other,2022,1710
SE,C,NG,Other,2023,1819
SE,C,NG-BIOMETHANE,Other,2010,271
SE,C,NG-BIOMETHANE,Other,2011,198
SE,C,NG-BIOMETHANE,Other,2012,133
SE,C,NG-BIOMETHANE,Other,2013,114
SE,C,NG-BIOMETHANE,Other,2014,2133
SE,C,NG-BIOMETHANE,Other,2015,3429
SE,C,NG-BIOMETHANE,Other,2016,2415
SE,C,NG-BIOMETHANE,Other,2017,2505
SE,C,NG-BIOMETHANE,Other,2019,75
SE,C,NG-BIOMETHANE,Other,2020,92
SE,C,NG-BIOMETHANE,Other,2021,7
SE,C,PETROL,HEV,2019,2599
SE,C,PETROL,HEV,2020,10347
SE,C,PETROL,HEV,2021,16262
SE,C,PETROL,HEV,2022,9743
SE,C,PETROL,HEV,2023,15336
SE,C,PETROL,Petrol,2010,41453
SE,C,PETROL,Petrol,2011,21886
SE,C,PETROL,Petrol,2012,16193
SE,C,PETROL,Petrol,2013,26659
SE,C,PETROL,Petrol,2014,37234
SE,C,PETROL,Petrol,2015,44640
SE,C,PETROL,Petrol,2016,53996
SE,C,PETROL,Petrol,2017,51474
SE,C,PETROL,Petrol,2018,55189
SE,C,PETROL,Petrol,2019,52470
SE,C,PETROL,Petrol,2020,27820
SE,C,PETROL,Petrol,2021,17638
SE,C,PETROL,Petrol,2022,10664
SE,C,PETROL,Petrol,2023,9209
SE,C,PETROL-ELECTRIC,Other,2012,499
SE,C,PETROL-ELECTRIC,Other,2013,386
SE,C,PETROL-ELECTRIC,Other,2014,354
SE,C,PETROL-ELECTRIC,Other,2015,1311
SE,C,PETROL-ELECTRIC,Other,2016,1710
SE,C,PETROL/ELECTRIC,Other,2017,2734
SE,C,PETROL/ELECTRIC,Other,2018,2836
SE,C,PETROL/ELECTRIC,PHEV,2019,2136
SE,C,PETROL/ELECTRIC,PHEV,2020,17491
SE,C,PETROL/ELECTRIC,PHEV,2021,26667
SE,C,PETROL/ELECTRIC,PHEV,2022,17836
SE,C,PETROL/ELECTRIC,PHEV,2023,12503
SE,D,CNG,Other,2020,122
SE,D,DIESEL,Diesel,2010,34971
SE,D,DIESEL,Diesel,2011,45931
SE,D,DIESEL,Diesel,2012,54729
SE,D,DIESEL,Diesel,2013,46471
SE,D,DIESEL,Diesel,2014,48598
SE,D,DIESEL,Diesel,2015,52232
SE,D,DIESEL,Diesel,2016,47551
SE,D,DIESEL,Diesel,2017,44695
SE,D,DIESEL,Diesel,2018,37016
SE,D,DIESEL,Diesel,2019,36479
SE,D,DIESEL,Diesel,2020,17805
SE,D,DIESEL,Diesel,2021,5318
SE,D,DIESEL,Diesel,2022,3005
SE,D,DIESEL,Diesel,2023,2321
SE,D,DIESEL,HEV,2020,1529
SE,D,DIESEL,HEV,2021,9662
SE,D,DIESEL,HEV,2022,5394
SE,D,DIESEL,HEV,2023,3296
SE,D,DIESEL-ELECTRIC,Other,2012,16
SE,D,DIESEL-ELECTRIC,Other,2013,590
SE,D,DIESEL-ELECTRIC,Other,2014,708
SE,D,DIESEL-ELECTRIC,Other,2015,578
SE,D,DIESEL-ELECTRIC,Other,2016,1236
SE,D,DIESEL/ELECTRIC,Other,2017,1060
SE,D,DIESEL/ELECTRIC,Other,2018,1222
SE,D,DIESEL/ELECTRIC,PHEV,2019,9
SE,D,E85,Other,2010,128
SE,D,E85,Other,2011,3136
SE,D,E85,Other,2012,1777
SE,D,E85,Other,2013,1906
SE,D,E85,Other,2014,705
SE,D,E85,Other,2015,101
SE,D,E85,Other,2016,1
SE,D,E85,Other,2020,1
SE,D,E85,Other,2022,3
SE,D,ELECTRIC,BEV,2019,4256
SE,D,ELECTRIC,BEV,2020,4256
SE,D,ELECTRIC,BEV,2021,5581
SE,D,ELECTRIC,BEV,2022,2756
SE,D,ELECTRIC,BEV,2023,3514
SE,D,LPG,Other,2017,1
SE,D,NG,Other,2018,594
SE,D,NG,Other,2019,104
SE,D,NG,Other,2021,38
SE,D,NG,Other,2022,25
SE,D,NG,Other,2023,8
SE,D,NG-BIOMETHANE,Other,2010,5492
SE,D,NG-BIOMETHANE,Other,2011,4326
SE,D,NG-BIOMETHANE,Other,2012,3702
SE,D,NG-BIOMETHANE,Other,2013,2044
SE,D,NG-BIOMETHANE,Other,2014,1161
SE,D,NG-BIOMETHANE,Other,2015,585
SE,D,NG-BIOMETHANE,Other,2016,862
SE,D,NG-BIOMETHANE,Other,2017,592
SE,D,NG-BIOMETHANE,Other,2019,10
SE,D,NG-BIOMETHANE,Other,2020,3
SE,D,NG-BIOMETHANE,Other,2021,1
SE,D,PETROL,HEV,2019,74
SE,D,PETROL,HEV,2020,3896
SE,D,PETROL,HEV,2021,3813
SE,D,PETROL,HEV,2022,2309
SE,D,PETROL,HEV,2023,2227
SE,D,PETROL,Petrol,2010,14331
SE,D,PETROL,Petrol,2011,10899
SE,D,PETROL,Petrol,2012,6856
SE,D,PETROL,Petrol,2013,6716
SE,D,PETROL,Petrol,2014,5995
SE,D,PETROL,Petrol,2015,6956
SE,D,PETROL,Petrol,2016,9236
SE,D,PETROL,Petrol,2017,10487
SE,D,PETROL,Petrol,2018,15144
SE,D,PETROL,Petrol,2019,9532
SE,D,PETROL,Petrol,2020,3376
SE,D,PETROL,Petrol,2021,1187
SE,D,PETROL,Petrol,2022,2079
SE,D,PETROL,Petrol,2023,2254
SE,D,PETROL-ELECTRIC,Other,2015,271
SE,D,PETROL-ELECTRIC,Other,2016,3921
SE,D,PETROL/ELECTRIC,Other,2017,6160
SE,D,PETROL/ELECTRIC,Other,2018,6826
SE,D,PETROL/ELECTRIC,PHEV,2019,7293
SE,D,PETROL/ELECTRIC,PHEV,2020,18924
SE,D,PETROL/ELECTRIC,PHEV,2021,11868
SE,D,PETROL/ELECTRIC,PHEV,2022,8613
SE,D,PETROL/ELECTRIC,PHEV,2023,7155
SE,E,DIESEL,Diesel,2010,2448
SE,E,DIESEL,Diesel,2011,3549
SE,E,DIESEL,Diesel,2012,7623
SE,E,DIESEL,Diesel,2013,8176
SE,E,DIESEL,Diesel,2014,8595
SE,E,DIESEL,Diesel,2015,9608
SE,E,DIESEL,Diesel,2016,12102
SE,E,DIESEL,Diesel,2017,13277
SE,E,DIESEL,Diesel,2018,11702
SE,E,DIESEL,Diesel,2019,8771
SE,E,DIESEL,Diesel,2020,2230
SE,E,DIESEL,Diesel,2021,1828
SE,E,DIESEL,Diesel,2022,343
SE,E,DIESEL,Diesel,2023,128
SE,E,DIESEL,HEV,2020,2079
SE,E,DIESEL,HEV,2021,1407
SE,E,DIESEL,HEV,2022,2775
SE,E,DIESEL,HEV,2023,2486
SE,E,ELECTRIC,BEV,2020,1588
SE,E,ELECTRIC,BEV,2021,2824
SE,E,ELECTRIC,BEV,2022,5774
SE,E,ELECTRIC,BEV,2023,8172
SE,E,ELECTRIC,Other,2010,1
SE,E,ELECTRIC,Other,2011,1
SE,E,HYDROGEN,Other,2016,3
SE,E,HYDROGEN,Other,2017,6
SE,E,HYDROGEN,Other,2018,5
SE,E,HYDROGEN,Other,2021,8
SE,E,HYDROGEN,Other,2022,4
SE,E,HYDROGEN,Other,2023,4
SE,E,NG,Other,2020,1
SE,E,NG-BIOMETHANE,Other,2010,734
SE,E,NG-BIOMETHANE,Other,2011,1210
SE,E,NG-BIOMETHANE,Other,2012,1045
SE,E,NG-BIOMETHANE,Other,2013,837
SE,E,NG-BIOMETHANE,Other,2014,790
SE,E,NG-BIOMETHANE,Other,2015,483
SE,E,NG-BIOMETHANE,Other,2016,11
SE,E,NG-BIOMETHANE,Other,2019,1
SE,E,PETROL,HEV,2019,152
SE,E,PETROL,HEV,2020,1352
SE,E,PETROL,HEV,2021,1035
SE,E,PETROL,HEV,2022,761
SE,E,PETROL,HEV,2023,1035
SE,E,PETROL,Petrol,2010,1667
SE,E,PETROL,Petrol,2011,1509
SE,E,PETROL,Petrol,2012,1252
SE,E,PETROL,Petrol,2013,1395
SE,E,PETROL,Petrol,2014,1187
SE,E,PETROL,Petrol,2015,1459
SE,E,PETROL,Petrol,2016,1648
SE,E,PETROL,Petrol,2017,2768
SE,E,PETROL,Petrol,2018,3061
SE,E,PETROL,Petrol,2019,3057
SE,E,PETROL,Petrol,2020,706
SE,E,PETROL,Petrol,2021,436
SE,E,PETROL,Petrol,2022,230
SE,E,PETROL,Petrol,2023,127
SE,E,PETROL-ELECTRIC,Other,2013,7
SE,E,PETROL-ELECTRIC,Other,2014,10
SE,E,PETROL-ELECTRIC,Other,2015,6
SE,E,PETROL-ELECTRIC,Other,2016,1
SE,E,PETROL/ELECTRIC,Other,2017,296
SE,E,PETROL/ELECTRIC,Other,2018,663
SE,E,PETROL/ELECTRIC,PHEV,2019,441
SE,E,PETROL/ELECTRIC,PHEV,2020,936
SE,E,PETROL/ELECTRIC,PHEV,2021,2142
SE,E,PETROL/ELECTRIC,PHEV,2022,1104
SE,E,PETROL/ELECTRIC,PHEV,2023,1603
SE,F,DIESEL,Diesel,2010,1945
SE,F,DIESEL,Diesel,2011,4332
SE,F,DIESEL,Diesel,2012,5724
SE,F,DIESEL,Diesel,2013,4909
SE,F,DIESEL,Diesel,2014,4558
SE,F,DIESEL,Diesel,2015,3740
SE,F,DIESEL,Diesel,2016,2176
SE,F,DIESEL,Diesel,2017,2178
SE,F,DIESEL,Diesel,2018,1483
SE,F,DIESEL,Diesel,2019,1231
SE,F,DIESEL,Diesel,2020,446
SE,F,DIESEL,Diesel,2021,286
SE,F,DIESEL,Diesel,2022,113
SE,F,DIESEL,Diesel,2023,38
SE,F,DIESEL,HEV,2020,20
SE,F,DIESEL,HEV,2021,64
SE,F,DIESEL,HEV,2022,61
SE,F,DIESEL,HEV,2023,36
SE,F,DIESEL-ELECTRIC,Other,2015,1
SE,F,E85,Other,2010,1
SE,F,E85,Other,2011,8
SE,F,E85,Other,2012,7
SE,F,E85,Other,2013,2
SE,F,E85,Other,2018,1
SE,F,E85,Other,2019,1
SE,F,E85,Other,2020,3
SE,F,E85,Other,2022,1
SE,F,E85,Other,2023,2
SE,F,ELECTRIC,BEV,2014,266
SE,F,ELECTRIC,BEV,2015,977
SE,F,ELECTRIC,BEV,2016,840
SE,F,ELECTRIC,BEV,2017,801
SE,F,ELECTRIC,BEV,2018,872
SE,F,ELECTRIC,BEV,2019,1351
SE,F,ELECTRIC,BEV,2020,1356
SE,F,ELECTRIC,BEV,2021,2550
SE,F,ELECTRIC,BEV,2022,3469
SE,F,ELECTRIC,BEV,2023,1459
SE,F,ELECTRIC,Other,2013,18
SE,F,NG-BIOMETHANE,Other,2010,658
SE,F,NG-BIOMETHANE,Other,2011,304
SE,F,NG-BIOMETHANE,Other,2012,4
SE,F,PETROL,HEV,2019,22
SE,F,PETROL,HEV,2020,62
SE,F,PETROL,HEV,2021,133
SE,F,PETROL,HEV,2022,79
SE,F,PETROL,HEV,2023,72
SE,F,PETROL,Petrol,2010,4897
SE,F,PETROL,Petrol,2011,6077
SE,F,PETROL,Petrol,2012,4749
SE,F,PETROL,Petrol,2013,3736
SE,F,PETROL,Petrol,2014,4610
SE,F,PETROL,Petrol,2015,3635
SE,F,PETROL,Petrol,2016,4860
SE,F,PETROL,Petrol,2017,5122
SE,F,PETROL,Petrol,2018,5194
SE,F,PETROL,Petrol,2019,6317
SE,F,PETROL,Petrol,2020,4189
SE,F,PETROL,Petrol,2021,4113
SE,F,PETROL,Petrol,2022,2245
SE,F,PETROL,Petrol,2023,1619
SE,F,PETROL-ELECTRIC,Other,2014,15
SE,F,PETROL-ELECTRIC,Other,2015,27
SE,F,PETROL-ELECTRIC,Other,2016,24
SE,F,PETROL/ELECTRIC,Other,2017,30
SE,F,PETROL/ELECTRIC,Other,2018,22
SE,F,PETROL/ELECTRIC,PHEV,2019,12
SE,F,PETROL/ELECTRIC,PHEV,2020,106
SE,F,PETROL/ELECTRIC,PHEV,2021,1075
SE,F,PETROL/ELECTRIC,PHEV,2022,2145
SE,F,PETROL/ELECTRIC,PHEV,2023,1700
SE,JA,DIESEL,Diesel,2010,199
SE,JA,DIESEL,Diesel,2011,325
SE,JA,DIESEL,Diesel,2012,371
SE,JA,DIESEL,Diesel,2013,348
SE,JA,DIESEL,Diesel,2014,349
SE,JA,DIESEL,Diesel,2015,339
SE,JA,DIESEL,Diesel,2016,308
SE,JA,DIESEL,Diesel,2017,694
SE,JA,DIESEL,Diesel,2018,292
SE,JA,DIESEL,Diesel,2019,224
SE,JA,DIESEL,Diesel,2020,172
SE,JA,DIESEL,Diesel,2021,33
SE,JA,DIESEL,Diesel,2022,22
SE,JA,DIESEL,Diesel,2023,12
SE,JA,ELECTRIC,BEV,2022,59
SE,JA,ELECTRIC,BEV,2023,66
SE,JA,NG,Other,2018,2
SE,JA,NG,Other,2020,17
SE,JA,NG,Other,2021,47
SE,JA,NG,Other,2022,24
SE,JA,NG,Other,2023,32
SE,JA,NG-BIOMETHANE,Other,2019,2
SE,JA,NG-BIOMETHANE,Other,2020,1
SE,JA,PETROL,HEV,2020,845
SE,JA,PETROL,HEV,2021,743
SE,JA,PETROL,HEV,2022,540
SE,JA,PETROL,HEV,2023,437
SE,JA,PETROL,Petrol,2010,180
SE,JA,PETROL,Petrol,2011,64
SE,JA,PETROL,Petrol,2012,14
SE,JA,PETROL,Petrol,2013,10
SE,JA,PETROL,Petrol,2014,31
SE,JA,PETROL,Petrol,2015,37
SE,JA,PETROL,Petrol,2016,174
SE,JA,PETROL,Petrol,2017,1097
SE,JA,PETROL,Petrol,2018,1356
SE,JA,PETROL,Petrol,2019,2430
SE,JA,PETROL,Petrol,2020,2324
SE,JA,PETROL,Petrol,2021,2362
SE,JA,PETROL,Petrol,2022,1947
SE,JA,PETROL,Petrol,2023,2259
SE,JB,DIESEL,Diesel,2010,976
SE,JB,DIESEL,Diesel,2011,1535
SE,JB,DIESEL,Diesel,2012,1645
SE,JB,DIESEL,Diesel,2013,4405
SE,JB,DIESEL,Diesel,2014,7077
SE,JB,DIESEL,Diesel,2015,7155
SE,JB,DIESEL,Diesel,2016,8497
SE,JB,DIESEL,Diesel,2017,7034
SE,JB,DIESEL,Diesel,2018,5408
SE,JB,DIESEL,Diesel,2019,4334
SE,JB,DIESEL,Diesel,2020,1643
SE,JB,DIESEL,Diesel,2021,1423
SE,JB,DIESEL,Diesel,2022,1141
SE,JB,DIESEL,Diesel,2023,737
SE,JB,E85,HEV,2022,534
SE,JB,E85,HEV,2023,265
SE,JB,E85,Other,2011,11
SE,JB,E85,Other,2012,49
SE,JB,E85,Other,2013,5
SE,JB,E85,Other,2021,46
SE,JB,E85,Other,2022,19
SE,JB,ELECTRIC,BEV,2014,2
SE,JB,ELECTRIC,BEV,2016,21
SE,JB,ELECTRIC,BEV,2017,249
SE,JB,ELECTRIC,BEV,2018,526
SE,JB,ELECTRIC,BEV,2019,1236
SE,JB,ELECTRIC,BEV,2020,2400
SE,JB,ELECTRIC,BEV,2021,3418
SE,JB,ELECTRIC,BEV,2022,3210
SE,JB,ELECTRIC,BEV,2023,2736
SE,JB,ELECTRIC,Other,2011,28
SE,JB,ELECTRIC,Other,2012,9
SE,JB,NG,Other,2018,99
SE,JB,NG,Other,2019,83
SE,JB,NG,Other,2020,89
SE,JB,NG,Other,2021,90
SE,JB,NG,Other,2022,52
SE,JB,NG,Other,2023,68
SE,JB,NG-BIOMETHANE,Other,2016,13
SE,JB,NG-BIOMETHANE,Other,2017,59
SE,JB,NG-BIOMETHANE,Other,2019,112
SE,JB,NG-BIOMETHANE,Other,2020,147
SE,JB,NG-BIOMETHANE,Other,2021,23
SE,JB,PETROL,HEV,2019,360
SE,JB,PETROL,HEV,2020,1655
SE,JB,PETROL,HEV,2021,5084
SE,JB,PETROL,HEV,2022,5757
SE,JB,PETROL,HEV,2023,7879
SE,JB,PETROL,Petrol,2010,1187
SE,JB,PETROL,Petrol,2011,2218
SE,JB,PETROL,Petrol,2012,1756
SE,JB,PETROL,Petrol,2013,4369
SE,JB,PETROL,Petrol,2014,6335
SE,JB,PETROL,Petrol,2015,9006
SE,JB,PETROL,Petrol,2016,11565
SE,JB,PETROL,Petrol,2017,13035
SE,JB,PETROL,Petrol,2018,17671
SE,JB,PETROL,Petrol,2019,24726
SE,JB,PETROL,Petrol,2020,16160
SE,JB,PETROL,Petrol,2021,10356
SE,JB,PETROL,Petrol,2022,7177
SE,JB,PETROL,Petrol,2023,9232
SE,JB,PETROL/ELECTRIC,Other,2017,175
SE,JB,PETROL/ELECTRIC,Other,2018,345
SE,JB,PETROL/ELECTRIC,PHEV,2019,439
SE,JB,PETROL/ELECTRIC,PHEV,2020,1155
SE,JB,PETROL/ELECTRIC,PHEV,2021,1757
SE,JB,PETROL/ELECTRIC,PHEV,2022,1054
SE,JB,PETROL/ELECTRIC,PHEV,2023,1075
SE,JC,DIESEL,Diesel,2010,8601
SE,JC,DIESEL,Diesel,2011,10328
SE,JC,DIESEL,Diesel,2012,11197
SE,JC,DIESEL,Diesel,2013,11245
SE,JC,DIESEL,Diesel,2014,23946
SE,JC,DIESEL,Diesel,2015,30840
SE,JC,DIESEL,Diesel,2016,36482
SE,JC,DIESEL,Diesel,2017,45658
SE,JC,DIESEL,Diesel,2018,24198
SE,JC,DIESEL,Diesel,2019,23822
SE,JC,DIESEL,Diesel,2020,7863
SE,JC,DIESEL,Diesel,2021,5709
SE,JC,DIESEL,Diesel,2022,3225
SE,JC,DIESEL,Diesel,2023,2355
SE,JC,DIESEL,HEV,2019,2
SE,JC,DIESEL,HEV,2020,3292
SE,JC,DIESEL,HEV,2021,5267
SE,JC,DIESEL,HEV,2022,2675
SE,JC,DIESEL,HEV,2023,2013
SE,JC,E85,HEV,2022,34
SE,JC,E85,HEV,2023,23
SE,JC,E85,Other,2019,1047
SE,JC,E85,Other,2020,1
SE,JC,E85,Other,2021,11
SE,JC,E85,Other,2022,24
SE,JC,E85,Other,2023,2
SE,JC,ELECTRIC,BEV,2018,177
SE,JC,ELECTRIC,BEV,2019,1568
SE,JC,ELECTRIC,BEV,2020,2707
SE,JC,ELECTRIC,BEV,2021,21185
SE,JC,ELECTRIC,BEV,2022,35515
SE,JC,ELECTRIC,BEV,2023,40128
SE,JC,NG,Other,2018,13
SE,JC,NG-BIOMETHANE,Other,2019,47
SE,JC,NG-BIOMETHANE,Other,2020,5
SE,JC,NG-BIOMETHANE,Other,2021,1
SE,JC,PETROL,HEV,2019,4544
SE,JC,PETROL,HEV,2020,6383
SE,JC,PETROL,HEV,2021,7698
SE,JC,PETROL,HEV,2022,10808
SE,JC,PETROL,HEV,2023,8828
SE,JC,PETROL,Petrol,2010,5845
SE,JC,PETROL,Petrol,2011,5847
SE,JC,PETROL,Petrol,2012,5663
SE,JC,PETROL,Petrol,2013,6463
SE,JC,PETROL,Petrol,2014,6899
SE,JC,PETROL,Petrol,2015,8977
SE,JC,PETROL,Petrol,2016,12345
SE,JC,PETROL,Petrol,2017,23097
SE,JC,PETROL,Petrol,2018,34210
SE,JC,PETROL,Petrol,2019,33722
SE,JC,PETROL,Petrol,2020,13427
SE,JC,PETROL,Petrol,2021,13443
SE,JC,PETROL,Petrol,2022,8766
SE,JC,PETROL,Petrol,2023,6853
SE,JC,PETROL/ELECTRIC,Other,2017,1128
SE,JC,PETROL/ELECTRIC,Other,2018,4667
SE,JC,PETROL/ELECTRIC,PHEV,2019,4939
SE,JC,PETROL/ELECTRIC,PHEV,2020,15343
SE,JC,PETROL/ELECTRIC,PHEV,2021,16261
SE,JC,PETROL/ELECTRIC,PHEV,2022,21902
SE,JC,PETROL/ELECTRIC,PHEV,2023,20945
SE,JD,DIESEL,Diesel,2010,6397
SE,JD,DIESEL,Diesel,2011,9369
SE,JD,DIESEL,Diesel,2012,9945
SE,JD,DIESEL,Diesel,2013,12201
SE,JD,DIESEL,Diesel,2014,16988
SE,JD,DIESEL,Diesel,2015,23442
SE,JD,DIESEL,Diesel,2016,21654
SE,JD,DIESEL,Diesel,2017,16783
SE,JD,DIESEL,Diesel,2018,15773
SE,JD,DIESEL,Diesel,2019,13203
SE,JD,DIESEL,Diesel,2020,5028
SE,JD,DIESEL,Diesel,2021,1122
SE,JD,DIESEL,Diesel,2022,707
SE,JD,DIESEL,Diesel,2023,407
SE,JD,DIESEL,HEV,2019,19
SE,JD,DIESEL,HEV,2020,1532
SE,JD,DIESEL,HEV,2021,3334
SE,JD,DIESEL,HEV,2022,2883
SE,JD,DIESEL,HEV,2023,1734
SE,JD,DIESEL-ELECTRIC,Other,2016,4
SE,JD,DIESEL/ELECTRIC,Other,2017,52
SE,JD,DIESEL/ELECTRIC,Other,2018,32
SE,JD,DIESEL/ELECTRIC,PHEV,2019,2
SE,JD,DIESEL/ELECTRIC,PHEV,2020,383
SE,JD,DIESEL/ELECTRIC,PHEV,2021,1060
SE,JD,DIESEL/ELECTRIC,PHEV,2022,828
SE,JD,DIESEL/ELECTRIC,PHEV,2023,493
SE,JD,E85,Other,2019,2
SE,JD,E85,Other,2021,1142
SE,JD,E85,Other,2022,1643
SE,JD,E85,Other,2023,2568
SE,JD,ELECTRIC,BEV,2021,3706
SE,JD,ELECTRIC,BEV,2022,7362
SE,JD,ELECTRIC,BEV,2023,19465
SE,JD,HYDROGEN,Other,2013,3
SE,JD,HYDROGEN,Other,2015,1
SE,JD,HYDROGEN,Other,2016,16
SE,JD,HYDROGEN,Other,2017,8
SE,JD,NG,Other,2018,1
SE,JD,NG,Other,2023,1
SE,JD,NG-BIOMETHANE,Other,2020,8
SE,JD,NG-BIOMETHANE,Other,2021,12
SE,JD,PETROL,HEV,2019,1988
SE,JD,PETROL,HEV,2020,5643
SE,JD,PETROL,HEV,2021,3901
SE,JD,PETROL,HEV,2022,5444
SE,JD,PETROL,HEV,2023,4680
SE,JD,PETROL,Petrol,2010,3256
SE,JD,PETROL,Petrol,2011,1863
SE,JD,PETROL,Petrol,2012,1413
SE,JD,PETROL,Petrol,2013,2048
SE,JD,PETROL,Petrol,2014,2264
SE,JD,PETROL,Petrol,2015,2508
SE,JD,PETROL,Petrol,2016,4315
SE,JD,PETROL,Petrol,2017,5538
SE,JD,PETROL,Petrol,2018,7857
SE,JD,PETROL,Petrol,2019,8721
SE,JD,PETROL,Petrol,2020,2303
SE,JD,PETROL,Petrol,2021,1490
SE,JD,PETROL,Petrol,2022,635
SE,JD,PETROL,Petrol,2023,717
SE,JD,PETROL-ELECTRIC,Other,2013,96
SE,JD,PETROL-ELECTRIC,Other,2014,2289
SE,JD,PETROL-ELECTRIC,Other,2015,3408
SE,JD,PETROL-ELECTRIC,Other,2016,2730
SE,JD,PETROL/ELECTRIC,Other,2017,3492
SE,JD,PETROL/ELECTRIC,Other,2018,3917
SE,JD,PETROL/ELECTRIC,PHEV,2019,6358
SE,JD,PETROL/ELECTRIC,PHEV,2020,9176
SE,JD,PETROL/ELECTRIC,PHEV,2021,9229
SE,JD,PETROL/ELECTRIC,PHEV,2022,6471
SE,JD,PETROL/ELECTRIC,PHEV,2023,9531
SE,JE,DIESEL,Diesel,2010,7
SE,JE,DIESEL,Diesel,2012,2
SE,JE,DIESEL,Diesel,2013,1
SE,JE,DIESEL,Diesel,2014,1064
SE,JE,DIESEL,Diesel,2015,1383
SE,JE,DIESEL,Diesel,2016,1758
SE,JE,DIESEL,Diesel,2017,1157
SE,JE,DIESEL,Diesel,2018,1085
SE,JE,DIESEL,Diesel,2019,1480
SE,JE,DIESEL,Diesel,2020,651
SE,JE,DIESEL,Diesel,2021,138
SE,JE,DIESEL,Diesel,2022,140
SE,JE,DIESEL,Diesel,2023,60
SE,JE,DIESEL,HEV,2020,402
SE,JE,DIESEL,HEV,2021,279
SE,JE,DIESEL,HEV,2022,261
SE,JE,DIESEL,HEV,2023,330
SE,JE,DIESEL/ELECTRIC,PHEV,2020,577
SE,JE,DIESEL/ELECTRIC,PHEV,2021,1310
SE,JE,DIESEL/ELECTRIC,PHEV,2022,1084
SE,JE,DIESEL/ELECTRIC,PHEV,2023,543
SE,JE,ELECTRIC,BEV,2016,288
SE,JE,ELECTRIC,BEV,2017,484
SE,JE,ELECTRIC,BEV,2018,347
SE,JE,ELECTRIC,BEV,2019,625
SE,JE,ELECTRIC,BEV,2020,493
SE,JE,ELECTRIC,BEV,2021,141
SE,JE,ELECTRIC,BEV,2022,1406
SE,JE,ELECTRIC,BEV,2023,3543
SE,JE,NG-BIOMETHANE,Other,2020,1
SE,JE,PETROL,HEV,2019,132
SE,JE,PETROL,HEV,2020,406
SE,JE,PETROL,HEV,2021,386
SE,JE,PETROL,HEV,2022,352
SE,JE,PETROL,HEV,2023,423
SE,JE,PETROL,Petrol,2010,546
SE,JE,PETROL,Petrol,2011,312
SE,JE,PETROL,Petrol,2012,249
SE,JE,PETROL,Petrol,2013,225
SE,JE,PETROL,Petrol,2014,239
SE,JE,PETROL,Petrol,2015,299
SE,JE,PETROL,Petrol,2016,609
SE,JE,PETROL,Petrol,2017,554
SE,JE,PETROL,Petrol,2018,699
SE,JE,PETROL,Petrol,2019,848
SE,JE,PETROL,Petrol,2020,273
SE,JE,PETROL,Petrol,2021,126
SE,JE,PETROL,Petrol,2022,163
SE,JE,PETROL,Petrol,2023,79
SE,JE,PETROL-ELECTRIC,Other,2014,8
SE,JE,PETROL-ELECTRIC,Other,2015,124
SE,JE,PETROL-ELECTRIC,Other,2016,308
SE,JE,PETROL/ELECTRIC,Other,2017,371
SE,JE,PETROL/ELECTRIC,Other,2018,540
SE,JE,PETROL/ELECTRIC,PHEV,2019,538
SE,JE,PETROL/ELECTRIC,PHEV,2020,1203
SE,JE,PETROL/ELECTRIC,PHEV,2021,1832
SE,JE,PETROL/ELECTRIC,PHEV,2022,1394
SE,JE,PETROL/ELECTRIC,PHEV,2023,2255
SE,JF,DIESEL,Diesel,2010,29
SE,JF,DIESEL,Diesel,2011,4
SE,JF,DIESEL,Diesel,2012,16
SE,JF,DIESEL,Diesel,2013,14
SE,JF,DIESEL,Diesel,2014,881
SE,JF,DIESEL,Diesel,2015,686
SE,JF,DIESEL,Diesel,2016,792
SE,JF,DIESEL,Diesel,2017,823
SE,JF,DIESEL,Diesel,2018,654
SE,JF,DIESEL,Diesel,2019,507
SE,JF,DIESEL,Diesel,2020,333
SE,JF,DIESEL,Diesel,2021,249
SE,JF,DIESEL,Diesel,2022,236
SE,JF,DIESEL,Diesel,2023,117
SE,JF,DIESEL,HEV,2019,25
SE,JF,DIESEL,HEV,2020,97
SE,JF,DIESEL,HEV,2021,57
SE,JF,DIESEL,HEV,2022,111
SE,JF,DIESEL,HEV,2023,127
SE,JF,E85,HEV,2022,2
SE,JF,ELECTRIC,BEV,2019,8
SE,JF,ELECTRIC,BEV,2020,1941
SE,JF,ELECTRIC,BEV,2021,1938
SE,JF,ELECTRIC,BEV,2022,1499
SE,JF,ELECTRIC,BEV,2023,50
SE,JF,PETROL,HEV,2019,20
SE,JF,PETROL,HEV,2020,244
SE,JF,PETROL,HEV,2021,51
SE,JF,PETROL,HEV,2022,153
SE,JF,PETROL,HEV,2023,112
SE,JF,PETROL,Petrol,2010,4
SE,JF,PETROL,Petrol,2013,1
SE,JF,PETROL,Petrol,2014,70
SE,JF,PETROL,Petrol,2015,62
SE,JF,PETROL,Petrol,2016,147
SE,JF,PETROL,Petrol,2017,249
SE,JF,PETROL,Petrol,2018,154
SE,JF,PETROL,Petrol,2019,293
SE,JF,PETROL,Petrol,2020,152
SE,JF,PETROL,Petrol,2021,210
SE,JF,PETROL,Petrol,2022,84
SE,JF,PETROL,Petrol,2023,110
SE,JF,PETROL/ELECTRIC,Other,2018,7
SE,JF,PETROL/ELECTRIC,PHEV,2019,121
SE,JF,PETROL/ELECTRIC,PHEV,2020,130
SE,JF,PETROL/ELECTRIC,PHEV,2021,182
SE,JF,PETROL/ELECTRIC,PHEV,2022,105
SE,JF,PETROL/ELECTRIC,PHEV,2023,310
SE,V,DIESEL,Diesel,2010,2616
SE,V,DIESEL,Diesel,2011,3627
SE,V,DIESEL,Diesel,2012,3267
SE,V,DIESEL,Diesel,2013,3350
SE,V,DIESEL,Diesel,2014,3454
SE,V,DIESEL,Diesel,2015,4227
SE,V,DIESEL,Diesel,2016,6000
SE,V,DIESEL,Diesel,2017,6436
SE,V,DIESEL,Diesel,2018,4366
SE,V,DIESEL,Diesel,2019,4320
SE,V,DIESEL,Diesel,2020,2955
SE,V,DIESEL,Diesel,2021,1606
SE,V,DIESEL,Diesel,2022,2188
SE,V,DIESEL,Diesel,2023,2411
SE,V,DIESEL,HEV,2020,2
SE,V,DIESEL,HEV,2021,6
SE,V,DIESEL,HEV,2022,12
SE,V,E85,Other,2010,96
SE,V,E85,Other,2011,247
SE,V,E85,Other,2012,208
SE,V,E85,Other,2013,5
SE,V,E85,Other,2023,1
SE,V,ELECTRIC,BEV,2020,98
SE,V,ELECTRIC,BEV,2021,189
SE,V,ELECTRIC,BEV,2022,459
SE,V,ELECTRIC,BEV,2023,1564
SE,V,NG,Other,2018,431
SE,V,NG,Other,2019,535
SE,V,NG,Other,2020,271
SE,V,NG,Other,2021,14
SE,V,NG,Other,2022,18
SE,V,NG,Other,2023,133
SE,V,NG-BIOMETHANE,Other,2010,263
SE,V,NG-BIOMETHANE,Other,2011,296
SE,V,NG-BIOMETHANE,Other,2012,225
SE,V,NG-BIOMETHANE,Other,2013,242
SE,V,NG-BIOMETHANE,Other,2014,256
SE,V,NG-BIOMETHANE,Other,2015,282
SE,V,NG-BIOMETHANE,Other,2016,327
SE,V,NG-BIOMETHANE,Other,2017,558
SE,V,NG-BIOMETHANE,Other,2019,20
SE,V,PETROL,Petrol,2010,329
SE,V,PETROL,Petrol,2011,447
SE,V,PETROL,Petrol,2012,234
SE,V,PETROL,Petrol,2013,144
SE,V,PETROL,Petrol,2014,165
SE,V,PETROL,Petrol,2015,140
SE,V,PETROL,Petrol,2016,350
SE,V,PETROL,Petrol,2017,459
SE,V,PETROL,Petrol,2018,415
SE,V,PETROL,Petrol,2019,328
SE,V,PETROL,Petrol,2020,367
SE,V,PETROL,Petrol,2021,475
SE,V,PETROL,Petrol,2022,309
SE,V,PETROL,Petrol,2023,128
SE,V,PETROL/ELECTRIC,PHEV,2021,5
SE,V,PETROL/ELECTRIC,PHEV,2022,379
SE,V,PETROL/ELECTRIC,PHEV,2023,284
SI,,DIESEL,Diesel,2010,57
SI,,DIESEL,Diesel,2011,76
SI,,DIESEL,Diesel,2012,135
SI,,DIESEL,Diesel,2013,146
SI,,DIESEL,Diesel,2014,114
SI,,DIESEL,Diesel,2015,113
SI,,DIESEL,Diesel,2016,10
SI,,DIESEL,Diesel,2017,128
SI,,DIESEL,Diesel,2018,163
SI,,DIESEL,Diesel,2019,632
SI,,DIESEL,Diesel,2020,54
SI,,DIESEL,Diesel,2021,8
SI,,DIESEL,Diesel,2022,21
SI,,DIESEL,Diesel,2023,41
SI,,DIESEL,HEV,2019,1
SI,,DIESEL,HEV,2020,1
SI,,DIESEL,HEV,2021,2
SI,,DIESEL,HEV,2022,1
SI,,DIESEL,HEV,2023,55
SI,,DIESEL/ELECTRIC,PHEV,2019,2
SI,,ELECTRIC,BEV,2015,2
SI,,ELECTRIC,BEV,2016,2
SI,,ELECTRIC,BEV,2017,2
SI,,ELECTRIC,BEV,2018,2
SI,,ELECTRIC,BEV,2019,9
SI,,ELECTRIC,BEV,2020,5
SI,,ELECTRIC,BEV,2021,2
SI,,ELECTRIC,BEV,2022,18
SI,,ELECTRIC,BEV,2023,182
SI,,ELECTRIC,Other,2011,6
SI,,ELECTRIC,Other,2012,7
SI,,LPG,Other,2014,3
SI,,LPG,Other,2015,3
SI,,LPG,Other,2017,13
SI,,LPG,Other,2018,24
SI,,LPG,Other,2019,18
SI,,PETROL,HEV,2019,29
SI,,PETROL,HEV,2020,1
SI,,PETROL,HEV,2021,2
SI,,PETROL,HEV,2022,10
SI,,PETROL,HEV,2023,8
SI,,PETROL,Petrol,2010,227
SI,,PETROL,Petrol,2011,219
SI,,PETROL,Petrol,2012,173
SI,,PETROL,Petrol,2013,88
SI,,PETROL,Petrol,2014,63
SI,,PETROL,Petrol,2015,58
SI,,PETROL,Petrol,2016,22
SI,,PETROL,Petrol,2017,116
SI,,PETROL,Petrol,2018,151
SI,,PETROL,Petrol,2019,522
SI,,PETROL,Petrol,2020,79
SI,,PETROL,Petrol,2021,12
SI,,PETROL,Petrol,2022,11
SI,,PETROL,Petrol,2023,65
SI,,PETROL-ELECTRIC,Other,2016,1
SI,,PETROL/ELECTRIC,Other,2017,12
SI,,PETROL/ELECTRIC,Other,2018,2
SI,,PETROL/ELECTRIC,PHEV,2019,3
SI,,PETROL/ELECTRIC,PHEV,2020,9
SI,,PETROL/ELECTRIC,PHEV,2021,38
SI,,PETROL/ELECTRIC,PHEV,2022,8
SI,,PETROL/ELECTRIC,PHEV,2023,20
SI,,UNKNOWN,Other,2020,15
SI,A,DIESEL,Diesel,2010,94
SI,A,DIESEL,Diesel,2011,108
SI,A,DIESEL,Diesel,2012,147
SI,A,DIESEL,Diesel,2013,383
SI,A,DIESEL,Diesel,2014,563
SI,A,DIESEL,Diesel,2015,398
SI,A,DIESEL,Diesel,2016,401
SI,A,DIESEL,Diesel,2017,453
SI,A,DIESEL,Diesel,2018,327
SI,A,DIESEL,Diesel,2019,27
SI,A,DIESEL,Diesel,2020,3
SI,A,DIESEL,Diesel,2021,1
SI,A,DIESEL,Diesel,2023,5
SI,A,DIESEL,HEV,2023,1
SI,A,ELECTRIC,BEV,2014,14
SI,A,ELECTRIC,BEV,2015,51
SI,A,ELECTRIC,BEV,2016,35
SI,A,ELECTRIC,BEV,2017,58
SI,A,ELECTRIC,BEV,2018,170
SI,A,ELECTRIC,BEV,2019,147
SI,A,ELECTRIC,BEV,2020,654
SI,A,ELECTRIC,BEV,2021,445
SI,A,ELECTRIC,BEV,2022,336
SI,A,ELECTRIC,BEV,2023,173
SI,A,LPG,Other,2012,1
SI,A,LPG,Other,2013,3
SI,A,LPG,Other,2014,6
SI,A,LPG,Other,2015,9
SI,A,LPG,Other,2017,1
SI,A,LPG,Other,2018,4
SI,A,LPG,Other,2022,13
SI,A,LPG,Other,2023,17
SI,A,NG,Other,2018,1
SI,A,NG,Other,2020,24
SI,A,NG-BIOMETHANE,Other,2013,8
SI,A,NG-BIOMETHANE,Other,2014,26
SI,A,NG-BIOMETHANE,Other,2015,20
SI,A,NG-BIOMETHANE,Other,2016,1
SI,A,NG-BIOMETHANE,Other,2017,17
SI,A,NG-BIOMETHANE,Other,2019,4
SI,A,PETROL,HEV,2020,17
SI,A,PETROL,HEV,2021,1057
SI,A,PETROL,HEV,2022,1178
SI,A,PETROL,HEV,2023,820
SI,A,PETROL,Petrol,2010,2936
SI,A,PETROL,Petrol,2011,2438
SI,A,PETROL,Petrol,2012,3047
SI,A,PETROL,Petrol,2013,3104
SI,A,PETROL,Petrol,2014,3060
SI,A,PETROL,Petrol,2015,3045
SI,A,PETROL,Petrol,2016,3124
SI,A,PETROL,Petrol,2017,2402
SI,A,PETROL,Petrol,2018,4322
SI,A,PETROL,Petrol,2019,4176
SI,A,PETROL,Petrol,2020,2176
SI,A,PETROL,Petrol,2021,1289
SI,A,PETROL,Petrol,2022,599
SI,A,PETROL,Petrol,2023,860
SI,A,PETROL-ELECTRIC,Other,2015,1
SI,A,PETROL/ELECTRIC,PHEV,2023,1
SI,B,DIESEL,Diesel,2010,3171
SI,B,DIESEL,Diesel,2011,2708
SI,B,DIESEL,Diesel,2012,3059
SI,B,DIESEL,Diesel,2013,4064
SI,B,DIESEL,Diesel,2014,4248
SI,B,DIESEL,Diesel,2015,3451
SI,B,DIESEL,Diesel,2016,2856
SI,B,DIESEL,Diesel,2017,2581
SI,B,DIESEL,Diesel,2018,1479
SI,B,DIESEL,Diesel,2019,753
SI,B,DIESEL,Diesel,2020,853
SI,B,DIESEL,Diesel,2021,326
SI,B,DIESEL,Diesel,2022,199
SI,B,DIESEL,Diesel,2023,131
SI,B,DIESEL,HEV,2020,13
SI,B,DIESEL,HEV,2021,36
SI,B,DIESEL,HEV,2022,77
SI,B,DIESEL,HEV,2023,135
SI,B,ELECTRIC,BEV,2014,1
SI,B,ELECTRIC,BEV,2015,6
SI,B,ELECTRIC,BEV,2016,3
SI,B,ELECTRIC,BEV,2017,10
SI,B,ELECTRIC,BEV,2018,9
SI,B,ELECTRIC,BEV,2019,5
SI,B,ELECTRIC,BEV,2020,49
SI,B,ELECTRIC,BEV,2021,37
SI,B,ELECTRIC,BEV,2022,62
SI,B,ELECTRIC,BEV,2023,164
SI,B,LPG,Other,2012,2
SI,B,LPG,Other,2013,31
SI,B,LPG,Other,2014,151
SI,B,LPG,Other,2015,81
SI,B,LPG,Other,2016,141
SI,B,LPG,Other,2017,82
SI,B,LPG,Other,2018,39
SI,B,LPG,Other,2019,19
SI,B,LPG,Other,2020,72
SI,B,LPG,Other,2021,361
SI,B,LPG,Other,2022,334
SI,B,LPG,Other,2023,237
SI,B,NG-BIOMETHANE,Other,2013,2
SI,B,NG-BIOMETHANE,Other,2019,2
SI,B,NG-BIOMETHANE,Other,2021,1
SI,B,PETROL,HEV,2019,337
SI,B,PETROL,HEV,2020,396
SI,B,PETROL,HEV,2021,607
SI,B,PETROL,HEV,2022,529
SI,B,PETROL,HEV,2023,418
SI,B,PETROL,Petrol,2010,16744
SI,B,PETROL,Petrol,2011,14739
SI,B,PETROL,Petrol,2012,11234
SI,B,PETROL,Petrol,2013,10179
SI,B,PETROL,Petrol,2014,10508
SI,B,PETROL,Petrol,2015,11864
SI,B,PETROL,Petrol,2016,10565
SI,B,PETROL,Petrol,2017,11534
SI,B,PETROL,Petrol,2018,13577
SI,B,PETROL,Petrol,2019,13677
SI,B,PETROL,Petrol,2020,10063
SI,B,PETROL,Petrol,2021,8234
SI,B,PETROL,Petrol,2022,6558
SI,B,PETROL,Petrol,2023,6137
SI,B,PETROL-ELECTRIC,Other,2016,21
SI,B,PETROL/ELECTRIC,Other,2017,38
SI,B,PETROL/ELECTRIC,Other,2018,37
SI,B,PETROL/ELECTRIC,PHEV,2019,41
SI,B,PETROL/ELECTRIC,PHEV,2020,13
SI,B,PETROL/ELECTRIC,PHEV,2021,6
SI,B,PETROL/ELECTRIC,PHEV,2022,15
SI,B,PETROL/ELECTRIC,PHEV,2023,23
SI,C,DIESEL,Diesel,2010,8802
SI,C,DIESEL,Diesel,2011,8748
SI,C,DIESEL,Diesel,2012,9949
SI,C,DIESEL,Diesel,2013,11681
SI,C,DIESEL,Diesel,2014,12207
SI,C,DIESEL,Diesel,2015,9662
SI,C,DIESEL,Diesel,2016,8143
SI,C,DIESEL,Diesel,2017,8305
SI,C,DIESEL,Diesel,2018,5072
SI,C,DIESEL,Diesel,2019,5035
SI,C,DIESEL,Diesel,2020,4151
SI,C,DIESEL,Diesel,2021,2271
SI,C,DIESEL,Diesel,2022,1712
SI,C,DIESEL,Diesel,2023,1793
SI,C,DIESEL,HEV,2020,31
SI,C,DIESEL,HEV,2021,138
SI,C,DIESEL,HEV,2022,73
SI,C,DIESEL,HEV,2023,79
SI,C,DIESEL/ELECTRIC,PHEV,2020,5
SI,C,DIESEL/ELECTRIC,PHEV,2021,4
SI,C,DIESEL/ELECTRIC,PHEV,2022,1
SI,C,E85,Other,2011,33
SI,C,E85,Other,2012,7
SI,C,E85,Other,2013,1
SI,C,ELECTRIC,BEV,2014,8
SI,C,ELECTRIC,BEV,2015,14
SI,C,ELECTRIC,BEV,2016,61
SI,C,ELECTRIC,BEV,2017,119
SI,C,ELECTRIC,BEV,2018,216
SI,C,ELECTRIC,BEV,2019,225
SI,C,ELECTRIC,BEV,2020,703
SI,C,ELECTRIC,BEV,2021,242
SI,C,ELECTRIC,BEV,2022,287
SI,C,ELECTRIC,BEV,2023,626
SI,C,ELECTRIC,Other,2012,1
SI,C,ELECTRIC,Other,2015,12
SI,C,LPG,Other,2012,4
SI,C,LPG,Other,2013,10
SI,C,LPG,Other,2014,54
SI,C,LPG,Other,2015,61
SI,C,LPG,Other,2016,72
SI,C,LPG,Other,2017,135
SI,C,LPG,Other,2018,41
SI,C,LPG,Other,2019,45
SI,C,LPG,Other,2022,167
SI,C,LPG,Other,2023,158
SI,C,NG,Other,2018,2
SI,C,NG,Other,2020,6
SI,C,NG,Other,2022,1
SI,C,NG-BIOMETHANE,Other,2014,5
SI,C,NG-BIOMETHANE,Other,2015,15
SI,C,NG-BIOMETHANE,Other,2016,6
SI,C,NG-BIOMETHANE,Other,2017,10
SI,C,NG-BIOMETHANE,Other,2019,15
SI,C,NG-BIOMETHANE,Other,2020,7
SI,C,NG-BIOMETHANE,Other,2021,4
SI,C,PETROL,HEV,2019,764
SI,C,PETROL,HEV,2020,764
SI,C,PETROL,HEV,2021,1233
SI,C,PETROL,HEV,2022,1349
SI,C,PETROL,HEV,2023,2045
SI,C,PETROL,Other,2010,1
SI,C,PETROL,Petrol,2010,11693
SI,C,PETROL,Petrol,2011,8880
SI,C,PETROL,Petrol,2012,6137
SI,C,PETROL,Petrol,2013,6381
SI,C,PETROL,Petrol,2014,6394
SI,C,PETROL,Petrol,2015,6620
SI,C,PETROL,Petrol,2016,6620
SI,C,PETROL,Petrol,2017,9822
SI,C,PETROL,Petrol,2018,11024
SI,C,PETROL,Petrol,2019,10413
SI,C,PETROL,Petrol,2020,5772
SI,C,PETROL,Petrol,2021,5112
SI,C,PETROL,Petrol,2022,4162
SI,C,PETROL,Petrol,2023,4208
SI,C,PETROL-ELECTRIC,Other,2013,8
SI,C,PETROL-ELECTRIC,Other,2014,5
SI,C,PETROL-ELECTRIC,Other,2015,17
SI,C,PETROL-ELECTRIC,Other,2016,23
SI,C,PETROL/ELECTRIC,Other,2017,60
SI,C,PETROL/ELECTRIC,Other,2018,35
SI,C,PETROL/ELECTRIC,PHEV,2019,26
SI,C,PETROL/ELECTRIC,PHEV,2020,34
SI,C,PETROL/ELECTRIC,PHEV,2021,140
SI,C,PETROL/ELECTRIC,PHEV,2022,161
SI,C,PETROL/ELECTRIC,PHEV,2023,144
SI,D,DIESEL,Diesel,2010,2512
SI,D,DIESEL,Diesel,2011,3415
SI,D,DIESEL,Diesel,2012,3028
SI,D,DIESEL,Diesel,2013,2531
SI,D,DIESEL,Diesel,2014,2620
SI,D,DIESEL,Diesel,2015,2908
SI,D,DIESEL,Diesel,2016,3261
SI,D,DIESEL,Diesel,2017,3113
SI,D,DIESEL,Diesel,2018,2375
SI,D,DIESEL,Diesel,2019,2585
SI,D,DIESEL,Diesel,2020,1764
SI,D,DIESEL,Diesel,2021,1319
SI,D,DIESEL,Diesel,2022,893
SI,D,DIESEL,Diesel,2023,844
SI,D,DIESEL,HEV,2019,5
SI,D,DIESEL,HEV,2020,127
SI,D,DIESEL,HEV,2021,487
SI,D,DIESEL,HEV,2022,227
SI,D,DIESEL,HEV,2023,145
SI,D,E85,Other,2012,1
SI,D,E85,Other,2013,1
SI,D,ELECTRIC,BEV,2019,39
SI,D,ELECTRIC,BEV,2020,83
SI,D,ELECTRIC,BEV,2021,209
SI,D,ELECTRIC,BEV,2022,143
SI,D,ELECTRIC,BEV,2023,432
SI,D,LPG,Other,2014,3
SI,D,LPG,Other,2015,6
SI,D,LPG,Other,2016,2
SI,D,LPG,Other,2017,3
SI,D,NG-BIOMETHANE,Other,2013,3
SI,D,NG-BIOMETHANE,Other,2014,7
SI,D,NG-BIOMETHANE,Other,2019,1
SI,D,NG-BIOMETHANE,Other,2021,2
SI,D,OTHER,Other,2011,1
SI,D,PETROL,HEV,2019,38
SI,D,PETROL,HEV,2020,38
SI,D,PETROL,HEV,2021,70
SI,D,PETROL,HEV,2022,171
SI,D,PETROL,HEV,2023,191
SI,D,PETROL,Petrol,2010,1049
SI,D,PETROL,Petrol,2011,704
SI,D,PETROL,Petrol,2012,353
SI,D,PETROL,Petrol,2013,289
SI,D,PETROL,Petrol,2014,179
SI,D,PETROL,Petrol,2015,198
SI,D,PETROL,Petrol,2016,422
SI,D,PETROL,Petrol,2017,496
SI,D,PETROL,Petrol,2018,696
SI,D,PETROL,Petrol,2019,697
SI,D,PETROL,Petrol,2020,256
SI,D,PETROL,Petrol,2021,470
SI,D,PETROL,Petrol,2022,593
SI,D,PETROL,Petrol,2023,711
SI,D,PETROL-ELECTRIC,Other,2016,4
SI,D,PETROL/ELECTRIC,Other,2017,12
SI,D,PETROL/ELECTRIC,Other,2018,14
SI,D,PETROL/ELECTRIC,PHEV,2019,11
SI,D,PETROL/ELECTRIC,PHEV,2020,31
SI,D,PETROL/ELECTRIC,PHEV,2021,47
SI,D,PETROL/ELECTRIC,PHEV,2022,54
SI,D,PETROL/ELECTRIC,PHEV,2023,43
SI,E,DIESEL,Diesel,2010,587
SI,E,DIESEL,Diesel,2011,791
SI,E,DIESEL,Diesel,2012,824
SI,E,DIESEL,Diesel,2013,655
SI,E,DIESEL,Diesel,2014,538
SI,E,DIESEL,Diesel,2015,545
SI,E,DIESEL,Diesel,2016,1060
SI,E,DIESEL,Diesel,2017,885
SI,E,DIESEL,Diesel,2018,647
SI,E,DIESEL,Diesel,2019,783
SI,E,DIESEL,Diesel,2020,444
SI,E,DIESEL,Diesel,2021,434
SI,E,DIESEL,Diesel,2022,244
SI,E,DIESEL,Diesel,2023,262
SI,E,DIESEL,HEV,2019,102
SI,E,DIESEL,HEV,2020,73
SI,E,DIESEL,HEV,2021,88
SI,E,DIESEL,HEV,2022,95
SI,E,DIESEL,HEV,2023,93
SI,E,ELECTRIC,BEV,2021,2
SI,E,ELECTRIC,BEV,2022,54
SI,E,ELECTRIC,BEV,2023,135
SI,E,LPG,Other,2010,3
SI,E,NG-BIOMETHANE,Other,2014,2
SI,E,OTHER,Other,2011,1
SI,E,PETROL,HEV,2019,58
SI,E,PETROL,HEV,2020,35
SI,E,PETROL,HEV,2021,30
SI,E,PETROL,HEV,2022,37
SI,E,PETROL,HEV,2023,66
SI,E,PETROL,Petrol,2010,130
SI,E,PETROL,Petrol,2011,172
SI,E,PETROL,Petrol,2012,98
SI,E,PETROL,Petrol,2013,73
SI,E,PETROL,Petrol,2014,87
SI,E,PETROL,Petrol,2015,51
SI,E,PETROL,Petrol,2016,132
SI,E,PETROL,Petrol,2017,131
SI,E,PETROL,Petrol,2018,219
SI,E,PETROL,Petrol,2019,160
SI,E,PETROL,Petrol,2020,129
SI,E,PETROL,Petrol,2021,235
SI,E,PETROL,Petrol,2022,84
SI,E,PETROL,Petrol,2023,175
SI,E,PETROL/ELECTRIC,Other,2017,2
SI,E,PETROL/ELECTRIC,Other,2018,14
SI,E,PETROL/ELECTRIC,PHEV,2019,13
SI,E,PETROL/ELECTRIC,PHEV,2020,6
SI,E,PETROL/ELECTRIC,PHEV,2021,18
SI,E,PETROL/ELECTRIC,PHEV,2022,13
SI,E,PETROL/ELECTRIC,PHEV,2023,11
SI,F,DIESEL,Diesel,2010,1681
SI,F,DIESEL,Diesel,2011,1225
SI,F,DIESEL,Diesel,2012,1129
SI,F,DIESEL,Diesel,2013,996
SI,F,DIESEL,Diesel,2014,742
SI,F,DIESEL,Diesel,2015,561
SI,F,DIESEL,Diesel,2016,404
SI,F,DIESEL,Diesel,2017,293
SI,F,DIESEL,Diesel,2018,182
SI,F,DIESEL,Diesel,2019,126
SI,F,DIESEL,Diesel,2020,253
SI,F,DIESEL,Diesel,2021,105
SI,F,DIESEL,Diesel,2022,144
SI,F,DIESEL,Diesel,2023,85
SI,F,DIESEL,HEV,2019,22
SI,F,DIESEL,HEV,2020,37
SI,F,DIESEL,HEV,2021,13
SI,F,DIESEL,HEV,2022,21
SI,F,DIESEL,HEV,2023,3
SI,F,DIESEL-ELECTRIC,Other,2015,1
SI,F,ELECTRIC,BEV,2014,13
SI,F,ELECTRIC,BEV,2015,3
SI,F,ELECTRIC,BEV,2016,5
SI,F,ELECTRIC,BEV,2017,5
SI,F,ELECTRIC,BEV,2018,5
SI,F,ELECTRIC,BEV,2019,2
SI,F,ELECTRIC,BEV,2020,18
SI,F,ELECTRIC,BEV,2021,24
SI,F,ELECTRIC,BEV,2022,62
SI,F,ELECTRIC,BEV,2023,75
SI,F,ELECTRIC,Other,2013,5
SI,F,PETROL,HEV,2019,7
SI,F,PETROL,HEV,2020,3
SI,F,PETROL,HEV,2021,2
SI,F,PETROL,HEV,2022,77
SI,F,PETROL,HEV,2023,280
SI,F,PETROL,Petrol,2010,3125
SI,F,PETROL,Petrol,2011,2490
SI,F,PETROL,Petrol,2012,2051
SI,F,PETROL,Petrol,2013,1223
SI,F,PETROL,Petrol,2014,790
SI,F,PETROL,Petrol,2015,445
SI,F,PETROL,Petrol,2016,415
SI,F,PETROL,Petrol,2017,273
SI,F,PETROL,Petrol,2018,264
SI,F,PETROL,Petrol,2019,148
SI,F,PETROL,Petrol,2020,185
SI,F,PETROL,Petrol,2021,360
SI,F,PETROL,Petrol,2022,798
SI,F,PETROL,Petrol,2023,554
SI,F,PETROL-ELECTRIC,Other,2013,5
SI,F,PETROL-ELECTRIC,Other,2014,1
SI,F,PETROL-ELECTRIC,Other,2015,4
SI,F,PETROL-ELECTRIC,Other,2016,7
SI,F,PETROL/ELECTRIC,Other,2017,1
SI,F,PETROL/ELECTRIC,PHEV,2019,3
SI,F,PETROL/ELECTRIC,PHEV,2020,4
SI,F,PETROL/ELECTRIC,PHEV,2021,13
SI,F,PETROL/ELECTRIC,PHEV,2022,19
SI,F,PETROL/ELECTRIC,PHEV,2023,26
SI,JA,DIESEL,Diesel,2010,1045
SI,JA,DIESEL,Diesel,2011,961
SI,JA,DIESEL,Diesel,2012,929
SI,JA,DIESEL,Diesel,2013,615
SI,JA,DIESEL,Diesel,2014,633
SI,JA,DIESEL,Diesel,2015,604
SI,JA,DIESEL,Diesel,2016,550
SI,JA,DIESEL,Diesel,2017,774
SI,JA,DIESEL,Diesel,2018,771
SI,JA,DIESEL,Diesel,2019,802
SI,JA,DIESEL,Diesel,2020,738
SI,JA,DIESEL,Diesel,2021,407
SI,JA,DIESEL,Diesel,2022,248
SI,JA,DIESEL,Diesel,2023,59
SI,JA,ELECTRIC,BEV,2022,14
SI,JA,ELECTRIC,BEV,2023,40
SI,JA,NG,Other,2022,5
SI,JA,NG-BIOMETHANE,Other,2020,2
SI,JA,NG-BIOMETHANE,Other,2021,8
SI,JA,PETROL,HEV,2020,64
SI,JA,PETROL,HEV,2021,220
SI,JA,PETROL,HEV,2022,386
SI,JA,PETROL,HEV,2023,365
SI,JA,PETROL,Petrol,2010,270
SI,JA,PETROL,Petrol,2011,170
SI,JA,PETROL,Petrol,2012,21
SI,JA,PETROL,Petrol,2013,5
SI,JA,PETROL,Petrol,2014,3
SI,JA,PETROL,Petrol,2016,18
SI,JA,PETROL,Petrol,2017,220
SI,JA,PETROL,Petrol,2018,412
SI,JA,PETROL,Petrol,2019,868
SI,JA,PETROL,Petrol,2020,1396
SI,JA,PETROL,Petrol,2021,1883
SI,JA,PETROL,Petrol,2022,937
SI,JA,PETROL,Petrol,2023,1298
SI,JB,DIESEL,Diesel,2010,173
SI,JB,DIESEL,Diesel,2011,371
SI,JB,DIESEL,Diesel,2012,742
SI,JB,DIESEL,Diesel,2013,1543
SI,JB,DIESEL,Diesel,2014,3353
SI,JB,DIESEL,Diesel,2015,3450
SI,JB,DIESEL,Diesel,2016,2999
SI,JB,DIESEL,Diesel,2017,2633
SI,JB,DIESEL,Diesel,2018,1529
SI,JB,DIESEL,Diesel,2019,1710
SI,JB,DIESEL,Diesel,2020,2442
SI,JB,DIESEL,Diesel,2021,1817
SI,JB,DIESEL,Diesel,2022,938
SI,JB,DIESEL,Diesel,2023,984
SI,JB,ELECTRIC,BEV,2016,1
SI,JB,ELECTRIC,BEV,2017,25
SI,JB,ELECTRIC,BEV,2018,45
SI,JB,ELECTRIC,BEV,2019,183
SI,JB,ELECTRIC,BEV,2020,165
SI,JB,ELECTRIC,BEV,2021,173
SI,JB,ELECTRIC,BEV,2022,268
SI,JB,ELECTRIC,BEV,2023,224
SI,JB,ELECTRIC,Other,2011,6
SI,JB,ELECTRIC,Other,2012,11
SI,JB,LPG,Other,2014,14
SI,JB,LPG,Other,2015,23
SI,JB,LPG,Other,2016,19
SI,JB,LPG,Other,2017,11
SI,JB,LPG,Other,2018,14
SI,JB,LPG,Other,2019,4
SI,JB,LPG,Other,2020,73
SI,JB,LPG,Other,2021,189
SI,JB,LPG,Other,2022,175
SI,JB,LPG,Other,2023,90
SI,JB,NG-BIOMETHANE,Other,2021,1
SI,JB,PETROL,HEV,2019,51
SI,JB,PETROL,HEV,2020,314
SI,JB,PETROL,HEV,2021,1077
SI,JB,PETROL,HEV,2022,1672
SI,JB,PETROL,HEV,2023,1868
SI,JB,PETROL,Petrol,2010,276
SI,JB,PETROL,Petrol,2011,629
SI,JB,PETROL,Petrol,2012,568
SI,JB,PETROL,Petrol,2013,1099
SI,JB,PETROL,Petrol,2014,1731
SI,JB,PETROL,Petrol,2015,2703
SI,JB,PETROL,Petrol,2016,3161
SI,JB,PETROL,Petrol,2017,4318
SI,JB,PETROL,Petrol,2018,7226
SI,JB,PETROL,Petrol,2019,9731
SI,JB,PETROL,Petrol,2020,7522
SI,JB,PETROL,Petrol,2021,8451
SI,JB,PETROL,Petrol,2022,6955
SI,JB,PETROL,Petrol,2023,6579
SI,JB,PETROL/ELECTRIC,Other,2018,25
SI,JB,PETROL/ELECTRIC,PHEV,2019,16
SI,JB,PETROL/ELECTRIC,PHEV,2020,41
SI,JB,PETROL/ELECTRIC,PHEV,2021,46
SI,JB,PETROL/ELECTRIC,PHEV,2022,17
SI,JB,PETROL/ELECTRIC,PHEV,2023,13
SI,JC,DIESEL,Diesel,2010,2263
SI,JC,DIESEL,Diesel,2011,2706
SI,JC,DIESEL,Diesel,2012,2568
SI,JC,DIESEL,Diesel,2013,2703
SI,JC,DIESEL,Diesel,2014,2874
SI,JC,DIESEL,Diesel,2015,2787
SI,JC,DIESEL,Diesel,2016,3492
SI,JC,DIESEL,Diesel,2017,3935
SI,JC,DIESEL,Diesel,2018,4386
SI,JC,DIESEL,Diesel,2019,5463
SI,JC,DIESEL,Diesel,2020,4041
SI,JC,DIESEL,Diesel,2021,2735
SI,JC,DIESEL,Diesel,2022,1905
SI,JC,DIESEL,Diesel,2023,1533
SI,JC,DIESEL,HEV,2019,37
SI,JC,DIESEL,HEV,2020,130
SI,JC,DIESEL,HEV,2021,441
SI,JC,DIESEL,HEV,2022,345
SI,JC,DIESEL,HEV,2023,347
SI,JC,ELECTRIC,BEV,2020,41
SI,JC,ELECTRIC,BEV,2021,478
SI,JC,ELECTRIC,BEV,2022,668
SI,JC,ELECTRIC,BEV,2023,1014
SI,JC,PETROL,HEV,2019,339
SI,JC,PETROL,HEV,2020,347
SI,JC,PETROL,HEV,2021,724
SI,JC,PETROL,HEV,2022,1624
SI,JC,PETROL,HEV,2023,2569
SI,JC,PETROL,Petrol,2010,756
SI,JC,PETROL,Petrol,2011,620
SI,JC,PETROL,Petrol,2012,695
SI,JC,PETROL,Petrol,2013,667
SI,JC,PETROL,Petrol,2014,732
SI,JC,PETROL,Petrol,2015,1107
SI,JC,PETROL,Petrol,2016,1383
SI,JC,PETROL,Petrol,2017,2570
SI,JC,PETROL,Petrol,2018,4532
SI,JC,PETROL,Petrol,2019,5602
SI,JC,PETROL,Petrol,2020,4034
SI,JC,PETROL,Petrol,2021,4282
SI,JC,PETROL,Petrol,2022,4156
SI,JC,PETROL,Petrol,2023,3847
SI,JC,PETROL/ELECTRIC,Other,2018,5
SI,JC,PETROL/ELECTRIC,PHEV,2019,10
SI,JC,PETROL/ELECTRIC,PHEV,2020,21
SI,JC,PETROL/ELECTRIC,PHEV,2021,113
SI,JC,PETROL/ELECTRIC,PHEV,2022,172
SI,JC,PETROL/ELECTRIC,PHEV,2023,145
SI,JC,UNKNOWN,Other,2021,1
SI,JD,DIESEL,Diesel,2010,852
SI,JD,DIESEL,Diesel,2011,831
SI,JD,DIESEL,Diesel,2012,709
SI,JD,DIESEL,Diesel,2013,643
SI,JD,DIESEL,Diesel,2014,572
SI,JD,DIESEL,Diesel,2015,629
SI,JD,DIESEL,Diesel,2016,636
SI,JD,DIESEL,Diesel,2017,675
SI,JD,DIESEL,Diesel,2018,647
SI,JD,DIESEL,Diesel,2019,826
SI,JD,DIESEL,Diesel,2020,507
SI,JD,DIESEL,Diesel,2021,411
SI,JD,DIESEL,Diesel,2022,258
SI,JD,DIESEL,Diesel,2023,232
SI,JD,DIESEL,HEV,2019,21
SI,JD,DIESEL,HEV,2020,117
SI,JD,DIESEL,HEV,2021,289
SI,JD,DIESEL,HEV,2022,311
SI,JD,DIESEL,HEV,2023,411
SI,JD,DIESEL/ELECTRIC,Other,2017,1
SI,JD,DIESEL/ELECTRIC,PHEV,2021,3
SI,JD,DIESEL/ELECTRIC,PHEV,2023,2
SI,JD,ELECTRIC,BEV,2021,41
SI,JD,ELECTRIC,BEV,2022,254
SI,JD,ELECTRIC,BEV,2023,1010
SI,JD,PETROL,HEV,2019,345
SI,JD,PETROL,HEV,2020,213
SI,JD,PETROL,HEV,2021,261
SI,JD,PETROL,HEV,2022,249
SI,JD,PETROL,HEV,2023,370
SI,JD,PETROL,Petrol,2010,222
SI,JD,PETROL,Petrol,2011,113
SI,JD,PETROL,Petrol,2012,139
SI,JD,PETROL,Petrol,2013,148
SI,JD,PETROL,Petrol,2014,141
SI,JD,PETROL,Petrol,2015,152
SI,JD,PETROL,Petrol,2016,92
SI,JD,PETROL,Petrol,2017,216
SI,JD,PETROL,Petrol,2018,244
SI,JD,PETROL,Petrol,2019,184
SI,JD,PETROL,Petrol,2020,121
SI,JD,PETROL,Petrol,2021,243
SI,JD,PETROL,Petrol,2022,197
SI,JD,PETROL,Petrol,2023,246
SI,JD,PETROL-ELECTRIC,Other,2014,2
SI,JD,PETROL-ELECTRIC,Other,2015,3
SI,JD,PETROL-ELECTRIC,Other,2016,7
SI,JD,PETROL/ELECTRIC,Other,2017,2
SI,JD,PETROL/ELECTRIC,Other,2018,15
SI,JD,PETROL/ELECTRIC,PHEV,2019,30
SI,JD,PETROL/ELECTRIC,PHEV,2020,46
SI,JD,PETROL/ELECTRIC,PHEV,2021,38
SI,JD,PETROL/ELECTRIC,PHEV,2022,100
SI,JD,PETROL/ELECTRIC,PHEV,2023,143
SI,JE,DIESEL,Diesel,2010,132
SI,JE,DIESEL,Diesel,2011,122
SI,JE,DIESEL,Diesel,2012,133
SI,JE,DIESEL,Diesel,2013,71
SI,JE,DIESEL,Diesel,2014,110
SI,JE,DIESEL,Diesel,2015,216
SI,JE,DIESEL,Diesel,2016,213
SI,JE,DIESEL,Diesel,2017,274
SI,JE,DIESEL,Diesel,2018,140
SI,JE,DIESEL,Diesel,2019,118
SI,JE,DIESEL,Diesel,2020,145
SI,JE,DIESEL,Diesel,2021,61
SI,JE,DIESEL,Diesel,2022,36
SI,JE,DIESEL,Diesel,2023,41
SI,JE,DIESEL,HEV,2019,81
SI,JE,DIESEL,HEV,2020,51
SI,JE,DIESEL,HEV,2021,147
SI,JE,DIESEL,HEV,2022,145
SI,JE,DIESEL,HEV,2023,204
SI,JE,DIESEL/ELECTRIC,PHEV,2020,6
SI,JE,DIESEL/ELECTRIC,PHEV,2021,8
SI,JE,DIESEL/ELECTRIC,PHEV,2022,2
SI,JE,DIESEL/ELECTRIC,PHEV,2023,4
SI,JE,ELECTRIC,BEV,2017,4
SI,JE,ELECTRIC,BEV,2018,2
SI,JE,ELECTRIC,BEV,2020,5
SI,JE,ELECTRIC,BEV,2021,4
SI,JE,ELECTRIC,BEV,2022,43
SI,JE,ELECTRIC,BEV,2023,93
SI,JE,PETROL,HEV,2019,15
SI,JE,PETROL,HEV,2020,7
SI,JE,PETROL,HEV,2021,66
SI,JE,PETROL,HEV,2022,98
SI,JE,PETROL,HEV,2023,75
SI,JE,PETROL,Petrol,2010,21
SI,JE,PETROL,Petrol,2011,26
SI,JE,PETROL,Petrol,2012,12
SI,JE,PETROL,Petrol,2013,5
SI,JE,PETROL,Petrol,2014,9
SI,JE,PETROL,Petrol,2015,9
SI,JE,PETROL,Petrol,2016,21
SI,JE,PETROL,Petrol,2017,32
SI,JE,PETROL,Petrol,2018,44
SI,JE,PETROL,Petrol,2019,20
SI,JE,PETROL,Petrol,2020,11
SI,JE,PETROL,Petrol,2021,25
SI,JE,PETROL,Petrol,2022,50
SI,JE,PETROL,Petrol,2023,45
SI,JE,PETROL PHEV,Other,2015,2
SI,JE,PETROL-ELECTRIC,Other,2016,4
SI,JE,PETROL/ELECTRIC,Other,2017,61
SI,JE,PETROL/ELECTRIC,Other,2018,23
SI,JE,PETROL/ELECTRIC,PHEV,2019,12
SI,JE,PETROL/ELECTRIC,PHEV,2020,37
SI,JE,PETROL/ELECTRIC,PHEV,2021,52
SI,JE,PETROL/ELECTRIC,PHEV,2022,53
SI,JE,PETROL/ELECTRIC,PHEV,2023,73
SI,JF,DIESEL,Diesel,2010,90
SI,JF,DIESEL,Diesel,2011,59
SI,JF,DIESEL,Diesel,2012,117
SI,JF,DIESEL,Diesel,2013,64
SI,JF,DIESEL,Diesel,2014,53
SI,JF,DIESEL,Diesel,2015,30
SI,JF,DIESEL,Diesel,2016,57
SI,JF,DIESEL,Diesel,2017,46
SI,JF,DIESEL,Diesel,2018,54
SI,JF,DIESEL,Diesel,2019,64
SI,JF,DIESEL,Diesel,2020,20
SI,JF,DIESEL,Diesel,2021,34
SI,JF,DIESEL,Diesel,2022,22
SI,JF,DIESEL,Diesel,2023,18
SI,JF,DIESEL,HEV,2019,89
SI,JF,DIESEL,HEV,2020,184
SI,JF,DIESEL,HEV,2021,19
SI,JF,DIESEL,HEV,2022,45
SI,JF,DIESEL,HEV,2023,30
SI,JF,ELECTRIC,BEV,2019,19
SI,JF,ELECTRIC,BEV,2020,25
SI,JF,ELECTRIC,BEV,2021,26
SI,JF,ELECTRIC,BEV,2022,37
SI,JF,ELECTRIC,BEV,2023,8
SI,JF,PETROL,HEV,2019,10
SI,JF,PETROL,HEV,2020,5
SI,JF,PETROL,HEV,2021,1
SI,JF,PETROL,HEV,2022,1
SI,JF,PETROL,HEV,2023,12
SI,JF,PETROL,Petrol,2011,3
SI,JF,PETROL,Petrol,2012,8
SI,JF,PETROL,Petrol,2013,1
SI,JF,PETROL,Petrol,2014,3
SI,JF,PETROL,Petrol,2015,1
SI,JF,PETROL,Petrol,2017,5
SI,JF,PETROL,Petrol,2018,3
SI,JF,PETROL,Petrol,2019,5
SI,JF,PETROL,Petrol,2020,2
SI,JF,PETROL,Petrol,2021,2
SI,JF,PETROL,Petrol,2022,5
SI,JF,PETROL,Petrol,2023,7
SI,JF,PETROL/ELECTRIC,PHEV,2019,1
SI,JF,PETROL/ELECTRIC,PHEV,2020,3
SI,JF,PETROL/ELECTRIC,PHEV,2021,1
SI,JF,PETROL/ELECTRIC,PHEV,2022,2
SI,JF,PETROL/ELECTRIC,PHEV,2023,8
SI,V,DIESEL,Diesel,2010,1091
SI,V,DIESEL,Diesel,2011,1680
SI,V,DIESEL,Diesel,2012,1496
SI,V,DIESEL,Diesel,2013,1527
SI,V,DIESEL,Diesel,2014,1491
SI,V,DIESEL,Diesel,2015,1471
SI,V,DIESEL,Diesel,2016,2094
SI,V,DIESEL,Diesel,2017,2241
SI,V,DIESEL,Diesel,2018,1878
SI,V,DIESEL,Diesel,2019,2575
SI,V,DIESEL,Diesel,2020,1907
SI,V,DIESEL,Diesel,2021,1355
SI,V,DIESEL,Diesel,2022,1064
SI,V,DIESEL,Diesel,2023,1172
SI,V,DIESEL,HEV,2020,25
SI,V,DIESEL,HEV,2021,66
SI,V,DIESEL,HEV,2022,14
SI,V,DIESEL,HEV,2023,1
SI,V,ELECTRIC,BEV,2021,14
SI,V,ELECTRIC,BEV,2022,27
SI,V,ELECTRIC,BEV,2023,122
SI,V,NG,Other,2018,6
SI,V,NG,Other,2019,6
SI,V,NG,Other,2020,11
SI,V,NG-BIOMETHANE,Other,2012,5
SI,V,NG-BIOMETHANE,Other,2013,8
SI,V,NG-BIOMETHANE,Other,2014,15
SI,V,NG-BIOMETHANE,Other,2015,6
SI,V,NG-BIOMETHANE,Other,2016,2
SI,V,NG-BIOMETHANE,Other,2017,18
SI,V,PETROL,HEV,2022,27
SI,V,PETROL,HEV,2023,20
SI,V,PETROL,Petrol,2010,30
SI,V,PETROL,Petrol,2011,68
SI,V,PETROL,Petrol,2012,17
SI,V,PETROL,Petrol,2013,27
SI,V,PETROL,Petrol,2014,35
SI,V,PETROL,Petrol,2015,27
SI,V,PETROL,Petrol,2016,131
SI,V,PETROL,Petrol,2017,362
SI,V,PETROL,Petrol,2018,615
SI,V,PETROL,Petrol,2019,659
SI,V,PETROL,Petrol,2020,315
SI,V,PETROL,Petrol,2021,134
SI,V,PETROL,Petrol,2022,233
SI,V,PETROL,Petrol,2023,169
SI,V,PETROL/ELECTRIC,PHEV,2022,42
SI,V,PETROL/ELECTRIC,PHEV,2023,34
SK,,DIESEL,Diesel,2010,2980
SK,,DIESEL,Diesel,2011,2420
SK,,DIESEL,Diesel,2012,2736
SK,,DIESEL,Diesel,2013,2025
SK,,DIESEL,Diesel,2014,1585
SK,,DIESEL,Diesel,2015,1752
SK,,DIESEL,Diesel,2016,1379
SK,,DIESEL,Diesel,2017,1220
SK,,DIESEL,Diesel,2018,469
SK,,DIESEL,Diesel,2019,476
SK,,DIESEL,Diesel,2020,518
SK,,DIESEL,Diesel,2021,363
SK,,DIESEL,Diesel,2022,300
SK,,DIESEL,Diesel,2023,583
SK,,DIESEL,HEV,2020,2
SK,,DIESEL,HEV,2021,6
SK,,DIESEL,HEV,2022,6
SK,,DIESEL,HEV,2023,7
SK,,DIESEL,Other,2018,403
SK,,E85,Other,2011,3
SK,,E85,Other,2012,1
SK,,ELECTRIC,BEV,2015,1
SK,,ELECTRIC,BEV,2016,2
SK,,ELECTRIC,BEV,2017,2
SK,,ELECTRIC,BEV,2018,1
SK,,ELECTRIC,BEV,2020,10
SK,,ELECTRIC,BEV,2021,13
SK,,ELECTRIC,BEV,2022,41
SK,,ELECTRIC,BEV,2023,138
SK,,ELECTRIC,Other,2011,8
SK,,ELECTRIC,Other,2012,1
SK,,ELECTRIC,Other,2013,1
SK,,ELECTRIC,Other,2018,1
SK,,LPG,Other,2010,14
SK,,LPG,Other,2011,19
SK,,LPG,Other,2012,14
SK,,LPG,Other,2013,58
SK,,LPG,Other,2014,80
SK,,LPG,Other,2015,89
SK,,LPG,Other,2016,10
SK,,LPG,Other,2017,99
SK,,LPG,Other,2018,129
SK,,LPG,Other,2019,63
SK,,LPG,Other,2020,1
SK,,LPG,Other,2023,3
SK,,NG-BIOMETHANE,Other,2012,7
SK,,NG-BIOMETHANE,Other,2013,4
SK,,NG-BIOMETHANE,Other,2016,1
SK,,NG-BIOMETHANE,Other,2017,4
SK,,NG-BIOMETHANE,Other,2019,4
SK,,PETROL,HEV,2019,1
SK,,PETROL,HEV,2020,10
SK,,PETROL,HEV,2021,128
SK,,PETROL,HEV,2022,201
SK,,PETROL,HEV,2023,312
SK,,PETROL,Other,2018,6
SK,,PETROL,Petrol,2010,5077
SK,,PETROL,Petrol,2011,4123
SK,,PETROL,Petrol,2012,2704
SK,,PETROL,Petrol,2013,2251
SK,,PETROL,Petrol,2014,1879
SK,,PETROL,Petrol,2015,1347
SK,,PETROL,Petrol,2016,773
SK,,PETROL,Petrol,2017,655
SK,,PETROL,Petrol,2018,719
SK,,PETROL,Petrol,2019,696
SK,,PETROL,Petrol,2020,407
SK,,PETROL,Petrol,2021,67
SK,,PETROL,Petrol,2022,86
SK,,PETROL,Petrol,2023,92
SK,,PETROL-ELECTRIC,Other,2012,5
SK,,PETROL-ELECTRIC,Other,2016,3
SK,,PETROL/ELECTRIC,Other,2017,7
SK,,PETROL/ELECTRIC,PHEV,2019,8
SK,,PETROL/ELECTRIC,PHEV,2020,4
SK,,PETROL/ELECTRIC,PHEV,2021,36
SK,,PETROL/ELECTRIC,PHEV,2022,41
SK,,PETROL/ELECTRIC,PHEV,2023,129
SK,,UNKNOWN,Other,2021,3
SK,,UNKNOWN,Other,2022,1
SK,A,DIESEL,Diesel,2010,152
SK,A,DIESEL,Diesel,2011,88
SK,A,DIESEL,Diesel,2012,108
SK,A,DIESEL,Diesel,2013,96
SK,A,DIESEL,Diesel,2014,81
SK,A,DIESEL,Diesel,2015,165
SK,A,DIESEL,Diesel,2016,95
SK,A,DIESEL,Diesel,2017,42
SK,A,DIESEL,Diesel,2018,109
SK,A,DIESEL,Diesel,2019,38
SK,A,DIESEL,Diesel,2020,8
SK,A,DIESEL,Diesel,2021,2
SK,A,DIESEL,Diesel,2022,2
SK,A,DIESEL,Diesel,2023,13
SK,A,ELECTRIC,BEV,2015,14
SK,A,ELECTRIC,BEV,2016,15
SK,A,ELECTRIC,BEV,2017,74
SK,A,ELECTRIC,BEV,2018,31
SK,A,ELECTRIC,BEV,2019,29
SK,A,ELECTRIC,BEV,2020,408
SK,A,ELECTRIC,BEV,2021,167
SK,A,ELECTRIC,BEV,2022,75
SK,A,ELECTRIC,BEV,2023,171
SK,A,ELECTRIC,Other,2014,22
SK,A,ELECTRIC,Other,2018,48
SK,A,LPG,Other,2011,6
SK,A,LPG,Other,2012,8
SK,A,LPG,Other,2013,26
SK,A,LPG,Other,2014,19
SK,A,LPG,Other,2015,40
SK,A,LPG,Other,2016,11
SK,A,LPG,Other,2017,5
SK,A,LPG,Other,2018,15
SK,A,LPG,Other,2019,17
SK,A,LPG,Other,2020,18
SK,A,LPG,Other,2021,6
SK,A,LPG,Other,2022,7
SK,A,LPG,Other,2023,8
SK,A,NG,Other,2018,13
SK,A,NG,Other,2020,135
SK,A,NG,Other,2021,92
SK,A,NG,Other,2022,67
SK,A,NG,Other,2023,72
SK,A,NG-BIOMETHANE,Other,2013,8
SK,A,NG-BIOMETHANE,Other,2014,8
SK,A,NG-BIOMETHANE,Other,2015,7
SK,A,NG-BIOMETHANE,Other,2016,28
SK,A,NG-BIOMETHANE,Other,2017,7
SK,A,NG-BIOMETHANE,Other,2019,21
SK,A,PETROL,HEV,2020,61
SK,A,PETROL,HEV,2021,173
SK,A,PETROL,HEV,2022,343
SK,A,PETROL,HEV,2023,440
SK,A,PETROL,Other,2018,1
SK,A,PETROL,Petrol,2010,2203
SK,A,PETROL,Petrol,2011,1775
SK,A,PETROL,Petrol,2012,2277
SK,A,PETROL,Petrol,2013,1687
SK,A,PETROL,Petrol,2014,1765
SK,A,PETROL,Petrol,2015,1778
SK,A,PETROL,Petrol,2016,1941
SK,A,PETROL,Petrol,2017,1807
SK,A,PETROL,Petrol,2018,1500
SK,A,PETROL,Petrol,2019,1085
SK,A,PETROL,Petrol,2020,748
SK,A,PETROL,Petrol,2021,873
SK,A,PETROL,Petrol,2022,850
SK,A,PETROL,Petrol,2023,832
SK,A,PETROL-ELECTRIC,Other,2015,3
SK,A,PETROL/ELECTRIC,PHEV,2020,1
SK,A,PETROL/ELECTRIC,PHEV,2021,1
SK,A,PETROL/ELECTRIC,PHEV,2023,3
SK,B,DIESEL,Diesel,2010,2679
SK,B,DIESEL,Diesel,2011,2882
SK,B,DIESEL,Diesel,2012,2892
SK,B,DIESEL,Diesel,2013,2450
SK,B,DIESEL,Diesel,2014,2431
SK,B,DIESEL,Diesel,2015,2377
SK,B,DIESEL,Diesel,2016,1954
SK,B,DIESEL,Diesel,2017,1638
SK,B,DIESEL,Diesel,2018,640
SK,B,DIESEL,Diesel,2019,460
SK,B,DIESEL,Diesel,2020,236
SK,B,DIESEL,Diesel,2021,120
SK,B,DIESEL,Diesel,2022,85
SK,B,DIESEL,Diesel,2023,69
SK,B,DIESEL,HEV,2020,39
SK,B,DIESEL,HEV,2021,43
SK,B,DIESEL,HEV,2022,56
SK,B,DIESEL,HEV,2023,73
SK,B,DIESEL,Other,2018,224
SK,B,ELECTRIC,BEV,2015,10
SK,B,ELECTRIC,BEV,2016,16
SK,B,ELECTRIC,BEV,2017,29
SK,B,ELECTRIC,BEV,2019,15
SK,B,ELECTRIC,BEV,2020,60
SK,B,ELECTRIC,BEV,2021,62
SK,B,ELECTRIC,BEV,2022,41
SK,B,ELECTRIC,BEV,2023,50
SK,B,ELECTRIC,Other,2014,1
SK,B,ELECTRIC,Other,2018,19
SK,B,LPG,Other,2010,30
SK,B,LPG,Other,2011,46
SK,B,LPG,Other,2012,122
SK,B,LPG,Other,2013,294
SK,B,LPG,Other,2014,487
SK,B,LPG,Other,2015,262
SK,B,LPG,Other,2016,221
SK,B,LPG,Other,2017,167
SK,B,LPG,Other,2018,142
SK,B,LPG,Other,2019,76
SK,B,LPG,Other,2020,127
SK,B,LPG,Other,2021,374
SK,B,LPG,Other,2022,475
SK,B,LPG,Other,2023,531
SK,B,NG,Other,2018,1
SK,B,NG,Other,2020,46
SK,B,NG,Other,2021,56
SK,B,NG,Other,2022,9
SK,B,NG,Other,2023,2
SK,B,NG-BIOMETHANE,Other,2010,67
SK,B,NG-BIOMETHANE,Other,2011,7
SK,B,NG-BIOMETHANE,Other,2012,19
SK,B,NG-BIOMETHANE,Other,2013,3
SK,B,NG-BIOMETHANE,Other,2014,1
SK,B,NG-BIOMETHANE,Other,2017,4
SK,B,NG-BIOMETHANE,Other,2019,4
SK,B,NG-BIOMETHANE,Other,2020,1
SK,B,PETROL,HEV,2019,43
SK,B,PETROL,HEV,2020,28
SK,B,PETROL,HEV,2021,552
SK,B,PETROL,HEV,2022,706
SK,B,PETROL,HEV,2023,935
SK,B,PETROL,Other,2018,6
SK,B,PETROL,Petrol,2010,14220
SK,B,PETROL,Petrol,2011,14071
SK,B,PETROL,Petrol,2012,13974
SK,B,PETROL,Petrol,2013,11719
SK,B,PETROL,Petrol,2014,13091
SK,B,PETROL,Petrol,2015,14585
SK,B,PETROL,Petrol,2016,16443
SK,B,PETROL,Petrol,2017,17062
SK,B,PETROL,Petrol,2018,17538
SK,B,PETROL,Petrol,2019,18428
SK,B,PETROL,Petrol,2020,15804
SK,B,PETROL,Petrol,2021,12097
SK,B,PETROL,Petrol,2022,10394
SK,B,PETROL,Petrol,2023,9418
SK,B,PETROL-ELECTRIC,Other,2016,8
SK,B,PETROL/ELECTRIC,Other,2017,16
SK,B,PETROL/ELECTRIC,Other,2018,7
SK,B,PETROL/ELECTRIC,PHEV,2019,16
SK,B,PETROL/ELECTRIC,PHEV,2020,9
SK,B,PETROL/ELECTRIC,PHEV,2021,3
SK,B,PETROL/ELECTRIC,PHEV,2022,4
SK,B,PETROL/ELECTRIC,PHEV,2023,10
SK,B,UNKNOWN,Other,2019,1
SK,C,CNG,Other,2020,8
SK,C,DIESEL,Diesel,2010,9640
SK,C,DIESEL,Diesel,2011,11675
SK,C,DIESEL,Diesel,2012,12188
SK,C,DIESEL,Diesel,2013,11811
SK,C,DIESEL,Diesel,2014,14195
SK,C,DIESEL,Diesel,2015,12971
SK,C,DIESEL,Diesel,2016,13008
SK,C,DIESEL,Diesel,2017,12171
SK,C,DIESEL,Diesel,2018,6788
SK,C,DIESEL,Diesel,2019,7278
SK,C,DIESEL,Diesel,2020,5635
SK,C,DIESEL,Diesel,2021,4609
SK,C,DIESEL,Diesel,2022,3035
SK,C,DIESEL,Diesel,2023,4447
SK,C,DIESEL,HEV,2020,42
SK,C,DIESEL,HEV,2021,381
SK,C,DIESEL,HEV,2022,268
SK,C,DIESEL,HEV,2023,647
SK,C,DIESEL,Other,2018,1522
SK,C,DIESEL-ELECTRIC,Other,2014,1
SK,C,DIESEL/ELECTRIC,PHEV,2019,14
SK,C,DIESEL/ELECTRIC,PHEV,2020,16
SK,C,DIESEL/ELECTRIC,PHEV,2021,7
SK,C,DIESEL/ELECTRIC,PHEV,2022,5
SK,C,DIESEL/ELECTRIC,PHEV,2023,9
SK,C,E85,Other,2011,48
SK,C,E85,Other,2012,36
SK,C,E85,Other,2013,9
SK,C,ELECTRIC,BEV,2015,27
SK,C,ELECTRIC,BEV,2016,26
SK,C,ELECTRIC,BEV,2017,77
SK,C,ELECTRIC,BEV,2018,3
SK,C,ELECTRIC,BEV,2019,70
SK,C,ELECTRIC,BEV,2020,146
SK,C,ELECTRIC,BEV,2021,147
SK,C,ELECTRIC,BEV,2022,268
SK,C,ELECTRIC,BEV,2023,357
SK,C,ELECTRIC,Other,2013,5
SK,C,ELECTRIC,Other,2014,26
SK,C,ELECTRIC,Other,2018,163
SK,C,LPG,Other,2010,121
SK,C,LPG,Other,2011,183
SK,C,LPG,Other,2012,249
SK,C,LPG,Other,2013,174
SK,C,LPG,Other,2014,471
SK,C,LPG,Other,2015,428
SK,C,LPG,Other,2016,149
SK,C,LPG,Other,2017,204
SK,C,LPG,Other,2018,142
SK,C,LPG,Other,2019,40
SK,C,LPG,Other,2020,88
SK,C,LPG,Other,2021,52
SK,C,LPG,Other,2022,364
SK,C,LPG,Other,2023,625
SK,C,NG,Other,2018,162
SK,C,NG,Other,2020,48
SK,C,NG,Other,2021,75
SK,C,NG,Other,2022,206
SK,C,NG,Other,2023,28
SK,C,NG-BIOMETHANE,Other,2010,32
SK,C,NG-BIOMETHANE,Other,2011,9
SK,C,NG-BIOMETHANE,Other,2012,14
SK,C,NG-BIOMETHANE,Other,2013,2
SK,C,NG-BIOMETHANE,Other,2014,38
SK,C,NG-BIOMETHANE,Other,2015,108
SK,C,NG-BIOMETHANE,Other,2016,99
SK,C,NG-BIOMETHANE,Other,2017,97
SK,C,NG-BIOMETHANE,Other,2019,70
SK,C,NG-BIOMETHANE,Other,2020,96
SK,C,PETROL,HEV,2019,52
SK,C,PETROL,HEV,2020,180
SK,C,PETROL,HEV,2021,1668
SK,C,PETROL,HEV,2022,4062
SK,C,PETROL,HEV,2023,6783
SK,C,PETROL,Other,2018,17
SK,C,PETROL,Petrol,2010,11941
SK,C,PETROL,Petrol,2011,12927
SK,C,PETROL,Petrol,2012,12806
SK,C,PETROL,Petrol,2013,13713
SK,C,PETROL,Petrol,2014,16095
SK,C,PETROL,Petrol,2015,15881
SK,C,PETROL,Petrol,2016,18391
SK,C,PETROL,Petrol,2017,21271
SK,C,PETROL,Petrol,2018,23814
SK,C,PETROL,Petrol,2019,24616
SK,C,PETROL,Petrol,2020,14730
SK,C,PETROL,Petrol,2021,13031
SK,C,PETROL,Petrol,2022,11194
SK,C,PETROL,Petrol,2023,11463
SK,C,PETROL-ELECTRIC,Other,2015,3
SK,C,PETROL-ELECTRIC,Other,2016,14
SK,C,PETROL/ELECTRIC,Other,2017,52
SK,C,PETROL/ELECTRIC,Other,2018,37
SK,C,PETROL/ELECTRIC,PHEV,2019,13
SK,C,PETROL/ELECTRIC,PHEV,2020,157
SK,C,PETROL/ELECTRIC,PHEV,2021,242
SK,C,PETROL/ELECTRIC,PHEV,2022,253
SK,C,PETROL/ELECTRIC,PHEV,2023,331
SK,D,BIODIESEL,Other,2016,58
SK,D,DIESEL,Diesel,2010,2841
SK,D,DIESEL,Diesel,2011,3299
SK,D,DIESEL,Diesel,2012,3791
SK,D,DIESEL,Diesel,2013,3287
SK,D,DIESEL,Diesel,2014,3289
SK,D,DIESEL,Diesel,2015,3739
SK,D,DIESEL,Diesel,2016,4734
SK,D,DIESEL,Diesel,2017,3816
SK,D,DIESEL,Diesel,2018,3070
SK,D,DIESEL,Diesel,2019,2854
SK,D,DIESEL,Diesel,2020,1910
SK,D,DIESEL,Diesel,2021,1742
SK,D,DIESEL,Diesel,2022,1765
SK,D,DIESEL,Diesel,2023,1852
SK,D,DIESEL,HEV,2020,68
SK,D,DIESEL,HEV,2021,74
SK,D,DIESEL,HEV,2022,141
SK,D,DIESEL,HEV,2023,216
SK,D,DIESEL,Other,2018,49
SK,D,DIESEL-ELECTRIC,Other,2016,2
SK,D,ELECTRIC,BEV,2019,12
SK,D,ELECTRIC,BEV,2020,38
SK,D,ELECTRIC,BEV,2021,27
SK,D,ELECTRIC,BEV,2022,28
SK,D,ELECTRIC,BEV,2023,37
SK,D,LPG,Other,2010,5
SK,D,LPG,Other,2011,3
SK,D,LPG,Other,2012,9
SK,D,LPG,Other,2013,9
SK,D,LPG,Other,2014,14
SK,D,LPG,Other,2015,46
SK,D,LPG,Other,2016,3
SK,D,LPG,Other,2017,49
SK,D,LPG,Other,2018,56
SK,D,LPG,Other,2019,34
SK,D,NG,Other,2018,1
SK,D,NG-BIOMETHANE,Other,2010,1
SK,D,NG-BIOMETHANE,Other,2012,8
SK,D,NG-BIOMETHANE,Other,2013,2
SK,D,NG-BIOMETHANE,Other,2014,2
SK,D,PETROL,HEV,2019,4
SK,D,PETROL,HEV,2020,35
SK,D,PETROL,HEV,2021,49
SK,D,PETROL,HEV,2022,135
SK,D,PETROL,HEV,2023,193
SK,D,PETROL,Other,2018,5
SK,D,PETROL,Petrol,2010,1132
SK,D,PETROL,Petrol,2011,915
SK,D,PETROL,Petrol,2012,772
SK,D,PETROL,Petrol,2013,652
SK,D,PETROL,Petrol,2014,615
SK,D,PETROL,Petrol,2015,627
SK,D,PETROL,Petrol,2016,1171
SK,D,PETROL,Petrol,2017,1366
SK,D,PETROL,Petrol,2018,1556
SK,D,PETROL,Petrol,2019,1638
SK,D,PETROL,Petrol,2020,641
SK,D,PETROL,Petrol,2021,679
SK,D,PETROL,Petrol,2022,871
SK,D,PETROL,Petrol,2023,878
SK,D,PETROL-ELECTRIC,Other,2014,13
SK,D,PETROL-ELECTRIC,Other,2016,7
SK,D,PETROL/ELECTRIC,Other,2017,36
SK,D,PETROL/ELECTRIC,Other,2018,24
SK,D,PETROL/ELECTRIC,PHEV,2019,50
SK,D,PETROL/ELECTRIC,PHEV,2020,270
SK,D,PETROL/ELECTRIC,PHEV,2021,155
SK,D,PETROL/ELECTRIC,PHEV,2022,109
SK,D,PETROL/ELECTRIC,PHEV,2023,233
SK,E,BIODIESEL,Other,2016,1
SK,E,DIESEL,Diesel,2010,403
SK,E,DIESEL,Diesel,2011,609
SK,E,DIESEL,Diesel,2012,1007
SK,E,DIESEL,Diesel,2013,1074
SK,E,DIESEL,Diesel,2014,864
SK,E,DIESEL,Diesel,2015,821
SK,E,DIESEL,Diesel,2016,1191
SK,E,DIESEL,Diesel,2017,1204
SK,E,DIESEL,Diesel,2018,909
SK,E,DIESEL,Diesel,2019,675
SK,E,DIESEL,Diesel,2020,335
SK,E,DIESEL,Diesel,2021,392
SK,E,DIESEL,Diesel,2022,246
SK,E,DIESEL,Diesel,2023,248
SK,E,DIESEL,HEV,2019,6
SK,E,DIESEL,HEV,2020,86
SK,E,DIESEL,HEV,2021,11
SK,E,DIESEL,HEV,2022,77
SK,E,DIESEL,HEV,2023,138
SK,E,ELECTRIC,BEV,2021,3
SK,E,ELECTRIC,BEV,2022,42
SK,E,ELECTRIC,BEV,2023,60
SK,E,HYDROGEN,Other,2021,1
SK,E,HYDROGEN,Other,2022,1
SK,E,HYDROGEN,Other,2023,1
SK,E,LPG,Other,2012,1
SK,E,LPG,Other,2018,9
SK,E,NG-BIOMETHANE,Other,2011,3
SK,E,NG-BIOMETHANE,Other,2012,13
SK,E,NG-BIOMETHANE,Other,2013,6
SK,E,PETROL,HEV,2019,3
SK,E,PETROL,HEV,2020,19
SK,E,PETROL,HEV,2021,136
SK,E,PETROL,HEV,2022,141
SK,E,PETROL,HEV,2023,277
SK,E,PETROL,Other,2017,1
SK,E,PETROL,Petrol,2010,93
SK,E,PETROL,Petrol,2011,165
SK,E,PETROL,Petrol,2012,160
SK,E,PETROL,Petrol,2013,81
SK,E,PETROL,Petrol,2014,97
SK,E,PETROL,Petrol,2015,103
SK,E,PETROL,Petrol,2016,300
SK,E,PETROL,Petrol,2017,933
SK,E,PETROL,Petrol,2018,1357
SK,E,PETROL,Petrol,2019,1756
SK,E,PETROL,Petrol,2020,590
SK,E,PETROL,Petrol,2021,453
SK,E,PETROL,Petrol,2022,408
SK,E,PETROL,Petrol,2023,483
SK,E,PETROL/ELECTRIC,Other,2017,3
SK,E,PETROL/ELECTRIC,Other,2018,10
SK,E,PETROL/ELECTRIC,PHEV,2019,14
SK,E,PETROL/ELECTRIC,PHEV,2020,7
SK,E,PETROL/ELECTRIC,PHEV,2021,12
SK,E,PETROL/ELECTRIC,PHEV,2022,29
SK,E,PETROL/ELECTRIC,PHEV,2023,41
SK,F,DIESEL,Diesel,2010,404
SK,F,DIESEL,Diesel,2011,313
SK,F,DIESEL,Diesel,2012,553
SK,F,DIESEL,Diesel,2013,592
SK,F,DIESEL,Diesel,2014,479
SK,F,DIESEL,Diesel,2015,417
SK,F,DIESEL,Diesel,2016,346
SK,F,DIESEL,Diesel,2017,373
SK,F,DIESEL,Diesel,2018,380
SK,F,DIESEL,Diesel,2019,387
SK,F,DIESEL,Diesel,2020,172
SK,F,DIESEL,Diesel,2021,181
SK,F,DIESEL,Diesel,2022,140
SK,F,DIESEL,Diesel,2023,106
SK,F,DIESEL,HEV,2019,2
SK,F,DIESEL,HEV,2020,11
SK,F,DIESEL,HEV,2021,27
SK,F,DIESEL,HEV,2022,23
SK,F,DIESEL,HEV,2023,93
SK,F,ELECTRIC,BEV,2020,39
SK,F,ELECTRIC,BEV,2021,27
SK,F,ELECTRIC,BEV,2022,33
SK,F,ELECTRIC,BEV,2023,65
SK,F,LPG,Other,2010,1
SK,F,LPG,Other,2012,1
SK,F,LPG,Other,2014,1
SK,F,PETROL,HEV,2019,5
SK,F,PETROL,HEV,2020,23
SK,F,PETROL,HEV,2021,19
SK,F,PETROL,HEV,2022,38
SK,F,PETROL,HEV,2023,127
SK,F,PETROL,Petrol,2010,876
SK,F,PETROL,Petrol,2011,419
SK,F,PETROL,Petrol,2012,463
SK,F,PETROL,Petrol,2013,358
SK,F,PETROL,Petrol,2014,368
SK,F,PETROL,Petrol,2015,548
SK,F,PETROL,Petrol,2016,748
SK,F,PETROL,Petrol,2017,788
SK,F,PETROL,Petrol,2018,546
SK,F,PETROL,Petrol,2019,725
SK,F,PETROL,Petrol,2020,378
SK,F,PETROL,Petrol,2021,753
SK,F,PETROL,Petrol,2022,949
SK,F,PETROL,Petrol,2023,750
SK,F,PETROL-ELECTRIC,Other,2014,1
SK,F,PETROL-ELECTRIC,Other,2016,1
SK,F,PETROL/ELECTRIC,Other,2017,1
SK,F,PETROL/ELECTRIC,Other,2018,6
SK,F,PETROL/ELECTRIC,PHEV,2019,3
SK,F,PETROL/ELECTRIC,PHEV,2020,3
SK,F,PETROL/ELECTRIC,PHEV,2021,2
SK,F,PETROL/ELECTRIC,PHEV,2022,1
SK,F,PETROL/ELECTRIC,PHEV,2023,14
SK,JA,DIESEL,Diesel,2010,525
SK,JA,DIESEL,Diesel,2011,427
SK,JA,DIESEL,Diesel,2012,485
SK,JA,DIESEL,Diesel,2013,463
SK,JA,DIESEL,Diesel,2014,506
SK,JA,DIESEL,Diesel,2015,555
SK,JA,DIESEL,Diesel,2016,634
SK,JA,DIESEL,Diesel,2017,617
SK,JA,DIESEL,Diesel,2018,23
SK,JA,DIESEL,Diesel,2019,584
SK,JA,DIESEL,Diesel,2020,591
SK,JA,DIESEL,Diesel,2021,295
SK,JA,DIESEL,Diesel,2022,150
SK,JA,DIESEL,Diesel,2023,47
SK,JA,DIESEL,Other,2018,682
SK,JA,ELECTRIC,BEV,2022,4
SK,JA,ELECTRIC,BEV,2023,18
SK,JA,LPG,Other,2018,1
SK,JA,LPG,Other,2022,3
SK,JA,NG,Other,2021,10
SK,JA,NG,Other,2022,8
SK,JA,NG-BIOMETHANE,Other,2020,10
SK,JA,PETROL,HEV,2022,554
SK,JA,PETROL,HEV,2023,429
SK,JA,PETROL,Petrol,2010,59
SK,JA,PETROL,Petrol,2011,24
SK,JA,PETROL,Petrol,2012,12
SK,JA,PETROL,Petrol,2013,31
SK,JA,PETROL,Petrol,2014,37
SK,JA,PETROL,Petrol,2015,34
SK,JA,PETROL,Petrol,2016,114
SK,JA,PETROL,Petrol,2017,726
SK,JA,PETROL,Petrol,2018,804
SK,JA,PETROL,Petrol,2019,1304
SK,JA,PETROL,Petrol,2020,2712
SK,JA,PETROL,Petrol,2021,3090
SK,JA,PETROL,Petrol,2022,2048
SK,JA,PETROL,Petrol,2023,2681
SK,JB,DIESEL,Diesel,2010,438
SK,JB,DIESEL,Diesel,2011,905
SK,JB,DIESEL,Diesel,2012,1210
SK,JB,DIESEL,Diesel,2013,1273
SK,JB,DIESEL,Diesel,2014,1690
SK,JB,DIESEL,Diesel,2015,2000
SK,JB,DIESEL,Diesel,2016,1959
SK,JB,DIESEL,Diesel,2017,1744
SK,JB,DIESEL,Diesel,2018,2001
SK,JB,DIESEL,Diesel,2019,2047
SK,JB,DIESEL,Diesel,2020,1801
SK,JB,DIESEL,Diesel,2021,1617
SK,JB,DIESEL,Diesel,2022,1591
SK,JB,DIESEL,Diesel,2023,1731
SK,JB,DIESEL,Other,2018,321
SK,JB,E85,Other,2011,11
SK,JB,E85,Other,2012,138
SK,JB,E85,Other,2013,18
SK,JB,ELECTRIC,BEV,2016,4
SK,JB,ELECTRIC,BEV,2017,28
SK,JB,ELECTRIC,BEV,2019,31
SK,JB,ELECTRIC,BEV,2020,98
SK,JB,ELECTRIC,BEV,2021,151
SK,JB,ELECTRIC,BEV,2022,214
SK,JB,ELECTRIC,BEV,2023,315
SK,JB,ELECTRIC,Other,2011,11
SK,JB,ELECTRIC,Other,2012,1
SK,JB,ELECTRIC,Other,2014,1
SK,JB,ELECTRIC,Other,2018,24
SK,JB,LPG,Other,2010,1
SK,JB,LPG,Other,2011,2
SK,JB,LPG,Other,2012,39
SK,JB,LPG,Other,2013,102
SK,JB,LPG,Other,2014,125
SK,JB,LPG,Other,2015,114
SK,JB,LPG,Other,2016,33
SK,JB,LPG,Other,2017,120
SK,JB,LPG,Other,2018,133
SK,JB,LPG,Other,2019,140
SK,JB,LPG,Other,2020,327
SK,JB,LPG,Other,2021,535
SK,JB,LPG,Other,2022,580
SK,JB,LPG,Other,2023,565
SK,JB,NG,Other,2021,1
SK,JB,NG,Other,2022,1
SK,JB,NG-BIOMETHANE,Other,2019,4
SK,JB,NG-BIOMETHANE,Other,2020,4
SK,JB,PETROL,HEV,2020,66
SK,JB,PETROL,HEV,2021,243
SK,JB,PETROL,HEV,2022,2634
SK,JB,PETROL,HEV,2023,3333
SK,JB,PETROL,Other,2018,12
SK,JB,PETROL,Petrol,2010,399
SK,JB,PETROL,Petrol,2011,886
SK,JB,PETROL,Petrol,2012,679
SK,JB,PETROL,Petrol,2013,1070
SK,JB,PETROL,Petrol,2014,1674
SK,JB,PETROL,Petrol,2015,3367
SK,JB,PETROL,Petrol,2016,5401
SK,JB,PETROL,Petrol,2017,6481
SK,JB,PETROL,Petrol,2018,10217
SK,JB,PETROL,Petrol,2019,12330
SK,JB,PETROL,Petrol,2020,7649
SK,JB,PETROL,Petrol,2021,8738
SK,JB,PETROL,Petrol,2022,8068
SK,JB,PETROL,Petrol,2023,7954
SK,JB,PETROL/ELECTRIC,Other,2017,13
SK,JB,PETROL/ELECTRIC,Other,2018,19
SK,JB,PETROL/ELECTRIC,PHEV,2019,6
SK,JB,PETROL/ELECTRIC,PHEV,2020,67
SK,JB,PETROL/ELECTRIC,PHEV,2021,77
SK,JB,PETROL/ELECTRIC,PHEV,2022,49
SK,JB,PETROL/ELECTRIC,PHEV,2023,69
SK,JC,BIODIESEL,Other,2011,1
SK,JC,DIESEL,Diesel,2010,2766
SK,JC,DIESEL,Diesel,2011,4346
SK,JC,DIESEL,Diesel,2012,4902
SK,JC,DIESEL,Diesel,2013,4147
SK,JC,DIESEL,Diesel,2014,4348
SK,JC,DIESEL,Diesel,2015,4554
SK,JC,DIESEL,Diesel,2016,5261
SK,JC,DIESEL,Diesel,2017,6350
SK,JC,DIESEL,Diesel,2018,5234
SK,JC,DIESEL,Diesel,2019,4620
SK,JC,DIESEL,Diesel,2020,3231
SK,JC,DIESEL,Diesel,2021,2949
SK,JC,DIESEL,Diesel,2022,2109
SK,JC,DIESEL,Diesel,2023,2260
SK,JC,DIESEL,HEV,2020,118
SK,JC,DIESEL,HEV,2021,160
SK,JC,DIESEL,HEV,2022,664
SK,JC,DIESEL,HEV,2023,813
SK,JC,DIESEL,Other,2018,441
SK,JC,DIESEL/ELECTRIC,PHEV,2019,1
SK,JC,ELECTRIC,BEV,2019,13
SK,JC,ELECTRIC,BEV,2020,110
SK,JC,ELECTRIC,BEV,2021,444
SK,JC,ELECTRIC,BEV,2022,554
SK,JC,ELECTRIC,BEV,2023,875
SK,JC,LPG,Other,2010,3
SK,JC,LPG,Other,2011,3
SK,JC,LPG,Other,2012,4
SK,JC,LPG,Other,2013,3
SK,JC,LPG,Other,2014,3
SK,JC,LPG,Other,2015,6
SK,JC,LPG,Other,2016,5
SK,JC,LPG,Other,2018,7
SK,JC,LPG,Other,2019,3
SK,JC,LPG,Other,2021,2
SK,JC,LPG,Other,2022,3
SK,JC,LPG,Other,2023,1
SK,JC,PETROL,HEV,2019,116
SK,JC,PETROL,HEV,2020,175
SK,JC,PETROL,HEV,2021,1736
SK,JC,PETROL,HEV,2022,3288
SK,JC,PETROL,HEV,2023,5904
SK,JC,PETROL,Other,2018,1
SK,JC,PETROL,Petrol,2010,1216
SK,JC,PETROL,Petrol,2011,1270
SK,JC,PETROL,Petrol,2012,1400
SK,JC,PETROL,Petrol,2013,1443
SK,JC,PETROL,Petrol,2014,2060
SK,JC,PETROL,Petrol,2015,2623
SK,JC,PETROL,Petrol,2016,4196
SK,JC,PETROL,Petrol,2017,6118
SK,JC,PETROL,Petrol,2018,7511
SK,JC,PETROL,Petrol,2019,9206
SK,JC,PETROL,Petrol,2020,6048
SK,JC,PETROL,Petrol,2021,6668
SK,JC,PETROL,Petrol,2022,7227
SK,JC,PETROL,Petrol,2023,5293
SK,JC,PETROL/ELECTRIC,Other,2017,76
SK,JC,PETROL/ELECTRIC,Other,2018,33
SK,JC,PETROL/ELECTRIC,PHEV,2019,9
SK,JC,PETROL/ELECTRIC,PHEV,2020,160
SK,JC,PETROL/ELECTRIC,PHEV,2021,196
SK,JC,PETROL/ELECTRIC,PHEV,2022,449
SK,JC,PETROL/ELECTRIC,PHEV,2023,673
SK,JD,DIESEL,Diesel,2010,1843
SK,JD,DIESEL,Diesel,2011,2306
SK,JD,DIESEL,Diesel,2012,2033
SK,JD,DIESEL,Diesel,2013,2108
SK,JD,DIESEL,Diesel,2014,2385
SK,JD,DIESEL,Diesel,2015,3251
SK,JD,DIESEL,Diesel,2016,2798
SK,JD,DIESEL,Diesel,2017,2590
SK,JD,DIESEL,Diesel,2018,2135
SK,JD,DIESEL,Diesel,2019,2132
SK,JD,DIESEL,Diesel,2020,1206
SK,JD,DIESEL,Diesel,2021,1223
SK,JD,DIESEL,Diesel,2022,673
SK,JD,DIESEL,Diesel,2023,1049
SK,JD,DIESEL,HEV,2019,7
SK,JD,DIESEL,HEV,2020,242
SK,JD,DIESEL,HEV,2021,241
SK,JD,DIESEL,HEV,2022,678
SK,JD,DIESEL,HEV,2023,1002
SK,JD,DIESEL,Other,2018,8
SK,JD,DIESEL-ELECTRIC,Other,2016,2
SK,JD,DIESEL/ELECTRIC,Other,2017,5
SK,JD,DIESEL/ELECTRIC,Other,2018,2
SK,JD,DIESEL/ELECTRIC,PHEV,2020,23
SK,JD,DIESEL/ELECTRIC,PHEV,2021,46
SK,JD,DIESEL/ELECTRIC,PHEV,2022,29
SK,JD,DIESEL/ELECTRIC,PHEV,2023,50
SK,JD,E85,Other,2015,3
SK,JD,ELECTRIC,BEV,2021,12
SK,JD,ELECTRIC,BEV,2022,16
SK,JD,ELECTRIC,BEV,2023,37
SK,JD,LPG,Other,2010,1
SK,JD,LPG,Other,2011,2
SK,JD,LPG,Other,2012,6
SK,JD,LPG,Other,2013,5
SK,JD,LPG,Other,2014,12
SK,JD,LPG,Other,2015,9
SK,JD,LPG,Other,2016,8
SK,JD,LPG,Other,2018,16
SK,JD,LPG,Other,2019,1
SK,JD,PETROL,HEV,2019,45
SK,JD,PETROL,HEV,2020,108
SK,JD,PETROL,HEV,2021,1234
SK,JD,PETROL,HEV,2022,1503
SK,JD,PETROL,HEV,2023,1470
SK,JD,PETROL,Other,2015,4
SK,JD,PETROL,Other,2018,2
SK,JD,PETROL,Petrol,2010,600
SK,JD,PETROL,Petrol,2011,481
SK,JD,PETROL,Petrol,2012,393
SK,JD,PETROL,Petrol,2013,497
SK,JD,PETROL,Petrol,2014,543
SK,JD,PETROL,Petrol,2015,659
SK,JD,PETROL,Petrol,2016,1005
SK,JD,PETROL,Petrol,2017,1515
SK,JD,PETROL,Petrol,2018,1557
SK,JD,PETROL,Petrol,2019,2059
SK,JD,PETROL,Petrol,2020,1724
SK,JD,PETROL,Petrol,2021,831
SK,JD,PETROL,Petrol,2022,1075
SK,JD,PETROL,Petrol,2023,879
SK,JD,PETROL-ELECTRIC,Other,2014,1
SK,JD,PETROL-ELECTRIC,Other,2015,10
SK,JD,PETROL-ELECTRIC,Other,2016,25
SK,JD,PETROL/ELECTRIC,Other,2017,75
SK,JD,PETROL/ELECTRIC,Other,2018,49
SK,JD,PETROL/ELECTRIC,PHEV,2019,41
SK,JD,PETROL/ELECTRIC,PHEV,2020,91
SK,JD,PETROL/ELECTRIC,PHEV,2021,116
SK,JD,PETROL/ELECTRIC,PHEV,2022,373
SK,JD,PETROL/ELECTRIC,PHEV,2023,558
SK,JE,DIESEL,Diesel,2010,637
SK,JE,DIESEL,Diesel,2011,723
SK,JE,DIESEL,Diesel,2012,417
SK,JE,DIESEL,Diesel,2013,375
SK,JE,DIESEL,Diesel,2014,476
SK,JE,DIESEL,Diesel,2015,868
SK,JE,DIESEL,Diesel,2016,1222
SK,JE,DIESEL,Diesel,2017,1436
SK,JE,DIESEL,Diesel,2018,1012
SK,JE,DIESEL,Diesel,2019,884
SK,JE,DIESEL,Diesel,2020,690
SK,JE,DIESEL,Diesel,2021,524
SK,JE,DIESEL,Diesel,2022,278
SK,JE,DIESEL,Diesel,2023,192
SK,JE,DIESEL,HEV,2019,9
SK,JE,DIESEL,HEV,2020,158
SK,JE,DIESEL,HEV,2021,420
SK,JE,DIESEL,HEV,2022,549
SK,JE,DIESEL,HEV,2023,759
SK,JE,DIESEL/ELECTRIC,PHEV,2020,26
SK,JE,DIESEL/ELECTRIC,PHEV,2021,94
SK,JE,DIESEL/ELECTRIC,PHEV,2022,90
SK,JE,DIESEL/ELECTRIC,PHEV,2023,74
SK,JE,ELECTRIC,BEV,2019,1
SK,JE,ELECTRIC,BEV,2021,16
SK,JE,ELECTRIC,BEV,2022,26
SK,JE,ELECTRIC,BEV,2023,71
SK,JE,PETROL,HEV,2019,6
SK,JE,PETROL,HEV,2020,136
SK,JE,PETROL,HEV,2021,469
SK,JE,PETROL,HEV,2022,600
SK,JE,PETROL,HEV,2023,540
SK,JE,PETROL,Petrol,2010,109
SK,JE,PETROL,Petrol,2011,92
SK,JE,PETROL,Petrol,2012,64
SK,JE,PETROL,Petrol,2013,33
SK,JE,PETROL,Petrol,2014,30
SK,JE,PETROL,Petrol,2015,73
SK,JE,PETROL,Petrol,2016,167
SK,JE,PETROL,Petrol,2017,163
SK,JE,PETROL,Petrol,2018,220
SK,JE,PETROL,Petrol,2019,407
SK,JE,PETROL,Petrol,2020,257
SK,JE,PETROL,Petrol,2021,275
SK,JE,PETROL,Petrol,2022,326
SK,JE,PETROL,Petrol,2023,187
SK,JE,PETROL-ELECTRIC,Other,2015,2
SK,JE,PETROL-ELECTRIC,Other,2016,10
SK,JE,PETROL/ELECTRIC,Other,2017,36
SK,JE,PETROL/ELECTRIC,Other,2018,6
SK,JE,PETROL/ELECTRIC,PHEV,2019,30
SK,JE,PETROL/ELECTRIC,PHEV,2020,96
SK,JE,PETROL/ELECTRIC,PHEV,2021,75
SK,JE,PETROL/ELECTRIC,PHEV,2022,103
SK,JE,PETROL/ELECTRIC,PHEV,2023,154
SK,JF,BIODIESEL,Other,2016,3
SK,JF,DIESEL,Diesel,2010,220
SK,JF,DIESEL,Diesel,2011,221
SK,JF,DIESEL,Diesel,2012,265
SK,JF,DIESEL,Diesel,2013,264
SK,JF,DIESEL,Diesel,2014,295
SK,JF,DIESEL,Diesel,2015,267
SK,JF,DIESEL,Diesel,2016,316
SK,JF,DIESEL,Diesel,2017,554
SK,JF,DIESEL,Diesel,2018,363
SK,JF,DIESEL,Diesel,2019,353
SK,JF,DIESEL,Diesel,2020,340
SK,JF,DIESEL,Diesel,2021,333
SK,JF,DIESEL,Diesel,2022,249
SK,JF,DIESEL,Diesel,2023,332
SK,JF,DIESEL,HEV,2020,8
SK,JF,DIESEL,HEV,2021,81
SK,JF,DIESEL,HEV,2022,201
SK,JF,DIESEL,HEV,2023,301
SK,JF,DIESEL,Other,2018,13
SK,JF,DIESEL-ELECTRIC,Other,2015,1
SK,JF,ELECTRIC,BEV,2020,7
SK,JF,ELECTRIC,BEV,2021,31
SK,JF,ELECTRIC,BEV,2022,8
SK,JF,ELECTRIC,BEV,2023,3
SK,JF,PETROL,HEV,2020,12
SK,JF,PETROL,HEV,2021,84
SK,JF,PETROL,HEV,2022,92
SK,JF,PETROL,HEV,2023,82
SK,JF,PETROL,Petrol,2010,11
SK,JF,PETROL,Petrol,2011,17
SK,JF,PETROL,Petrol,2012,18
SK,JF,PETROL,Petrol,2013,23
SK,JF,PETROL,Petrol,2014,16
SK,JF,PETROL,Petrol,2015,7
SK,JF,PETROL,Petrol,2016,39
SK,JF,PETROL,Petrol,2017,133
SK,JF,PETROL,Petrol,2018,65
SK,JF,PETROL,Petrol,2019,89
SK,JF,PETROL,Petrol,2020,79
SK,JF,PETROL,Petrol,2021,46
SK,JF,PETROL,Petrol,2022,24
SK,JF,PETROL,Petrol,2023,29
SK,JF,PETROL/ELECTRIC,Other,2018,3
SK,JF,PETROL/ELECTRIC,PHEV,2019,9
SK,JF,PETROL/ELECTRIC,PHEV,2020,34
SK,JF,PETROL/ELECTRIC,PHEV,2021,13
SK,JF,PETROL/ELECTRIC,PHEV,2022,11
SK,JF,PETROL/ELECTRIC,PHEV,2023,8
SK,V,BIODIESEL,Other,2015,1
SK,V,BIODIESEL,Other,2016,95
SK,V,DIESEL,Diesel,2010,1053
SK,V,DIESEL,Diesel,2011,1421
SK,V,DIESEL,Diesel,2012,1298
SK,V,DIESEL,Diesel,2013,1310
SK,V,DIESEL,Diesel,2014,1440
SK,V,DIESEL,Diesel,2015,1826
SK,V,DIESEL,Diesel,2016,2149
SK,V,DIESEL,Diesel,2017,2669
SK,V,DIESEL,Diesel,2018,1228
SK,V,DIESEL,Diesel,2019,3029
SK,V,DIESEL,Diesel,2020,2359
SK,V,DIESEL,Diesel,2021,1904
SK,V,DIESEL,Diesel,2022,2185
SK,V,DIESEL,Diesel,2023,2339
SK,V,DIESEL,HEV,2020,11
SK,V,DIESEL,HEV,2021,37
SK,V,DIESEL,HEV,2022,14
SK,V,DIESEL,Other,2018,1572
SK,V,DIESEL/ELECTRIC,PHEV,2019,1
SK,V,ELECTRIC,BEV,2020,3
SK,V,ELECTRIC,BEV,2021,15
SK,V,ELECTRIC,BEV,2022,46
SK,V,ELECTRIC,BEV,2023,95
SK,V,LPG,Other,2013,1
SK,V,LPG,Other,2016,1
SK,V,NG,Other,2018,4
SK,V,NG,Other,2019,23
SK,V,NG,Other,2020,59
SK,V,NG,Other,2023,31
SK,V,NG-BIOMETHANE,Other,2010,33
SK,V,NG-BIOMETHANE,Other,2011,17
SK,V,NG-BIOMETHANE,Other,2012,3
SK,V,NG-BIOMETHANE,Other,2013,2
SK,V,NG-BIOMETHANE,Other,2014,5
SK,V,NG-BIOMETHANE,Other,2015,6
SK,V,NG-BIOMETHANE,Other,2016,7
SK,V,NG-BIOMETHANE,Other,2017,2
SK,V,NG-BIOMETHANE,Other,2019,26
SK,V,PETROL,HEV,2021,5
SK,V,PETROL,HEV,2022,58
SK,V,PETROL,HEV,2023,48
SK,V,PETROL,Petrol,2010,26
SK,V,PETROL,Petrol,2011,21
SK,V,PETROL,Petrol,2012,15
SK,V,PETROL,Petrol,2013,38
SK,V,PETROL,Petrol,2014,28
SK,V,PETROL,Petrol,2015,41
SK,V,PETROL,Petrol,2016,70
SK,V,PETROL,Petrol,2017,92
SK,V,PETROL,Petrol,2018,159
SK,V,PETROL,Petrol,2019,413
SK,V,PETROL,Petrol,2020,394
SK,V,PETROL,Petrol,2021,427
SK,V,PETROL,Petrol,2022,374
SK,V,PETROL,Petrol,2023,299
SK,V,PETROL/ELECTRIC,PHEV,2022,3
SK,V,PETROL/ELECTRIC,PHEV,2023,16
